nct_id,brief_title,sponsor_name,phase,overall_status,start_date,completion_date,enrollment_count,interventions
NCT03816774,Effect of Adding Simethicone to Split-dose Polyethylene Glycol for Bowel Preparation in a Screening Colonoscopy Setting,"Portuguese Oncology Institute, Coimbra",NA,COMPLETED,2019-06-15,2022-09-17,412.0,PEG split-dose and simethicone
NCT04169074,Immune Modulation by Abemaciclib in Head and Neck Squamous Cell Carcinoma (HNSCC). (AIM Trial),University of Arizona,PHASE2,TERMINATED,2021-07-07,2025-01-13,7.0,Abemaciclib
NCT03983174,Drainage Seton With Flap Versus EAS Preserving Seton in Treatment of Transsphincteric Anal Fistula,Mansoura University,NA,COMPLETED,2017-01-01,2019-04-30,100.0,Drainage seton with flap; EAS sparing seton
NCT00898118,Studying Blood Samples in Young Patients With Cytopenia After a Donor Stem Cell Transplant,European Working Group of MDS in Childhood,N/A,UNKNOWN,2007-04,,125.0,polymerase chain reaction; flow cytometry; laboratory biomarker analysis; allogeneic hematopoietic stem cell transplantation
NCT01414790,The Use of Human Acellular Dermal Matrix to Improve Infraauricular Depressed Deformities and Frey's Syndrome,West China Hospital,PHASE3,COMPLETED,2004-01,2011-01,70.0,ADM
NCT07133997,Recombinant Erwinia Asparaginase and Venetoclax in Combination With Blinatumomab for the Treatment of Relapsed or Refractory CD19 Positive B-cell Acute Lymphoblastic Leukemia,City of Hope Medical Center,PHASE1,RECRUITING,2026-05-20,2028-06-01,26.0,Asparaginase Erwinia chrysanthemi; Biospecimen Collection; Blinatumomab; Bone Marrow Aspiration; Bone Marrow Biopsy; Cyclophosphamide; Echocardiography Test; Lumbar Puncture; Multigated Acquisition Scan; Venetoclax; Vincristine
NCT05038397,"A Study to Evaluate Efficacy and Safety of TheraSphere and Resection Combination Therapy in Patients With Single Large ((> 5cm, Long Diameter ) Hepatocellular Carcinoma : Exploratory Trial",MedicalExcellence,NA,COMPLETED,2018-01-30,2021-06-02,30.0,Theraspere
NCT02197897,Evaluation the Treatment of Tamoxifen of Low/Intermediate Risk Bladder Tumors,Baylor College of Medicine,PHASE2,COMPLETED,2015-04-01,2019-06-28,15.0,Tamoxifen Citrate
NCT04624113,"Tazemetostat and Pembrolizumab in Patients With Pembrolizumab- or Nivolumab-Resistant, Recurrent or Metastatic Head and Neck Squamous-Cell Carcinoma",Washington University School of Medicine,PHASE1,TERMINATED,2021-04-14,2024-02-17,13.0,Tazemetostat; Pembrolizumab
NCT02424513,A Study of Positron Emission Tomography (PET) With [89]Zr-Df-IAb2M in Patients With High-risk Prostate Cancer,"ImaginAb, Inc.",PHASE2,WITHDRAWN,2015-03,2016-03,0.0,[89Zr]Df-IAB2M
NCT04817813,"Long-term Outcomes After Breast Cancer Liver Metastasis Surgery: an European, Retrospective, Snapshot Study",Hospital Miguel Servet,N/A,UNKNOWN,2021-03-15,2021-07-31,300.0,
NCT05950113,CART-BCMA/CS1 in Treating Patients With Relapsed or Refractory Multiple Myeloma,Jonsson Comprehensive Cancer Center,PHASE1,WITHDRAWN,2024-03-28,2028-03-28,0.0,Bone Marrow Aspiration; Bone Marrow Biopsy; Computed Tomography; Cyclophosphamide; Echocardiography; Fludarabine; Fludeoxyglucose F-18; Immunotherapy; Leukapheresis; Magnetic Resonance Imaging; Positron Emission Tomography
NCT04769713,Hepatic Hilar Nerve Block Versus Sham in Pain Control During Liver Ablation and TACE Procedures,McGill University Health Centre/Research Institute of the McGill University Health Centre,PHASE4,UNKNOWN,2021-11-23,2023-09-30,80.0,Hepatic Hilar Nerve Block Needle placement; Injection of Ropivacaine in the hepatic hilum for the hepatic hilar nerve block; Injection of normal saline in the hepatic hilum for the sham procedure
NCT00603460,DCVax-L Vaccination With CD3/CD28 Costimulated Autologous T-Cells for Recurrent Ovarian or Primary Peritoneal Cancer,University of Pennsylvania,PHASE1,WITHDRAWN,2012-01,2013-03,0.0,DCVax-L and T Cells
NCT00504660,"6-TG, Capecitabine and Celecoxib Plus TMZ or CCNU for Anaplastic Glioma Patients",M.D. Anderson Cancer Center,PHASE2,COMPLETED,2003-09,2010-08,75.0,Capecitabine; Celecoxib (Celebrex); Temozolomide; Lomustine; 6-Thioguanine
NCT03158220,Immunogenicity and Tolerability of Broad Spectrum Human Papillomavirus (HPV) Vaccine in Adult and Young Adult Women (V503-004),Merck Sharp & Dohme LLC,PHASE3,COMPLETED,2017-09-20,2018-11-19,1212.0,V503
NCT06511882,Discontinuation of Hypomethylating Agent and Venetoclax in Patients With AML MRD,H. Lee Moffitt Cancer Center and Research Institute,PHASE2,RECRUITING,2024-11-07,2028-08,37.0,Azacitidine; Decitabine; Venetoclax
NCT02370082,SAVI SCOUT Clinical Evaluation Study,"Cianna Medical, Inc.",NA,UNKNOWN,2015-02,2015-08,150.0,Localization of breast lesion
NCT00693082,Polycystic Ovarian Syndrome: Impact of Flaxseed Supplementation,Duke University,PHASE2,TERMINATED,2007-08,2009-06,4.0,flaxseed
NCT00448682,Combination Chemotherapy as First-Line Therapy in Treating Patients With Stage IV Gastric Cancer That Cannot Be Removed By Surgery,University of Miami,PHASE2,TERMINATED,2005-06,2010-03,25.0,Docetaxel; Floxuridine; Leucovorin; Oxaliplatin
NCT00026182,Rituximab and Interleukin-12 in Treating Patients With B-Cell Non-Hodgkin's Lymphoma,National Cancer Institute (NCI),PHASE2,COMPLETED,2001-10,,99.0,rituximab; recombinant interleukin-12; laboratory biomarker analysis; questionnaire administration; quality-of-life assessment
NCT02929082,Interest of elastoFRM With Force Measure by MRI on Patients With Hepatocellular Cancer,Assistance Publique - Hôpitaux de Paris,NA,COMPLETED,2018-01-23,2021-09-30,97.0,IRM with a 5-minute- additional sequence to measure FRM
NCT00813124,Azacitidine After Allo Blood And Marrow Transplantation (BMT) for Chronic Myelogenous Leukemia (CML),M.D. Anderson Cancer Center,PHASE2,COMPLETED,2008-12,2014-09,24.0,Fludarabine; Busulfan; Thymoglobulin; Azacitidine; Stem Cell Transplant
NCT01659424,Phase II Trial of Preoperative High-dose-rate Endorectal Brachytherapy and FOLFOX Chemotherapy for Rectal Cancer,Beth Israel Medical Center,PHASE2,WITHDRAWN,2011-06,2014-11,0.0,High Dose Rate Endorectal Brachytherapy (HDR-ERBT)
NCT04109924,"TAS-102, Irinotecan, and Bevacizumab for the Treatment of Pre-treated Metastatic or Unresectable Colorectal Cancer, the TABAsCO Study",Roswell Park Cancer Institute,PHASE2,COMPLETED,2019-12-27,2024-09-05,42.0,Irinotecan; Bevacizumab; Trifluridine and Tipiracil Hydrochloride
NCT04144023,A Vaccine (H2NVAC) Before Surgery for the Treatment of HER2-Expressing Ductal Carcinoma In Situ,Mayo Clinic,PHASE1,RECRUITING,2019-06-27,2027-12-31,43.0,Granulocyte-Macrophage Colony-Stimulating Factor; Multi-epitope HER2 Peptide Vaccine H2NVAC; Therapeutic Conventional Surgery; Echocardiography Test; Biospecimen Collection; Biopsy Procedure
NCT02712723,"Letrozole Plus Ribociclib or Placebo as Neo-adjuvant Therapy in ER-positive, HER2-negative Early Breast Cancer",Qamar Khan,PHASE2,ACTIVE_NOT_RECRUITING,2016-02,2026-12,121.0,Letrozole; Ribociclib; Placebo
NCT04295759,INCB7839 in Treating Children With Recurrent/Progressive High-Grade Gliomas,Pediatric Brain Tumor Consortium,PHASE1,COMPLETED,2020-07-27,2024-12-01,13.0,INCB7839
NCT02116959,Alternating Systemic Chemotherapy and Intra-Arterial Melphalan (IAM) Chemotherapy in Children With Intra-Ocular Retinoblastoma,"University of California, San Francisco",PHASE1,TERMINATED,2014-07-23,2019-05-25,6.0,Melphalan; Carboplatin; Etoposide; Vincristine
NCT07019259,Light Therapy for Chemotherapy Induced Peripheral Neuropathy in Childhood Cancer Survivors,Yale University,NA,RECRUITING,2025-06-30,2027-04,20.0,Anodyne Therapy System
NCT04540159,Immune Checkpoints in Intraabdominal Ascites Fluid,Istanbul Training and Research Hospital,N/A,COMPLETED,2022-01-01,2022-12-01,50.0,Flow-cytometric analysis
NCT06331559,Study of SIM0501 Alone and in Combination in Patients With Advanced Solid Tumors,"Jiangsu Simcere Pharmaceutical Co., Ltd.",PHASE1,TERMINATED,2024-03-19,2025-09-17,13.0,SIM0501 Tablets; SIM0501 Tablets; SIM0501 in combination with olaparib; SIM0501 in combination with olaparib
NCT04757259,Expanded Access Program for Participants Who Completed Study 13-601 and Continue to Clinically Benefit From Cerdulatinib,"Alexion Pharmaceuticals, Inc.",N/A,NO_LONGER_AVAILABLE,,,,cerdulatinib
NCT05563480,TQB2618 Injection Combined With Penpulimab Injection in the Treatment of Patients With Recurrent/Metastatic Nasopharyngeal Carcinoma,"Chia Tai Tianqing Pharmaceutical Group Co., Ltd.",PHASE2,COMPLETED,2022-10-27,2025-05-28,47.0,"TQB2618 Injection, Pempulimab Injection, Cisplatin Injection, Gemcitabine Hydrochloride Injection; TQB2618 injection; Penpulimab injection"
NCT02421380,Characterization of Hyperpolarized Pyruvate MRI Reproducibility,Memorial Sloan Kettering Cancer Center,NA,RECRUITING,2015-04,2027-04,109.0,Hyperpolarized Pyruvate
NCT00167180,Post Transplant Donor Lymphocyte Infusion,"Masonic Cancer Center, University of Minnesota",PHASE2,TERMINATED,2004-01,2018-12-24,57.0,Donor Lymphocyte Infusion; Induction Chemotherapy
NCT00006480,Biological Therapy and Gene Therapy in Treating Children With Recurrent or Refractory Neuroblastoma,Fred Hutchinson Cancer Center,PHASE1,COMPLETED,2000-05,2005-03,,aldesleukin; therapeutic autologous lymphocytes; chemotherapy; ganciclovir
NCT07247279,Epidemiological Study of Treatment Approaches in AChR-Antibody Positive Generalized Myasthenia Gravis in Russia,AstraZeneca,N/A,RECRUITING,2025-12-23,2029-12-31,450.0,
NCT04229979,Galinpepimut-S Versus Investigator's Choice of Best Available Therapy for Maintenance in AML CR2/CRp2,Sellas Life Sciences Group,PHASE3,ACTIVE_NOT_RECRUITING,2021-02-08,2026-12,127.0,Galinpepimut-S; Azacitidine; Venetoclax; Decitabine; Cytarabine; Observation; GM-CSF; Montanide
NCT00058396,Monoclonal Antibody in Treating Patients With Relapsed or Refractory Chronic Lymphocytic Leukemia or Small Lymphocytic Lymphoma,Memorial Sloan Kettering Cancer Center,PHASE1,COMPLETED,2002-10,,,lumiliximab
NCT05162196,The Efficacy and Safety of Radiotherapy Plus Niraparib and Toripalimab in Patients With Recurrent Small Cell Lung Cancer,Wuhan University,PHASE2,UNKNOWN,2022-06,2024-12,57.0,SBRT; Toripalimab; Niraparib
NCT01054196,Lenalidomide Plus Melphalan as a Preparative Regimen for Autologous Stem Cell Transplantation in Relapsed Multiple Myeloma: A Phase 1 / 2 Study,Weill Medical College of Cornell University,PHASE1,ACTIVE_NOT_RECRUITING,2010-08,2026-12,52.0,lenalidomide; melphalan
NCT02608346,Circulating Tumor DNA and Follow-up of BRCA1 Mutation Carriers (CirCa 01),Institut Curie,NA,COMPLETED,2014-11,2021-12-29,200.0,Blood sampling
NCT00397046,A Study Of The Safety And Tolerability Of HKI-272 Administered Orally To Japanese Subjects With Advanced Solid Tumors,"Puma Biotechnology, Inc.",PHASE1,COMPLETED,2006-11,2009-03,21.0,neratinib
NCT07534488,Sacral Erector Spinae Plane Block in Pilonidal Sinus Surgery,Medipol University,NA,RECRUITING,2026-04-20,2026-09-15,60.0,Sacral Erector Spinae Plane Block; Standard Postoperative Analgesia
NCT00002988,Irinotecan Plus Carmustine in Treating Patients With Recurrent Primary Malignant Glioma,Duke University,PHASE1,COMPLETED,1997-04,2000-11,36.0,carmustine; irinotecan hydrochloride
NCT05243888,Efficacy of Strategies Involving Self-sampling to Reach Women Not Participating in Regular Cervical Cancer Screening,Centre Regional de Coordination des Depistages des Cancer - Pays de la Loire,NA,ACTIVE_NOT_RECRUITING,2022-03-09,2025-03,15000.0,self-sampling
NCT06743503,UB-VV400 in Combination With Rapamycin in Relapsed or Refractory B-cell Malignancies,"Nanjing IASO Biotechnology Co., Ltd.",PHASE1,RECRUITING,2025-04-11,2030-07-31,70.0,UB-VV400; Rapamycin
NCT02592603,Endocuff for Surveillance of Serrated Polyposis Syndrome,Hospital Clinic of Barcelona,NA,COMPLETED,2015-10,2017-07,125.0,Endocuff-assisted Colonoscopy
NCT04839003,A Registry of AL Amyloidosis (ReAL),Fondazione IRCCS Policlinico San Matteo di Pavia,N/A,RECRUITING,2020-02-27,2027-05,5000.0,
NCT00723203,Panobinostat in Treating Patients With Relapsed or Refractory Acute Lymphoblastic Leukemia or Acute Myeloid Leukemia,City of Hope Medical Center,PHASE2,TERMINATED,2008-04,2010-09,16.0,panobinostat; gene expression analysis; reverse transcriptase-polymerase chain reaction; laboratory biomarker analysis
NCT00482703,A Study of Dasatinib in Chronic Phase Philadelphia Chromosome Positive Chronic Myeloid Leukemia,Bristol-Myers Squibb,PHASE1,COMPLETED,2007-05,2009-05,23.0,Dasatinib; dasatinib
NCT00705627,A Multicenter Trial Comparing Multi-course Chemotherapy in Locoregionally Advanced Nasopharyngeal Carcinoma,Sun Yat-sen University,PHASE3,UNKNOWN,2008-06,2017-06,400.0,neoadjuvant chemotherapy plus concurrent chemoradiotherapy
NCT00020527,Caspofungin Acetate in Treating Children With Fever and Neutropenia,National Cancer Institute (NCI),NA,COMPLETED,2001-03,2003-06,,caspofungin acetate
NCT00651261,"Daunorubicin, Cytarabine, and Midostaurin in Treating Patients With Newly Diagnosed Acute Myeloid Leukemia",Alliance for Clinical Trials in Oncology,PHASE3,UNKNOWN,2008-04,,717.0,cytarabine; daunorubicin; midostaurin; placebo; dexamethasone acetate
NCT03320161,A Patient Consensus for the Research in Supportive Care in French Cancer Care Centers: the CyPRES Project,UNICANCER,N/A,COMPLETED,2018-10-10,2021-05-26,604.0,
NCT06416761,Genetics in the Progression of Nephropathies,Ospedale San Raffaele,N/A,RECRUITING,2006-05-19,2041-05-19,10000.0,genetic polymorphisms
NCT00379561,PSA-Activated PSA-PAH1 for Locally Recurrent Prostate Cancer,Sophiris Bio Corp,PHASE1,COMPLETED,2006-03,2008-07,24.0,PSA-Activated PSA-PAH1
NCT05406661,Registry of Local Recurrences After Breast-conserving Surgery,Universidade do Porto,N/A,NOT_YET_RECRUITING,2023-12-01,2026-12,3000.0,
NCT01173861,Effectiveness of a Cancer Center Based Physical Activity Intervention,East Carolina University,NA,COMPLETED,2010-03,2012-07,20.0,Physical activity counseling
NCT05361161,Transarterial Chemoembolization With Lipiodol in the Treatment of Initial Unresectable Gastric Cancer (GC),Gang Wu,PHASE2,UNKNOWN,2022-06-01,2025-12-01,60.0,Transarterial Chemoembolization
NCT05961761,Propranolol and Pembrolizumab in Advanced Soft Tissue Sarcoma Patients,Niels Junker,PHASE2,RECRUITING,2021-08-17,2028-12,80.0,Propranolol; Pembrolizumab
NCT02196961,Adjuvant Therapy of Completely Resected Merkel Cell Carcinoma With Immune Checkpoint Blocking Antibodies vs Observation,Prof. Dr. med. Dirk Schadendorf,PHASE2,COMPLETED,2014-06,2024-08-31,180.0,Nivolumab
NCT02947061,S1 Plus Docetaxel Versus Capecitabine Plus Docetaxel First-line Treatment in Patients With Advanced Breast Cancer,Chinese Academy of Medical Sciences,PHASE2,UNKNOWN,2015-04,2019-04,300.0,S1 plus Docetaxel; Capecitabine plus Docetaxel
NCT05555342,A Novel Method for Treating Lung Met w/Combo of Electric Fields & Rad Therapy: A Single-Arm,"University of California, Irvine",EARLY_PHASE1,COMPLETED,2023-01-03,2024-10-27,6.0,Irreversible electroporation (IRE) ablation; Radiation Therapy
NCT00874042,Dose Escalation Study of ARQ 197 in Combination With Gemcitabine in Adult Patients With Advanced Solid Tumors,"ArQule, Inc., a subsidiary of Merck Sharp & Dohme LLC, a subsidiary of Merck & Co., Inc. (Rahway, NJ USA)",PHASE1,COMPLETED,2009-03,2011-04,74.0,Treatment with ARQ 197 in combination with gemcitabine
NCT04846842,"A Study of Oral Gimatecan in Platinum-Resistant Epithelial Ovarian, Fallopian Tube or Peritoneal Cancer",Lee's Pharmaceutical Limited,PHASE2,UNKNOWN,2021-07-01,2023-07-01,46.0,Gimatecan
NCT04151186,A Clinical Study on the Safety and Efficacy of CAR-T Therapy for the TM4SF1- and EpCAM-positive Solid Tumors,suhaichuan,NA,UNKNOWN,2019-11-20,2021-11-20,72.0,TM4SF1- and EpCAM-positive chimeric antigen receptor T-cell therapy
NCT06012786,Myofascial Pain Syndrome in Patients With Breast Cancer-related Lymphedema,"Sultan Abdulhamid Han Training and Research Hospital, Istanbul, Turkey",N/A,COMPLETED,2023-08-30,2025-02-20,110.0,Diagnostic Criteria of Myofascial Pain Syndrome; The Physical Examination of Trigger Points and Pain-Pressure Threshold Measurement With an Algometer; Hand Grip Test; VAS; Quick DASH; Lymqol-Arm; Range of Motion of Shoulde Joint
NCT03924986,Tislelizumab Combined With Chemotherapy Versus Chemotherapy Alone in Recurrent or Metastatic Nasopharyngeal Cancer (NPC),BeiGene,PHASE3,COMPLETED,2019-03-27,2023-12-08,263.0,Tislelizumab; Placebo; Gemcitabine; Cisplatin
NCT05891470,To Explore the Benefits of the MonaLisa Touch® System in Gynaecological Cancer Patients Treated by (Chemo)-RT,Jules Bordet Institute,NA,UNKNOWN,2023-09-01,2026-02-02,136.0,MonaLisa Touch device; Vaginal dilatators
NCT03975270,Sintilimab in Combination With Nab-paclitaxel in Patients With HNSCC (Head and Neck Squamous Cell Carcinoma ),Shengyu Zhou,PHASE2,UNKNOWN,2019-07-20,2021-05-31,41.0,Sintilimab and Nab-paclitaxel
NCT02055170,Neoadjuvant Finasteride for Patients With Non-small Cell Lung Cancer,CancerCare Manitoba,PHASE2,TERMINATED,2014-06,2018-03-27,4.0,finasteride 5mg oral daily
NCT05110170,Efficacy and Safety of LY01005 in Patients With Breast Cancer Compared to ZOLADEX®,Luye Pharma Group Ltd.,PHASE3,COMPLETED,2020-10-15,2022-06-24,188.0,LY01005; ZOLADEX® 3.6 mg
NCT02094170,Global Positioning System (GPS) Exposure to Environments & Relations With Biomarkers of Cancer Risk,"University of California, San Diego",N/A,COMPLETED,2014-07,2017-09-29,601.0,
NCT00781170,Dose-Reduced Allogeneic Stem Cell Transplantation After Autologous High-Dose Chemotherapy in Patients With Multiple Myeloma,Universitätsklinikum Hamburg-Eppendorf,PHASE2,COMPLETED,2000-05,,20.0,allogeneic hematopoietic SCT
NCT00536770,A Study of Gemcitabine ± Erlotinib and DN-101 Versus Gemcitabine ± Erlotinib and Placebo in Patients With Advanced Pancreatic Cancer,Novacea,PHASE2,SUSPENDED,2007-09,,132.0,placebo + gemcitabine + erlotinib; Placebo + gemcitabine; calcitriol + gemcitabine; calcitriol + gemcitabine + erlotinib
NCT01906073,Nasal Fentanyl for Chronic Cancer Pain,Norwegian University of Science and Technology,PHASE3,WITHDRAWN,2017-01,2020-12,0.0,intranasal fentanyl spray; slow release morphine
NCT01798173,"Environmental, Metabolic and Nutritional Factors of Hepatocellular Carcinoma in Cirrhotic Patients",Centre Hospitalier Universitaire Dijon,NA,COMPLETED,2008-06-20,2018-01-25,1246.0,"Serum, plasma and DNA samples; Radiological exploration by CT scan or MRI"
NCT01141673,Development of a Diagnostic Kit for FLT3-ITD in Acute Myeloid Leukemia,Taipei Medical University WanFang Hospital,N/A,UNKNOWN,2010-06,2011-06,100.0,
NCT05585073,Factors Affecting the Difficulty of Laparoscopic D2 Lymph Node Dissection for Gastric Cancer,Fujian Medical University,N/A,COMPLETED,2022-01-01,2022-06-20,187.0,Whether lymph node dissection is qualified or not
NCT04922073,Practical Usability of EGFR Mutation Detection in ctDNA From Resectable NSCLC,Samsung Medical Center,N/A,UNKNOWN,2021-06-01,2022-03-31,150.0,
NCT05451173,Combining ICI With SBRT or HypoFrx-RT for ES NSCLC,Alexander Chi,PHASE1,UNKNOWN,2023-10-09,2025-12-31,83.0,Stereotactic body radiotherapy; Hypofractionated radiotherapy; Durvalumab
NCT05574673,Characterization of Epithelial Ovarian Cancer Patients in Terms of Homologous Recombination Phenotype,Nordic Society of Gynaecological Oncology - Clinical Trials Unit,N/A,RECRUITING,2022-12-01,2032-07-01,1000.0,Standard of care
NCT01600573,Pazopanib and Weekly Topotecan in Patients Recurrent Ovarian Cancer (TOPAZ),JSehouli,PHASE1,UNKNOWN,2012-05,2017-03,68.0,pazopanib in combination with weekly topotecan
NCT00923169,Part 2 of Phase 1 Study of GC1008 to Treat Advanced Melanoma (Part 2 Will Only Accept and Treat Patients With Advanced Malignant Melanoma),National Cancer Institute (NCI),PHASE1,COMPLETED,2006-07-09,2010-01-20,9.0,Anti-Transforming Growth Factor-beta (GC 1008)
NCT04813783,The Effect of Mucositis Care Training Given to Caregivers in Pediatric Leukemia Cases on Mucosal Barrier Damage,Ege University,N/A,COMPLETED,2021-05-01,2022-12-31,52.0,Mucositis care training to be given in line with MASCC / ISOO 2019
NCT05515783,68Ga-FAP-RGD PET/CT : Dosimetry and Preliminary Clinical Translational Studies,First Affiliated Hospital of Fujian Medical University,PHASE1,UNKNOWN,2022-05-01,2024-05-01,50.0,68Ga-FAP-RGD; 68Ga-FAP-RGD
NCT03329183,High-dose FOLFIRI in Advanced Colorectal Cancer Patients With Wild-type UGT1A1*6 and *28,Shanghai Changzheng Hospital,PHASE2,UNKNOWN,2019-03,2022-03,90.0,Irinotecan
NCT00337883,A Study of the Safety and Efficacy of Tarceva in Patients With First Relapse of Grade IV Glioma (Glioblastoma Multiforme),"Genentech, Inc.",PHASE2,COMPLETED,2003-07,2005-10,110.0,Erlotinib HCl (OSI-774)
NCT04993690,A Study of LP-168 in Participants With Relapse or Refractory B-Cell Lymphoma,Guangzhou Lupeng Pharmaceutical Company LTD.,PHASE1,RECRUITING,2021-07-06,2027-09-30,200.0,LP-168 tablet
NCT02929290,"Safety, Efficacy and Pharmacokinetic of BPI-9016M in Patients With c-Met- Dysregulated Advanced NSCLC","Betta Pharmaceuticals Co., Ltd.",PHASE1,UNKNOWN,2017-03-01,2024-11,80.0,BPI-9016M
NCT03714490,MRI Simulation-guided Boost in Short-course Preoperative Radiotherapy for Unresectable Rectal Cancer,"Cancer Institute and Hospital, Chinese Academy of Medical Sciences",PHASE2,UNKNOWN,2018-10-23,2025-09-30,200.0,SCPRT; CRT; CAPOX
NCT02973490,Transanal Tube Drainage in Endoscopic Submucosal Dissection of the Colorectal Tumor,Fudan University,NA,UNKNOWN,2017-01,2021-12,1200.0,Transanal Tube Drainage
NCT03963518,Immune-checkpoint Inhibitors and Surrogate Endpoints in Cancer Trials (SURROGATE-ICI),Institut Bergonié,N/A,COMPLETED,2017-01,2020-12,631.0,nivolumab monotherapy; nivolumab plus ipilimumab
NCT02421718,Standard Follow-up Program (SFP) for Lung Cancer Patients Treated With Radiotherapy or Chemoradiation,University Medical Center Groningen,N/A,RECRUITING,2013-03,2031-12,10000.0,Radiotherapy
NCT07598318,Study of Becotatug Vedotin Added to Standard Treatment for Advanced Bile Duct Cancer With EGFR Mutations,Sir Run Run Shaw Hospital,PHASE2,NOT_YET_RECRUITING,2026-05-20,2028-12-31,164.0,Becotatug Vedotin; Pucotenlimab; Gemcitabine; Cisplatin
NCT00365118,Treatment of Naevus Flammeus Using Intense Pulsed Light and Pulsed Dye Laser,Bispebjerg Hospital,NA,COMPLETED,2005-11,2007-12,,"Pulsed dye laser (Candela), Intense pulsed light (Palomar)"
NCT07779018,CD19/CD22 CAR-T Consolidation in R/R Aggressive B-Cell Lymphoma After Second-Line Therapy,Liping Dou,PHASE2,RECRUITING,2026-04-01,2028-03-01,30.0,CD22/CD19 CAR-T cell immunotherapy
NCT00059618,"PS-341 Plus Carboplatin in Platinum and Taxane Resistant Recurrent Ovarian Cancer, Primary Peritoneal Cancer, and Fallopian Tube Cancer",M.D. Anderson Cancer Center,PHASE1,COMPLETED,2003-04,2007-04,21.0,PS-341 (Bortezomib); Carboplatin
NCT07103018,A Clinical Study of KTX-2001 in Subjects With Metastatic Castration-Resistant Prostate Cancer (STRIKE-001),"K36 Therapeutics, Inc.",PHASE1,RECRUITING,2025-11-21,2028-09,144.0,KTX-2001; KTX-2001 + Darolutamide (NUBEQA®)
NCT04980118,A Nutritional Intervention and Physical Activity Program Reduce Body Weight in Women Newly Diagnosed With Breast Cancer.,Instituto de Investigación Hospital Universitario La Paz,NA,COMPLETED,2010-04,2012-04,56.0,Control group; Nutrition and physical activity group
NCT06219018,Effect of Honey For CIN II,Zuyderland Medisch Centrum,PHASE1,RECRUITING,2024-12-30,2027-12-01,60.0,Medical grade honey formulation (MGH) (L-Mesitran®)
NCT01326390,Impact of C-arm CT in Decreased Renal Function Undergoing TACE for Tx of Hepato-Cellular Carcinoma,Stanford University,N/A,TERMINATED,2010-05,2012-01,13.0,dTA/dBA C-arm fluoroscopy system with Dyna CT; DSA arteriogram- hepatic arteries; CO2 aortogram
NCT05126797,3D Printed Oral Stents for Patients With Head and Neck Cancer Receiving Radiation Therapy,M.D. Anderson Cancer Center,NA,TERMINATED,2017-10-11,2025-03-21,57.0,Questionnaire Administration; Stent Device
NCT06204497,The Safety and Efficiency of Stent-based Diverting Technique Versus Ileostomy in Rectal Cancer Patients,Sir Run Run Shaw Hospital,NA,COMPLETED,2024-01-31,2025-09-28,570.0,Stent-based Diverting Technique
NCT06916910,Analysis of Predictive Factors for Urinary Leakage After Partial Nephrectomy for Renal Hilum Tumors,First Affiliated Hospital of Fujian Medical University,N/A,ACTIVE_NOT_RECRUITING,2024-09-18,2025-09-18,200.0,
NCT03063710,Olaparib Expanded Access Program for BRCA Mutated Platinum Sensitive Relapsed High Grade Epithelial Ovarian Cancer Patients in Japan,AstraZeneca,N/A,NO_LONGER_AVAILABLE,,,,olaparib
NCT02854410,Dietary Nitrate on Salivary Flow for Nasopharyngeal Carcinoma Patients,Capital Medical University,NA,UNKNOWN,2016-08,2018-12,30.0,Sodium nitrate; sodium chloride
NCT02264210,Icotinib for Completed Resected IB NSCLC With EGFR Mutation,Sun Yat-sen University,PHASE2,COMPLETED,2015-01,2022-07,128.0,Icotinib
NCT07083310,"The Effect of Health Education Conducted Using Two Different Methods on Women's Knowledge of Breast Cancer, Health Beliefs, Mammography Self-Efficacy, and Participation in Screening Programs",Saglik Bilimleri Universitesi Gulhane Tip Fakultesi,NA,NOT_YET_RECRUITING,2025-07,2025-10,78.0,Health Education; Motivational Interviewing
NCT04011410,Hydroxychloroquine to Increase Tumor Suppressor PAR-4 Levels in Oligometastatic Prostate Cancer,Patrick Hensley,PHASE2,COMPLETED,2019-12-03,2024-03-08,20.0,Hydroxychloroquine Sulfate 200Mg Tab
NCT07543510,Low-Dose Bevacizumab and Atezolizumab Combined With TACE-HAIC in Unresectable Hepatocellular Carcinoma,"Third Affiliated Hospital, Sun Yat-Sen University",NA,NOT_YET_RECRUITING,2026-05-01,2029-08-31,38.0,TACE-HAIC + Atezolizumab + Low-dose Bevacizumab
NCT02660710,Rituximab Plus CHOP Chemotherapy for Diffuse Large B-cell Lymphoma,UNC Lineberger Comprehensive Cancer Center,PHASE2,COMPLETED,2016-03,2022-07-22,39.0,R-CHOP
NCT02023710,Bevacizumab Combined With Carboplatin Plus Paclitaxel Chemotherapy to Treat Metastatic Mucosal Melanoma,Peking University Cancer Hospital & Institute,PHASE2,UNKNOWN,2013-12,2017-12,182.0,Paclitaxel; Carboplatin; Bevacizumab
NCT05992610,Induction Treatment in SCC of the Head and Neck Region - Concomitant Chemotherapy and Low-dose Radiotherapy,Maria Sklodowska-Curie National Research Institute of Oncology,NA,UNKNOWN,2022-02-17,2026-03-31,40.0,Chemotherapy (carboplatin+paclitaxel) with concomitant low dose ionizing radiotherapy
NCT02005510,Randomized Trial of In-Home Cervical Cancer Screening in Underscreened Women,University of Washington,NA,COMPLETED,2014-02,2018-02,19851.0,Mailed in-home high-risk HPV testing kit; Usual care
NCT05497310,Effectiveness and Safety of Therapy Based on Attenuated ATO Plus Low-Dose ATRA in Patients With APL,Hospital Universitario Dr. Jose E. Gonzalez,PHASE1,UNKNOWN,2022-07-01,2025-07-31,15.0,Arsenic trioxide; all-trans retinoic acid
NCT00973310,Erlotinib Concurrent With Radiation Therapy in Non-small-cell Lung Cancer,Tianjin Medical University Cancer Institute and Hospital,PHASE2,UNKNOWN,2009-10,2016-12,50.0,Radiation Therapy and EGFR-TKI target therapy
NCT04428710,Assessment Psychological Distress for Cancer Heredity Test,Hospital Universitario La Fe,N/A,UNKNOWN,2018-10-01,2021-12-31,800.0,assessment with psychometric questionnaire
NCT04589013,Prediction of Response to Treatment With Immunotherapy + Chemotherapy in Non-Small Cell Lung Cancer,"University Hospital, Lille",N/A,COMPLETED,2020-11-19,2023-09-29,106.0,
NCT02795013,Genetic Study of Families With High Frequency of Hodgkin Lymphoma,St. Jude Children's Research Hospital,N/A,COMPLETED,2016-08-17,2018-02-27,27.0,
NCT01209013,Safety of Photodynamic Therapy (PDT) in the Ablation of High-grade Dysplasia (HGD) in Barrett's Esophagus (BE),Pinnacle Biologics Inc.,PHASE3,WITHDRAWN,,,0.0,Medlight PDT Balloon; Endoscopy; Endoscopy with biopsy; Electrocardiogram; Chest x-ray; Blood collection; Tissue sample collection
NCT07376213,Effects of a Home-Based Exercise Program During Radiotherapy,Burak Ertürk,NA,COMPLETED,2022-01-02,2025-01-15,24.0,Home-based exercise
NCT02075060,Evaluation of Immediate Preoperative Instillation (IPOI) of Mitomycin C Compared to Early Postoperative Instillation (IPOP) in Non-muscle Invasive Bladder Cancer,Poitiers University Hospital,NA,COMPLETED,2014-02-17,2018-01-18,60.0,IPOI; IPOP
NCT02437760,The Prognostic and Predictive Value of the CA-125 Marker in Lung Cancer Monitoring,E-DA Hospital,N/A,UNKNOWN,2015-02,2018-02,200.0,serum and pleural effusion CA-125 level
NCT01492920,"Acetyl-L-Carnitine Hydrochloride in Preventing Peripheral Neuropathy in Patients With Recurrent Ovarian Epithelial Cancer, Primary Peritoneal Cavity Cancer, or Fallopian Tube Cancer Undergoing Chemotherapy",Gynecologic Oncology Group,PHASE3,WITHDRAWN,2012-04,,0.0,Acetyl-L-Carnitine Hydrochloride; Placebo; Questionnaire Administration; Quality-of-Life Assessment
NCT07711782,Management of Polycystic Ovarian Syndrome-associated Reproductive Dysfunction Through Kefir Supplementation,University of Lahore,NA,COMPLETED,2026-01-18,2026-04-18,50.0,(C0) Control group; (G1) Experimental group
NCT00770224,"S0801 Iodine I 131 Tositumomab, Rituximab, and Combination Chemotherapy in Previously Untreated Stage II, Stage III, or Stage IV Follicular Non-Hodgkin Lymphoma",SWOG Cancer Research Network,PHASE2,COMPLETED,2009-04,2019-08,87.0,rituximab; tositumomab; cyclophosphamide; doxorubicin; prednisone; vincristine; tositumomab
NCT02611024,Pharmacokinetic Study of Lurbinectedin in Combination With Irinotecan in Patients With Selected Solid Tumors,PharmaMar,PHASE1,COMPLETED,2016-05-06,2025-07-01,316.0,Lurbinectedin; Irinotecan
NCT02728024,Assessing Psychosocial and Supportive Care Needs in Patients With Gliomas,Johannes Gutenberg University Mainz,N/A,COMPLETED,2014-03,2015-06,175.0,"Missing items, Errors in Completion, Difficulties"
NCT06524024,Clinical Study of Tumor Polypeptide DC-CTL in the Treatment of Solid Tumors,"Zhengzhou Revo-Gene Technology Co., LTD",NA,NOT_YET_RECRUITING,2026-10-01,2027-04-01,20.0,Tumor polypeptide pool induced DC-CTL cell injection
NCT07223424,Patient Preference for Subcutaneous vs. Intravenous Immune Therapy,Diwakar Davar,PHASE2,RECRUITING,2025-11-04,2030-11-30,880.0,nivolumab; pembrolizumab
NCT07755124,Dietary Arginine Deprivation Combined With Chemoradiotherapy for Neoadjuvant Treatment of Rectal Cancer: A Randomized Controlled Trial,West China Hospital,PHASE1,NOT_YET_RECRUITING,2026-08-14,2029-06-30,140.0,Arginine-Deprived Diet; Short-Course Radiotherapy (SCRT); CAPOX + PD-1 Inhibitor
NCT00455923,SERETIDE Vs FLIXOTIDE In Mild Persistent Asthma (GINAII),GlaxoSmithKline,PHASE4,COMPLETED,2005-05-03,2007-07-31,100.0,Seretide; Flixotide
NCT03847623,Effect of Preoperative Curcumin in Breast Cancer Patients,University of Malaya,NA,UNKNOWN,2017-06-18,2020-12-31,30.0,Curcumin; Placebo
NCT00125723,FIRST - Study of Pegfilgrastim Administered in the First and Subsequent Cycles of Myelosuppressive Chemotherapy,Amgen,PHASE4,COMPLETED,2004-05,2005-12,2252.0,PI Discretion
NCT05888623,Computer Assisted Detection of Neoplasia During Colonoscopy Evaluation,VA Puget Sound Health Care System,N/A,COMPLETED,2022-10-01,2023-12-31,334200.0,Computer Assisted Detection
NCT06117059,The PRECISION Study: 3 Fractions of Prostate SBRT and RayPilot HypoCath Image Guidance,NHS Lothian,NA,RECRUITING,2024-11-01,2027-11-01,100.0,3 fractions of prostate SBRT
NCT02696759,Gut Microbiome & Gastrointestinal Toxicities as Determinants of Response to Neoadjuvant Chemo for Advanced Breast Cancer,University of Arkansas,NA,TERMINATED,2016-07,2021-08,15.0,Blood & Fecal Collection
NCT00382759,Nonmyeloablative Stem Cell Transplant in Elderly,Azienda Ospedaliera San Giovanni Battista,PHASE2,COMPLETED,2000-03,2007-03,50.0,stem cell transplant
NCT02305459,CIRSE Registry for SIR-Spheres Therapy,Cardiovascular and Interventional Radiological Society of Europe,N/A,COMPLETED,2014-11,2020-01-01,1051.0,Yttrium-90 loaded SIR-Spheres microspheres; QLQ-C30 with HCC module
NCT02106559,Photodynamic Therapy During Surgery in Treating Patients With Pleural Malignancy,Ohio State University Comprehensive Cancer Center,NA,WITHDRAWN,2014-09-04,2016-01-29,0.0,porfimer sodium; therapeutic conventional surgery; photodynamic therapy
NCT04862780,(SYMPHONY) Phase 1/2 Study Targeting EGFR Resistance Mechanisms in NSCLC,Blueprint Medicines Corporation,PHASE1,TERMINATED,2021-06-29,2024-10-07,177.0,BLU-945; osimertinib
NCT01942980,Evaluation of the Efficacy of Hippocampal Avoidance on the Cognitive Toxicity of Whole-Brain Radiation Therapy After Surgical Resection of Single Brain Metastasis of Breast Cancer,Institut Paoli-Calmettes,PHASE3,COMPLETED,2013-03,2017-06-06,8.0,Radiation therapy Brain metastasis in breast cancer
NCT00676780,Green Tea Extract and Prostate Cancer,Louisiana State University Health Sciences Center Shreveport,PHASE2,COMPLETED,2004-05,2008-12,33.0,Polyphenon E (EGCG)
NCT00134680,"Letrozole, Herceptin in Her2neu +, Estrogen Receptor [ER] and/or Progesterone Receptor [PR] Positive, MBC",Duke University,PHASE2,COMPLETED,2000-01,2005-07,33.0,Letrozole; Trastuzumab
NCT04343079,Intra-operative PET-CT: a Novel Approach to Determine Excision Margins in Lumpectomy Breast Cancer.,"University Hospital, Ghent",NA,UNKNOWN,2018-01-01,2025-12-31,100.0,PET CT
NCT05631379,Influence of Nutritional Status on Oncologic and Operative Outcome in Patients Operated for Retroperitoneal Sarcoma,Institute of Oncology Ljubljana,N/A,COMPLETED,2022-12-02,2024-04-04,100.0,Measurement of body composition with computed tomography (CT); GLIM malnutrition criteria; EWGSOP2 sarcopenia criteria; ESPEN-EASO criteria for sarcopenic obesity; Prognostic Nutritional Index (PNI); The high-sensitivity modified Glasgow prognostic score
NCT03050996,Retrograde Perfusion Sphinterometry and Autologous Sling to Improve Urinary Continence in Robotic Radical Prostatectomy,Istituto Auxologico Italiano,N/A,UNKNOWN,2016-06-01,2017-06-30,50.0,robotic radical prostatectomy
NCT00385996,Pilot Study of Preoperative Tarceva (Erlotinib) for Stages I/II Non-Small Cell Lung Cancer,Weill Medical College of Cornell University,PHASE2,COMPLETED,2006-10,2011-08,22.0,Tarceva (Erlotinib)
NCT06108596,"Evaluation of the Efficacy and Safety of Interleucin-2 Combined With PD-1 Monoclonal Antibody and CAPOX in Preoperative Neoadjuvant Therapy for Mid-low Locally Advanced Rectal Cancer - a Single-center, Single-arm, Open-label Clinical Trail",The First Affiliated Hospital with Nanjing Medical University,PHASE2,COMPLETED,2023-10-21,2024-12-31,33.0,Sintilimab with Interleukin-2+CAPOX
NCT03296696,Study of AMG 596 in Patients With EGFRvIII Positive Glioblastoma,Amgen,PHASE1,TERMINATED,2018-04-18,2021-08-28,30.0,AMG 596; AMG 404
NCT05181462,Nadunolimab in Combination With Gemcitabine Plus Carboplatin in Patients With Advanced Triple Negative Breast Cancer.,Cantargia AB,PHASE1,COMPLETED,2022-01-11,2026-05-08,117.0,Carboplatin; Gemcitabine; Nadunolimab
NCT01482962,Alisertib (MLN8237) or Investigator's Choice in Patients With Relapsed/Refractory Peripheral T-Cell Lymphoma,"Millennium Pharmaceuticals, Inc.",PHASE3,COMPLETED,2012-06-11,2017-12-18,271.0,Alisertib; Pralatrexate; Gemcitabine; Romidepsin
NCT00003162,Radiation Therapy in Treating Patients With Bone Metastases From Breast or Prostate Cancer,Radiation Therapy Oncology Group,PHASE3,COMPLETED,1998-02,,949.0,pain therapy; radiation therapy
NCT01585662,Prospective Random Comparing Study on EUS-guided Pseudocyst Drainage by Naso-pancreatic Tube and Stents,Xiaoyin Zhang,PHASE4,UNKNOWN,2012-01,2014-12,30.0,EUS-guided pancreatic pseudocyst drainage
NCT01339962,Retrospective Analysis Of Progression Free Survival And Overall Survival In A National Cohort Of Patients With Metastatic Renal Cell Carcinoma Treated In Denmark From 2006-2010. DARENCA Study 2.,Pfizer,N/A,COMPLETED,2011-04,2012-04,1073.0,Non-interventional
NCT05646862,"A Study Evaluating the Efficacy and Safety of Inavolisib Plus Fulvestrant Compared With Alpelisib Plus Fulvestrant in Participants With HR-Positive, HER2-Negative, PIK3CA Mutated, Locally Advanced or Metastatic Breast Cancer Post CDK4/6i and Endocrine Combination Therapy",Hoffmann-La Roche,PHASE3,RECRUITING,2023-06-07,2029-03-30,420.0,Inavolisib; Fulvestrant; Alpelisib; Bupropion; Omeprazole; Midazolam
NCT05693246,Effect of Perioperative Use of Glycopyrrolate on Lung Function in Patients Under General Anesthesia,Zhuan Zhang,NA,COMPLETED,2023-10-01,2024-07-30,52.0,Glycopyrrolate; normal saline
NCT06781346,Rhomboid Intercostal Block Compared With Thoracic Paravertebral Block in Breast Cancer Surgeries,Fayoum University Hospital,NA,COMPLETED,2025-02-15,2025-12-15,180.0,Rhomboid Intercostal Block; Thoracic Paravertebral Block
NCT04003246,Phase II Concurrent Durvalumab and Radiotherapy for for Stage III Non-Small Cell Lung Cancer,University of Texas Southwestern Medical Center,PHASE2,COMPLETED,2020-04-03,2024-11-05,10.0,Thoracic RT and Durvalumab; Consolidative Durvalumab
NCT04640246,Study of TBX-3400 in Subjects With Solid Malignant Tumors Resistant or Refractory to Standard Therapies,"Taiga Biotechnologies, Inc.",PHASE1,UNKNOWN,2021-01-25,2023-04,60.0,TBX-3400
NCT00797446,Photon/Proton Radiation Therapy for Oropharyngeal Cancers,University of Florida,N/A,TERMINATED,2007-09,2015-07,10.0,
NCT06951646,ctDNA-MRD Guided Escalation of Ivonescimab and Docetaxel in Advanced NSCLC With Long-Term Responses to First-line Immunotherapy (CR1STAL-Adaptive),Second Xiangya Hospital of Central South University,PHASE2,RECRUITING,2026-03-10,2030-06-01,70.0,Ivonescimab; Docetaxel; Standard Treatment group
NCT02577588,Trial of Adoptive T Cell Therapy With Activated P53 Specific T Cells for Treatment of Advanced Colorectal Cancer,"National Center for Tumor Diseases, Heidelberg",PHASE1,TERMINATED,2016-05-01,2018-02-19,1.0,re-activated T cells
NCT06689488,Bronchoscopic Microwave Ablation of Lung Tissue in Surgical Candidates,Creo Medical Limited,N/A,RECRUITING,2025-06-17,2026-12,30.0,Ablation
NCT06897488,EMERALD: Endocrine Therapy oMission With Radiation in ER+ Breast Cancer: Assessing Quality of Life and Disease Control: a Prospective Phase II Trial,M.D. Anderson Cancer Center,PHASE2,RECRUITING,2025-07-17,2030-12-31,300.0,Adjuvant Radiotherapy
NCT01704703,"Study of FOLFIRI + Panitumumab Using Ultra-selection Technology of Patients With Stage IV Colorectal Cancer Refractory to Irinotecan Without Any Mutation on KRAS, PIK3Ca, BRAF and NRAS Genes Detected With Highly Sensitive Techniques",Spanish Cooperative Group for the Treatment of Digestive Tumours (TTD),PHASE2,COMPLETED,2012-10,2016-07,72.0,panitumumab; FOLFIRI
NCT05947903,Validation of the European Oncology Quality of Life Toolkit,"Fondazione IRCCS Istituto Nazionale dei Tumori, Milano",N/A,UNKNOWN,2024-08-31,2024-10-31,4000.0,Administration of the EUonQoL-Kit - Active Treatment questionnaire; Administration of the EUonQoL-Kit - Survivors questionnaire; Administration of the EUonQoL-Kit - Palliative Care questionnaire
NCT06828003,Feasibility of a Remotely-Delivered Resistance Training Program for Cognitive Function in Men Living With and Beyond Prostate Cancer,University of Toronto,NA,NOT_YET_RECRUITING,2025-03-01,2026-01,30.0,Resistance Training
NCT04507503,Expanded Access Study of TAS-120 in Patients With Advanced Cholangiocarcinoma Harboring FGFR2 Gene Rearrangements,"Taiho Oncology, Inc.",N/A,APPROVED_FOR_MARKETING,,,,TAS-120
NCT03896503,"Randomized Trial of Topotecan With M6620, an ATR Kinase Inhibitor, in Small Cell Lung Cancers and Small Cell Cancers Outside of the Lungs",National Cancer Institute (NCI),PHASE2,ACTIVE_NOT_RECRUITING,2019-12-30,2027-05-13,104.0,Berzosertib; Biopsy Procedure; Biospecimen Collection; Computed Tomography; Topotecan Hydrochloride
NCT03413761,"Antioxidant Supplements, Genetics and Chemotherapy Outcomes",Roswell Park Cancer Institute,N/A,COMPLETED,2004-12-18,2013-11-12,1771.0,
NCT04138342,Topical Fluorescent Nanoparticles Conjugated Somatostatin Analog for Suppression and Bioimaging Breast Cancer,Al-Azhar University,PHASE1,UNKNOWN,2019-09-15,2022-12-13,30.0,Quantum dots coated with veldoreotide; Topical approved placebo
NCT04308642,Study to Evaluate Blood and Urine Kidney Injury Markers to Facilitate Early Detection of Renal Adverse Drug Events in Pediatric Cancer Patients Treated With Nephrotoxic Chemotherapy,"University Hospital, Basel, Switzerland",N/A,COMPLETED,2020-10-22,2023-12-31,6.0,blood test for renal biomarkers; urine test for renal biomarkers
NCT02874742,"Study Comparing Daratumumab, Lenalidomide, Bortezomib, and Dexamethasone (D-RVd) Versus Lenalidomide, Bortezomib, and Dexamethasone (RVd) in Subjects With Newly Diagnosed Multiple Myeloma","Janssen Research & Development, LLC",PHASE2,COMPLETED,2016-08-29,2022-04-08,224.0,Lenalidomide; Bortezomib; Dexamethasone; Daratumumab
NCT02428842,Biomarker Evaluation in Advanced Stage Cervical Cancer by an International Working Group. Tumor Stages (1B1 - 4),Institut Curie,NA,COMPLETED,2013-10-24,2020-10-20,419.0,Tumor biopsies; Blood sampling
NCT00489086,Topical Tazarotene in Treating Patients With Basal Cell Skin Cancer and Basal Cell Nevus Syndrome on the Face,UCSF Benioff Children's Hospital Oakland,PHASE2,COMPLETED,2004-07,2012-06,36.0,tazarotene
NCT02221986,Interdisciplinary Rehabilitation of Patients With Glioma During Anti-cancer Treatment,Odense University Hospital,NA,COMPLETED,2015-02-01,2018-02-14,64.0,Interdisciplinary rehabilitation
NCT05430386,Study of HS-10241 in Combination With Almonertinib in Patients With Locally Advanced or Metastatic NSCLC,"Jiangsu Hansoh Pharmaceutical Co., Ltd.",PHASE1,UNKNOWN,2022-01-05,2023-12-31,174.0,HS-10241
NCT02390986,An Extension Study of LON002 in Patients With Cancer,LondonPharma Ltd.,NA,UNKNOWN,2015-01,2017-06,50.0,LON002
NCT07762586,Luminal Bladder Cancer Effective Response to Neoadjuvant Chemotherapy (LUMBER-NAC),"Rutgers, The State University of New Jersey",PHASE2,RECRUITING,2026-07-10,2029-07,60.0,Neoadjuvant Therapy; Upfront radical cystectomy
NCT00729586,"Temsirolimus With or Without Megestrol Acetate and Tamoxifen Citrate in Treating Patients With Advanced, Persistent, or Recurrent Endometrial Cancer",National Cancer Institute (NCI),PHASE2,COMPLETED,2008-09,2017-02,73.0,Laboratory Biomarker Analysis; Megestrol Acetate; Tamoxifen Citrate; Temsirolimus
NCT06492070,Cryocompression With or Without Cilostazol for the Prevention of Paclitaxel-induced Neuropathy in Patients With Gynecological Cancers,Emory University,PHASE2,RECRUITING,2024-08-01,2027-12-31,70.0,Best Practice; Cilostazol; Cryocompression Therapy; Paclitaxel; Quality-of-Life Assessment
NCT01526473,A Phase I Study To Evaluate The Antitumor Activity And Safety Of AVX901,H. Kim Lyerly,PHASE1,COMPLETED,2012-02,2017-12,22.0,AVX901
NCT04494373,"Comparing of the Pharmacokinetic, Pharmacodynamic, Safety and Immunogenicity of HS-20090 and Xgeva® in Healthy Adults","Jiangsu Hansoh Pharmaceutical Co., Ltd.",PHASE1,UNKNOWN,2020-09-01,2021-06-30,154.0,HS-20090; Xgeva®
NCT07652073,A Study of DAT-2645 in Patients With BRCA1/2 Mutations or HRD-Positive Ovarian Cancer,"Danatlas Pharmaceuticals Co., Ltd",PHASE2,NOT_YET_RECRUITING,2026-06-15,2028-03-30,30.0,DAT-2645 tablet
NCT06782373,A Study to Assess the Effectiveness and Safety of Pacritinib in Patients With VEXAS Syndrome (PAXIS),Swedish Orphan Biovitrum,PHASE2,ACTIVE_NOT_RECRUITING,2025-05-28,2030-05-22,156.0,Pacritinib; Placebo
NCT06362369,A Study of Oral 7HP349 (Alintegimod) in Combination With Ipilimumab Followed by Nivolumab Monotherapy,"7 Hills Pharma, LLC",PHASE1,RECRUITING,2024-08-23,2028-12-31,126.0,Alintegimod; Ipilimumab; Nivolumab
NCT01388569,Biomarkers in Blood Samples From Patients With Stage IV Melanoma Previously Treated With Sargramostim,Eastern Cooperative Oncology Group,N/A,COMPLETED,2011-06-28,2011-09-28,48.0,flow cytometry; immunologic technique; laboratory biomarker analysis
NCT01730118,Ad/HER2/Neu Dendritic Cell Cancer Vaccine Testing,National Cancer Institute (NCI),PHASE1,COMPLETED,2013-03-04,2019-12-03,33.0,Adenoviral Transduced Autologous Human Epidermal Growth Factor Receptor (AdHER)2/neu Dendritic Cell (DC) Vaccine
NCT02807597,Real-time Intraoperative Breast Cancer Visualization for Margin Assessment,Samuel Achilefu,PHASE1,TERMINATED,2020-02-18,2022-01-27,9.0,LS301; Cancer Vision Goggles and standard fluorescence imaging systems; Surgery
NCT06835218,PROCARE - PROstate Cancer Real World Evidence Registry,UroTrials Company (GmbH),N/A,RECRUITING,2024-01-29,2032-12-31,5000.0,
NCT06285318,A Study of Clinical Outcomes in Patients With Relapsed/Refractory Multiple Myeloma (RRMM) Treated With T-cell Redirectors Outside of Clinical Trials,Janssen-Cilag Ltd.,N/A,RECRUITING,2023-12-18,2026-09-24,900.0,Teclistamab; Talquetamab
NCT07510997,Perioperative Individually Tailored Psychological Intervention in Breast Cancer Surgery,Rabin Medical Center,NA,COMPLETED,2018-01-01,2022-12-31,40.0,Individually Tailored Perioperative Psychological Intervention; Standard Nursing Care
NCT03024697,"Single-shot Pectoral Plane(PECs) Block Versus Continuous Local Anaesthetic Infusion Analgesia or Both PECS Block and Local Anaesthetic Infusion After Breast Surgery: A Prospective Randomised, Double-blind Trial",Mater Misericordiae University Hospital,PHASE4,COMPLETED,2017-01,2017-05,45.0,Pectoral Plane Block; Local Anaesthetic Wound Infusion Catheter
NCT04432597,HPV Vaccine PRGN-2009 Alone or in Combination With Anti-PDL1/TGF-Beta Trap (M7824) in Subjects With HPV Associated Cancers,National Cancer Institute (NCI),PHASE1,COMPLETED,2020-08-11,2026-03-31,39.0,PRGN-2009; M7824; EKG; CT Scan; Brain MRI; Biopsy
NCT01926197,Phase 3 Study of FOLFIRINOX (mFFX) +/- SBRT in Locally Advanced Pancreatic Cancer,Stanford University,PHASE3,COMPLETED,2013-08-14,2022-09-30,27.0,Oxaliplatin; Irinotecan; Leucovorin; 5FU; Stereotactic Body Radiotherapy (SBRT)
NCT01944410,Use of PRP in Treatment of Mandibular Traumatic Bone Cyst,Shiraz University of Medical Sciences,PHASE1,COMPLETED,2013-01,2014-04,12.0,PRP injection
NCT06268210,Neoadjuvant Lazertinib With or Without Chemotherapy for Patients With EGFR-mutated Resectable Non-small Cell Lung Cancer,Yonsei University,PHASE2,ACTIVE_NOT_RECRUITING,2022-02-07,2028-06,160.0,Lazertinib+Pemetrexed+Carboplatin; Lazertinib
NCT06485713,Efficacy and Safety of Trifluridine/Tipiracil Combined With Fufuquitinib for Third-line Treatment of mCRC,First Affiliated Hospital of Wenzhou Medical University,PHASE2,UNKNOWN,2024-03-01,2026-06-01,200.0,trifluridine/tipiracil combined with fufuquitinib; fufuquitinib; Trifluridine/tipiracil
NCT03070613,Investigating the Use of Fluorescent Lectins to Identify Dysplasia and Cancer During Endoscopy and Surgery,University of Oxford,EARLY_PHASE1,UNKNOWN,2017-04-23,2018-03-01,50.0,Fluorescent Lectin Application
NCT05276713,Outcome of Tucidinostat-Based Therapy in HR+ Metastatic Breast Cancer Patients Previously Treated With CDK4/6 Inhibitor,Beijing 302 Hospital,N/A,UNKNOWN,2019-07-10,2022-08-01,50.0,Tucidinostat
NCT07534813,A Single-Arm Clinical Study of Autologous Tumor-Infiltrating Lymphocyte Injection (GT307) in the Treatment of Metastatic and Recurrent Advanced Solid Tumors,Grit Biotechnology,NA,WITHDRAWN,2026-04-30,2028-05-31,0.0,GT307 injection
NCT06929013,Blood Clearance Kinetics of the Nucleosome and CTCF in Peritoneal Metastasis Colorectal Cancer.,Hospices Civils de Lyon,NA,RECRUITING,2025-05-06,2026-06-20,58.0,Blood sampling
NCT07426913,Cardiovascular Health Education Via Virtual Reality for Breast Cancer Survivors Receiving Anthracyclines or Trastuzumab,Virginia Commonwealth University,NA,RECRUITING,2026-05-20,2027-02-28,30.0,Cardiovascular Health Education and Gaming through Virtual Reality
NCT01305213,"Bevacizumab With or Without Fosbretabulin Tromethamine in Treating Patients With Recurrent or Persistent Ovarian Epithelial, Fallopian Tube, or Peritoneal Cavity Cancer",National Cancer Institute (NCI),PHASE2,COMPLETED,2011-03-21,2016-11-03,107.0,Bevacizumab; Fosbretabulin Tromethamine; Laboratory Biomarker Analysis
NCT00184860,The Role of CT-PET-MRI Image Fusion in Determining Radiation Treatment Volumes of Head-and-Neck Cancer Patients,Radboud University Medical Center,NA,COMPLETED,2003-06,,80.0,"PET-scan, MRI-scan"
NCT05237960,Metformin for the Prevention of Oral Cancer in Patients With Oral Leukoplakia or Erythroplakia,University of Arizona,PHASE2,ACTIVE_NOT_RECRUITING,2023-01-12,2026-12,34.0,Biopsy; Biospecimen Collection; Extended Release Metformin Hydrochloride; Placebo Administration
NCT00654160,"Irinotecan, Fluorouracil, and Leucovorin in Treating Patients With Advanced Gastrointestinal Cancer",Mayo Clinic,PHASE1,COMPLETED,2008-06,2012-12-03,7.0,fluorouracil; irinotecan hydrochloride; leucovorin calcium; pharmacogenomic studies; pharmacological study
NCT02719860,High Tea Consumption on Smoking Related Oxidative Stress,University of Arizona,PHASE2,COMPLETED,2003-09,2007-12,154.0,Green tea; Black tea; Placebo tea
NCT00258960,"Caelyx, Cyclophosphamide and Herceptin in Patients With Metastatic Breast Cancer",Spanish Breast Cancer Research Group,PHASE2,COMPLETED,2006-02-15,2009-07-14,49.0,Liposomal Doxorubicin; Cyclophosphamide; Trastuzumab
NCT03164460,Stereotactic Body Radiation Therapy or Intensity Modulated Radiation/Proton Therapy in Treating Patients With Recurrent Head and Neck Cancer,M.D. Anderson Cancer Center,PHASE2,SUSPENDED,2017-05-22,2027-05-31,68.0,Intensity-Modulated Radiation Therapy; Proton Radiation; Stereotactic Body Radiation Therapy
NCT00515060,Psychophysical Studies of Cancer Therapy Pain,M.D. Anderson Cancer Center,N/A,RECRUITING,2001-01-23,2028-04-30,450.0,Sensory Tests
NCT03321760,SABR for T1-2a N1 NSCLC,Indiana University,PHASE2,WITHDRAWN,2022-01-01,2027-12-31,0.0,Stereotactic Ablative Radiation Therapy (SABR)
NCT03356782,Safety and Efficacy Evaluation of 4th Generation Safety-engineered CAR T Cells Targeting Sarcomas,Shenzhen Geno-Immune Medical Institute,PHASE1,NOT_YET_RECRUITING,2027-06-01,2030-12-31,20.0,Sarcoma-specific CAR-T cells
NCT01137682,Efficacy and Safety of Pasireotide Long Acting Release (LAR) Versus Octreotide LAR or Lanreotide Autogel (ATG) in Patients With Inadequately Controlled Acromegaly,Novartis Pharmaceuticals,PHASE3,COMPLETED,2010-07-19,2017-02-28,198.0,Pasireotide; octreotide LAR 30mg; lanreotide ATG 120mg
NCT01551524,Phase I Study of mPEG-R-Crisantaspase Given IV,Jazz Pharmaceuticals,PHASE1,COMPLETED,2012-03,2015-02,36.0,mPEG-r-crisantaspase
NCT00633724,Multiple-Vaccine Therapy in Treating Patients With Non-small Cell Lung Cancer,Fukushima Medical University,PHASE1,COMPLETED,2007-05,2012-06,9.0,"HLA-A*2402restricted URLC10, TTK, VEGFR1 and VEGFR2"
NCT05590624,Metabolic Impact of Prospective Controlled Mediterranean Type Diets on Prostate Cancer,Case Comprehensive Cancer Center,NA,RECRUITING,2024-09-03,2026-12,30.0,Lower-Carbohydrate Med-t-Diet; Low-Fat Med-t-Diet
NCT00005924,Effects of Long-Term Treatment With Valaciclovir (Valtrex) on Epstein-Barr Virus,National Institute of Allergy and Infectious Diseases (NIAID),N/A,COMPLETED,2000-06-23,2010-02-02,41.0,
NCT03941223,Regional Anesthesia for Breast Surgery,Azienda USL Reggio Emilia - IRCCS,NA,WITHDRAWN,2019-05-29,2023-12-31,0.0,PECSII and paravertebral blocks
NCT00483223,Platinum for Triple-Negative Metastatic Breast Cancer and Evaluation of p63/p73 as a Biomarker of Response,Massachusetts General Hospital,PHASE2,COMPLETED,2007-06,2017-06,86.0,Cisplatin; carboplatin
NCT03997123,Capivasertib+Paclitaxel as First Line Treatment for Patients With Locally Advanced or Metastatic TNBC,AstraZeneca,PHASE3,ACTIVE_NOT_RECRUITING,2019-06-25,2026-03-16,923.0,Capivasertib; Paclitaxel; Placebo
NCT04076059,An Efficacy and Safety Study of Enzalutamide Plus Androgen Deprivation Therapy (ADT) Versus Placebo Plus ADT in Chinese Patients With Metastatic Hormone Sensitive Prostate Cancer (mHSPC),"Astellas (Beijing) Pharmaceutical R&D Co., Ltd.",PHASE3,ACTIVE_NOT_RECRUITING,2019-09-11,2028-12-31,180.0,Enzalutamide; Placebo; Androgen deprivation therapy (ADT)
NCT00114959,"Homoharringtonine With Oral Gleevec in Chronic, Accelerated and Blast Phase Chronic Myeloid Leukemia (CML)",ChemGenex Pharmaceuticals,PHASE2,TERMINATED,2005-10,2009-03,15.0,Homoharringtonine; Imatinib Mesylate
NCT04021459,Research of Circulating Tumor Cells Released During Endometrial Cancer Surgery.,"University Hospital, Montpellier",NA,COMPLETED,2019-09-16,2021-09-16,15.0,blood samples
NCT05201859,Adjuvant Sintilimab Plus Capecitabine in Nasopharyngeal Carcinoma,Sun Yat-sen University,PHASE2,ACTIVE_NOT_RECRUITING,2022-05-17,2029-03-02,150.0,Sintilimab; Capecitabine
NCT04952480,Dose-escalated Adaptive Radiotherapy of Thoracic Disease for Small Cell Lung Cancer,AHS Cancer Control Alberta,PHASE2,RECRUITING,2022-06-13,2025-11-01,31.0,Dose-escalated adaptive radiotherapy; Chemotherapy
NCT07438080,"Concordance and Acceptability of Self-screening Compared to Screening Carried Out by a Health Professional for HPV, a Risk Factor for Anal Cancer, by Swab in People Living With HIV. A Randomized Controlled Crossover Study",Centre Hospitalier Universitaire de la Réunion,NA,RECRUITING,2025-04-09,2028-03-01,300.0,Public health workshop in community
NCT01516580,Intergroup Randomized Trial for Children or Adolescents With B-Cell Non Hodgkin Lymphoma or B-Acute Leukemia: Rituximab Evaluation in High Risk Patients,"Gustave Roussy, Cancer Campus, Grand Paris",PHASE3,COMPLETED,2011-12,2022-11-16,482.0,"Vincristine, cyclophosphamide, methotrexate, doxorubicin, cytarabine, ara-C; Rituximab, Vincristine, cyclophosphamide, methotrexate, doxorubicin, cytarabine, ara-C"
NCT03176680,The Effects on Major Organ Complications on Esophagectomy of New Anesthetic ERAS Strategy: a Prospective Investigation,National Taiwan University Hospital,NA,UNKNOWN,2017-06-15,2020-03,120.0,Fluid therapy optimization
NCT05555979,A Study to Assess Change in Patient Experience in Adult Participants With Chronic Lymphocytic Leukemia (CLL) Receiving Oral Venetoclax Tablets + Intravenous Rituximab or Bruton's Tyrosine Kinase Inhibitors Tablets in the United Kingdom,AbbVie,N/A,COMPLETED,2022-12-14,2024-04-10,56.0,
NCT03774979,SHR-1701 in Subjects With Metastatic or Locally Advanced Solid Tumors,"Jiangsu HengRui Medicine Co., Ltd.",PHASE1,UNKNOWN,2019-01-24,2023-12,193.0,SHR-1701
NCT03880396,Definitive Concurrent Hypofractionated Rth With Weekly Cisplatin in Locally Advanced SCCHN,Assiut University,N/A,COMPLETED,2019-03-10,2020-12-26,62.0,hypofractionated Rth with platinol
NCT00418496,Interleukin-2 With Sorafenib (BAY 43-9006) for Unresectable or Metastatic Clear Cell Renal Carcinoma (RCC) and Metastatic Melanoma,Ohio State University Comprehensive Cancer Center,PHASE1,COMPLETED,2006-11-08,2013-10,17.0,Aldesleukin; Sorafenib
NCT00853996,Acolbifene in Preventing Cancer in Premenopausal Women at High Risk of Breast Cancer,University of Kansas Medical Center,PHASE2,COMPLETED,2009-02,2010-12,25.0,acolbifene hydrochloride
NCT00109096,Study of Pemetrexed in the Treatment of Patients With Ovarian Cancer Who Have Failed Prior Platinum-Based Chemotherapy,Eli Lilly and Company,PHASE2,COMPLETED,2005-06,2007-03,100.0,Pemetrexed
NCT00353496,Study of Lanreotide Autogel in Non-functioning Entero-pancreatic Endocrine Tumours,Ipsen,PHASE3,COMPLETED,2006-06,2013-04,264.0,lanreotide (Autogel formulation); Placebo
NCT05619562,Clinical Significance of Circulating Tumour Cells in Resectable Lung Cancer Patients,"The Institute of Molecular and Translational Medicine, Czech Republic",N/A,COMPLETED,2009-01,2015-12,166.0,Device for CTC/DTC detection
NCT06274762,Visually Impaired Women Model-based Cancer Education and Breast Self-examination,Marmara University,NA,UNKNOWN,2024-04-01,2025-03-31,90.0,Training and BSE application on a model
NCT06160362,The Safety and Efficacy of Double-target CART-19 and 20 Cells in Non-Hodgkin's Lymphoma (NHL),Henan Cancer Hospital,NA,UNKNOWN,2023-10-31,2025-12,20.0,CART-19 and 20 cells; Cyclophosphamide; Fludarabine
NCT05953662,Safety and Efficacy of Reduced-port Laparoscopic Surgery for Patients Of Colon and Upper Rectal Cancer,"Sixth Affiliated Hospital, Sun Yat-sen University",NA,ACTIVE_NOT_RECRUITING,2023-09-01,2026-12-01,500.0,Reduced-port laparoscopic surgery; conventional laparoscopic surgery
NCT00511862,TheraSphere for the Treatment of Liver Metastases,Boston Scientific Corporation,PHASE2,COMPLETED,2007-01,2011-03,151.0,Yttrium 90 glass microspheres
NCT05481762,Evaluation of Contextflow DETECT Lung CT Nodule Detection Software in Chest CT Scans,contextflow GmbH,N/A,COMPLETED,2022-04-01,2022-10-30,337.0,Aided read with contextflow DETECT Lung CT
NCT03013946,Role of PRoactivE Coaching on PAtient REported Outcome in Advanced or Metastatic RCC Treated With Sunitinib or a Combination of Pembrolizumab + Axitinib or Avelumab + Axitinib in First Line Therapy,AIO-Studien-gGmbH,PHASE3,TERMINATED,2017-01-18,2024-01-16,121.0,Concomitant coaching
NCT00569946,Study Of AG-013736 (Axitinib) As Second-Line Treatment In Patients With Metastatic Renal Cell Cancer (mRCC),Pfizer,PHASE2,COMPLETED,2007-12-12,2012-10-30,64.0,AG-013736
NCT05585788,Opioid Dispensing Device for Post-Operative Pain in Cancer Patients,Columbia University,NA,RECRUITING,2020-10-05,2027-07,140.0,Addinex Device (ADX-27)
NCT00784303,"Evaluating the Safety and Efficacy of Oral Lenvatinib in Medullary and Iodine-131 Refractory, Unresectable Differentiated Thyroid Cancers, Stratified by Histology",Eisai Inc.,PHASE2,COMPLETED,2008-11-06,2019-03-29,117.0,Lenvatinib (DTC Cohort); Lenvatinib (MTC Cohort)
NCT07455903,Assessing Efficacy of Neoadjuvant ADT in Localized High-Risk Prostate Cancer Patients Utilizing 18F-Flotufolastat PSMA PET/CT,Baptist Health South Florida,PHASE2,RECRUITING,2026-07-29,2031-02,50.0,Leuprolide; Degarelix; Relugolix; Triptorelin; Bicalutamide; 18-F Flotufolastat PSMA PET; Radical prostatectomy
NCT04195503,"Liver Transplant for Stable, Advanced Intrahepatic Cholangiocarcinoma","University Health Network, Toronto",NA,ENROLLING_BY_INVITATION,2019-12-10,2034-12-31,10.0,Liver Transplantation
NCT06831903,Radiotherapy of Head and Neck Cancer With SIB,Wuerzburg University Hospital,N/A,RECRUITING,2019-05-21,2039-10-01,750.0,
NCT00578903,Allogeneic Stem Cell Transplant for Patients With Severe Aplastic Anemia,Baylor College of Medicine,PHASE2,TERMINATED,2002-02,2012-07,22.0,Cytoxan; Campath; Total Body Irradiation (TBI); FK-506; Methotrexate; Stem cell infusion
NCT05084027,Venetoclax Combining With Fludarabine and Melphalan as Conditioning Regimen for Allo-HSCT,First Affiliated Hospital of Zhejiang University,PHASE2,UNKNOWN,2021-10-07,2024-09-30,50.0,venetoclax combining with fludarabine and melphalan
NCT06915727,An Imaging Agent (Pafolacianine) for Identifying Lesions in Pediatric Patients With Primary or Metastatic Solid Tumors,Mayo Clinic,PHASE3,RECRUITING,2025-04-15,2027-05-01,20.0,Biospecimen Collection; Near Infrared Imaging; Pafolacianine Sodium; Surgical Procedure
NCT05318027,ChatBot and Activity Monitoring in Patients Undergoing Chemoradiotherapy,Abramson Cancer Center at Penn Medicine,PHASE2,ACTIVE_NOT_RECRUITING,2023-05-22,2026-12,70.0,ChatBot
NCT05624827,The Role of FAM19A4 and Hsa-mir-124 Methylation in Predicting Prognosis of Untreated Cervical Intraepithelial Neoplasia 2 (CIN 2),University Medical Centre Maribor,NA,UNKNOWN,2021-09-01,2024-05-01,100.0,Testing DNA methylation test for predicting prognosis of untreated CIN 2
NCT03927027,Axillary Reverse Mapping in Preventing Lymphedema in Patients With Breast Cancer Undergoing Axillary Lymph Node Dissection,Alliance for Clinical Trials in Oncology,PHASE3,ACTIVE_NOT_RECRUITING,2019-07-29,2027-01,534.0,Isosulfan Blue; Axillary Lymph Node Dissection; Mapping; Quality-of-Life Assessment; Questionnaire Administration
NCT05887986,Management of Dyspnea: Use of Hand Held Fan,Aysegul Celik,NA,COMPLETED,2022-12-22,2024-02-15,56.0,hand-held fan airflow stimulation
NCT07280286,Incidence of Intrauterine Adhesions After Myomectomy With Intrauterine Anti-Adhesion Gel,Federico II University,NA,NOT_YET_RECRUITING,2025-12-09,2028-11-20,62.0,Women will receive the application of an anti-adhesion gel at the end of the myomectomy procedure
NCT01413386,Efficacy and Safety of the Paclitaxel Eluting Covered Biliary Stent to the Common Covered Metallic Biliary Stent,"Jong Taek, Lee",NA,TERMINATED,2011-09,2013-04-23,74.0,biliary stent
NCT05336786,Prostate Cancer Diagnosis by Multiparametric Ultrasound (Wholemount),Thomas Jefferson University,PHASE3,ACTIVE_NOT_RECRUITING,2022-06-15,2026-05-26,70.0,Perflutren Lipid Microspheres; Ultrasound
NCT00599170,Rituximab Plus CHOP With Sargramostim in Patients With Newly Diagnosed Diffuse Large B-Cell Lymphoma,University of Southern California,PHASE2,COMPLETED,2008-01-10,2021-01-10,52.0,Rituximab
NCT06740370,TACE Combined With Lenvatinib and PD-1 Inhibitor for Ruptured Hepatocellular Carcinoma,Sun Yat-sen University,NA,RECRUITING,2024-12-13,2026-08-30,32.0,TACE; Lenvatinib; PD-1 Inhibitors
NCT05167370,High Dose Chemotherapy With Amifostine and Autologous Stem Cell Transplantation for High Risk Relapsed Pediatric Solid Tumors and Brain Tumors,"Children's Hospital Medical Center, Cincinnati",PHASE2,TERMINATED,2010-12-13,2012-04-24,2.0,Amifostine
NCT07069270,A Study on the First-line Treatment of Small Cell Lung Cancer With Adebrelimab and Vunakizumab and Chemotherapy,Fujian Cancer Hospital,PHASE2,NOT_YET_RECRUITING,2025-09-01,2028-01-01,28.0,Vunakizumab (IL-17A inhibitor); Adebrelimab; Chemotherapy
NCT06603870,Secondary Prevention of VTE in Patients With Cancer and Catheter-Related Upper Extremity Deep Vein Thrombosis,Ottawa Hospital Research Institute,PHASE4,RECRUITING,2024-12-19,2029-10,330.0,Apixaban
NCT07412873,Study on Sexual Health and Self-perceived Quality of Life (PROMs) in Patients Treated for Cervical Cancer,Fundacion Clinic per a la Recerca Biomédica,PHASE4,NOT_YET_RECRUITING,2026-03-02,2029-06-30,120.0,Sex hormones and modulators of the genital system.
NCT03113318,Mediastinal Lymph Node Dissection in Conjunction With Pulmonary Metastasectomy From Colorectal Cancer,"Rigshospitalet, Denmark",NA,UNKNOWN,2015-10,2022-10,200.0,Total mediastinal lymph node dissection and pulmonary metastasectomy; Only pulmonary metastasectomy
NCT07324018,Spirulina Derivative for Radiation Esophagitis,West China Hospital,PHASE2,NOT_YET_RECRUITING,2026-01-12,2026-08-31,70.0,Hydrogel of spirulina-derived exosomes.; Hydrogel of placebo; Radiotherapy
NCT04379518,Rintatolimod and IFN Alpha-2b for the Treatment of COVID-19 in Cancer Patients,Roswell Park Cancer Institute,PHASE1,TERMINATED,2020-11-17,2023-03-15,4.0,Recombinant Interferon Alfa-2b; Rintatolimod
NCT05048797,"A Study to Investigate the Efficacy and Safety of Trastuzumab Deruxtecan as the First Treatment Option for Unresectable, Locally Advanced/Metastatic Non-Small Cell Lung Cancer With HER2 Mutations",AstraZeneca,PHASE3,ACTIVE_NOT_RECRUITING,2021-10-28,2027-07-30,454.0,Trastuzumab Deruxtecan; Cisplatin; Carboplatin; Pembrolizumab; Pemetrexed
NCT01252797,Dose Escalation/De-escalation Study of Pre-operative Stereotactic Radiosurgery for Brain Metastases(RAD 1002),University of Alabama at Birmingham,PHASE1,COMPLETED,2010-10,2018-04,20.0,Stereotactic Radiosurgery (15 Gy); Stereotactic Radiosurgery (12 Gy)
NCT02638090,Pembro and Vorinostat for Patients With Stage IV Non-small Cell Lung Cancer (NSCLC),H. Lee Moffitt Cancer Center and Research Institute,PHASE1,ACTIVE_NOT_RECRUITING,2016-03-22,2026-07,120.0,Vorinostat; Pembrolizumab
NCT00242190,"Gemcitabine, Oxaliplatin and Radiation Therapy in Pancreatic Cancer",University of Michigan Rogel Cancer Center,PHASE1,COMPLETED,2004-06,2010-02,40.0,oxaliplatin; gemcitabine; radiation therapy
NCT04464590,Interest of a Systematic One-year Monitoring by 18F-FDG PET-CT,"University Hospital, Brest",N/A,COMPLETED,2009-01-01,2018-12-31,100.0,
NCT00691990,Classic Total Thyroidectomy With or Without Drains,Aristotle University Of Thessaloniki,NA,COMPLETED,2008-05,2011-07,100.0,Total thyroidectomy
NCT03954197,Evaluation of Priming Before in Vitro Maturation for Fertility Preservation in Breast Cancer Patients,Hôpital Jean Verdier,NA,UNKNOWN,2014-09-09,2019-10-09,204.0,No hormone; hCG; GnRH a
NCT00866697,"Efficacy and Safety of Pazopanib Monotherapy After First Line Chemotherapy in Ovarian, Fallopian Tube, or Primary Peritoneal Cancer",Novartis Pharmaceuticals,PHASE3,COMPLETED,2009-05-26,2017-08-24,940.0,Pazopanib; Placebo
NCT01594697,Metformin in Pregnancy in Women With Polycystic Ovary Syndrome,Catholic University of the Sacred Heart,NA,COMPLETED,,,60.0,Metformin
NCT02213497,Dose Escalation of Neoadjuvant Proton Beam Radiotherapy With Concurrent Chemotherapy in Locally Advanced Esophageal Cancer,Abramson Cancer Center at Penn Medicine,PHASE1,ACTIVE_NOT_RECRUITING,2014-04,2026-12-31,30.0,18F-FDG (Fluorodeoxyglucose) PET; Carboplatin; Paclitaxel
NCT02259010,A Study to Evaluate the Effect of Itraconazole on the Pharmacokinetics of Alisertib in Participants With Advanced Solid Tumors or Relapsed/Refractory Lymphoma,"Millennium Pharmaceuticals, Inc.",PHASE1,COMPLETED,2014-10-22,2016-10-21,24.0,Alisertib; Itraconazole
NCT06981910,The Role of Psychoeducation in Breast Cancer Care,Dicle University,NA,COMPLETED,2023-10-01,2025-01-31,63.0,Psychoeducation program
NCT03573310,"A Study of JNJ-64619178, an Inhibitor of PRMT5 in Participants With Advanced Solid Tumors, NHL, and Lower Risk MDS","Janssen Research & Development, LLC",PHASE1,COMPLETED,2018-07-13,2025-09-25,114.0,JNJ-64619178
NCT07044310,5-strain Probiotic Formulation in HR-positive Breast Cancer Receiving Aromatase Inhibitor to Prevent Bone Loss,Mayo Clinic,PHASE2,RECRUITING,2025-07-25,2027-07-25,38.0,Biospecimen Collection; Bone Mineral Density Test; Questionnaire Administration; WBF-038
NCT05291910,Inetetamab Combined With Anti-PD-1 Monoclonal Antibody and Albumin-Bound Paclitaxel for HER2+ Metastatic Breast Cancer,Chinese Academy of Medical Sciences,PHASE4,UNKNOWN,2022-03-12,2025-12-31,70.0,Inetetamab; Toripalimab; Albumin-Bound Paclitaxel
NCT02678910,Ovarian Tissue Freezing For Fertility Preservation In Women Facing A Fertility Threatening Medical Diagnosis/Treatment,Vlad Radulescu,NA,COMPLETED,2017-02-01,2017-06-21,2.0,Ovarian Cryopreservation
NCT02907710,Endostar Combined With Concurrent Chemoradiotherapy for Locoregionally Advanced Nasopharyngeal Carcinoma,First Affiliated Hospital of Guangxi Medical University,PHASE3,UNKNOWN,2016-10,2019-11,300.0,Endostar; DDP
NCT01311713,Study to Determine the Maximum Tolerated Dose of the PARP Inhibitor CEP-9722 in Participants With Solid Tumors,"Teva Branded Pharmaceutical Products R&D, Inc.",PHASE1,TERMINATED,2011-05-02,2013-10-16,45.0,CEP-9722
NCT03003013,Effect of Biphasic Bone Graft Material With Autologous Platelet-rich Fibrin on Bone Regeneration in a Maxillary Cyst,Cairo University,PHASE4,UNKNOWN,2016-11,2018-12,28.0,Biphasic Bone Graft Material (BGM) in Combination With Autologous Platelet-rich Fibrin (PRF)
NCT00531960,A Study of Tarceva (Erlotinib) in Combination With Avastin (Bevacizumab) in Patients With Advanced Non-Small Cell Lung Cancer.,Hoffmann-La Roche,PHASE2,COMPLETED,2008-01,2010-01,124.0,Erlotinib; Bevacizumab; Standard platinum-based chemotherapy
NCT00028860,Combination Chemotherapy Following Surgery in Treating Patients With Urinary Tract Cancer,Tulane University Health Sciences Center,PHASE2,COMPLETED,2001-10,2004-10,,filgrastim; carboplatin; gemcitabine hydrochloride; ifosfamide; paclitaxel; adjuvant therapy
NCT00408460,Imatinib Mesylate and Paclitaxel in Treating Older Patients With Stage IIIB or Stage IV Non-Small Cell Lung Cancer,University of Washington,PHASE2,COMPLETED,2006-02,2012-10,34.0,imatinib mesylate; paclitaxel
NCT02059720,Haplo-SCT vs ASCT With or Without Decitabine in AML CR1,The First Affiliated Hospital of Soochow University,PHASE3,UNKNOWN,2014-02,2020-12,212.0,HSCT
NCT04947020,DataBase for Analysis of Rectal Cancer Oncological Results,Jagiellonian University,N/A,COMPLETED,2021-08-01,2024-12-31,2443.0,Metformin
NCT05080920,Rosmalip® for Cancer Infections Prevention,Fundación Investigación E Innovación Biomédica Hospital Universitario Infanta Sofia-Henares,NA,COMPLETED,2020-10-28,2022-12-31,109.0,Rosmalip®; Placebo
NCT03792282,Time-Restricted Feeding(TRF) on Overweight/Obese Women with Polycystic Ovarian Syndrome (PCOS),The First Affiliated Hospital of Xiamen University,NA,COMPLETED,2019-01-07,2023-07-31,93.0,Time Restricted Feeding; Usual care
NCT00097682,Views of Cancer Patients Regarding Financial Conflicts of Interest,National Institutes of Health Clinical Center (CC),N/A,COMPLETED,2004-11-18,2007-10-02,300.0,
NCT03005782,Study of REGN3767 (Anti-LAG-3) With or Without REGN2810 (Anti-PD1) in Advanced Cancers,Regeneron Pharmaceuticals,PHASE1,COMPLETED,2016-11-07,2024-04-02,333.0,REGN3767; cemiplimab
NCT01799382,Role of Rapid On-site Evaluation for Mutational Analysis of EBUS-TBNA Specimens,"Maggiore Bellaria Hospital, Bologna",NA,COMPLETED,2013-02,2014-10,126.0,Rapid on-site evaluation; EBUS-TBNA
NCT06081582,Toripalimab in Combined With Cetuximab，Chemotherapy for Conversion Therapy of Locally Nonresectable OCSCC,First Affiliated Hospital of Zhejiang University,PHASE2,UNKNOWN,2023-07-06,2024-11,33.0,Toripalimab
NCT05214482,A Study of AK112 in Advanced Malignant Tumors,Akeso,PHASE1,COMPLETED,2022-01-22,2025-12-31,154.0,AK112; AK117; Chemotherapy
NCT00492882,Study of Mechanisms of Anovulation in Polycystic Ovary Syndrome,"University Hospital, Lille",N/A,COMPLETED,2003-11,2007-01,30.0,usual administration of exogenous recombinant FSH
NCT02014324,Single Scope Staging of Lung Cancer With Endosonography,Academisch Medisch Centrum - Universiteit van Amsterdam (AMC-UvA),N/A,COMPLETED,2013-05,2014-10,215.0,Endosonography
NCT06468124,Sensitivity of Organoids to Predict Treatment Outcome in Breast Cancer Metastases,King's College London,N/A,RECRUITING,2025-05-27,2026-06-30,20.0,
NCT04554524,Chemotherapy Combined With Pembrolizumab in Treating Patients With Thymoma and Thymic Carcinoma,Tang-Du Hospital,PHASE4,UNKNOWN,2020-08-27,2024-07-30,40.0,Chemotherapy+Pembrolizumab.
NCT03483324,Trial of AB-110 in Adults With Hematologic Malignancies Undergoing Cord Blood Transplantation,Angiocrine Bioscience,PHASE1,COMPLETED,2018-04-24,2022-01-31,10.0,Unmanipulated Umbilical Cord Blood (UCB); AB-110
NCT07232524,A Study of BL-M24D1 in Patients With Locally Advanced or Metastatic Head and Neck Squamous Cell Carcinoma and Other Solid Tumors,"Sichuan Baili Pharmaceutical Co., Ltd.",PHASE1,RECRUITING,2025-12-10,2027-11,16.0,BL-M24D1
NCT03242824,The Utility of 18F-DOPA-PET in the Treatment of Recurrent High-grade Glioma,Mayo Clinic,PHASE2,COMPLETED,2017-09-29,2021-06-16,21.0,Fluorine F 18 Fluorodopa; Intensity-Modulated Radiation Therapy; Positron Emission Tomography
NCT01534923,Doctor-Patient Communication About Colorectal Cancer Screening,Memorial Sloan Kettering Cancer Center,N/A,COMPLETED,2012-02-07,2019-12-26,76.0,surveys
NCT01624623,Daily Target Guided Radiation Therapy Using the Calypso 4D Localization System in Patients Who Have Had a Prostatectomy for Prostate Cancer,U.S. Army Medical Research Acquisition Activity,N/A,UNKNOWN,2010-03,2016-08,20.0,
NCT00147680,Uterine Papillary Serous Cancer (UPSC) Trial,Queensland Centre for Gynaecological Cancer,PHASE2,COMPLETED,2004-09,2009-10,30.0,"Paclitaxel, Carboplatin"
NCT01519596,Symptom-Adapted Physical Activity Intervention in Minimizing Physical Function Decline in Older Patients With Acute Myeloid Leukemia Undergoing Chemotherapy,Wake Forest University Health Sciences,NA,COMPLETED,2012-10,2017-02-05,70.0,quality-of-life assessment; counseling intervention; exercise intervention; educational intervention; standard follow-up care
NCT03473496,CAR-T Cells Therapy in Relapsed/Refractory Multiple Myeloma,Zhujiang Hospital,NA,TERMINATED,2018-03-01,2020-01-31,2.0,CART therapy in Relapsed/Refractory multiple myeloma
NCT06512896,Clinical Study on Intraluminal Injection of FOLactis,The Affiliated Nanjing Drum Tower Hospital of Nanjing University Medical School,NA,UNKNOWN,2023-05-01,2026-05-30,40.0,FOLactis
NCT06601296,Radiotherapy in Combination With Checkpoint Inhibition for Patients With Metastatic Kidney Cancer,University of Texas Southwestern Medical Center,PHASE2,RECRUITING,2025-04-01,2028-10,15.0,IMSA101
NCT00305188,Evaluation of the Efficacy of Xaliproden (SR57746A) in Preventing the Neurotoxicity of Oxaliplatin / 5FU/LV Chemotherapy.,Sanofi,PHASE3,COMPLETED,2005-12,2009-10,879.0,Xaliproden (SR57746A); Placebo; Oxaliplatin; 5-Fluorouracil; Leucovorin
NCT03164603,"NLG802 Indoleamine 2,3-Dioxygenase (IDO) Inhibitor in Advanced Solid Tumors",NewLink Genetics Corporation,PHASE1,COMPLETED,2017-06-29,2019-09-25,26.0,NLG802
NCT00686127,Symptom Management After Breast Cancer Surgery,"University of California, San Francisco",PHASE4,COMPLETED,2003-09,2007-12,21.0,Lidoderm patch; Placebo patch
NCT00777127,Long-term Effects of Imiquimod and Diclofenac in Actinic Keratoses,MEDA Pharma GmbH & Co. KG,PHASE4,COMPLETED,2008-12,2012-11,258.0,Imiquimod; Diclofenac
NCT06911827,A Study of QLP2117 in Combination With QL2107 in Advanced Solid Tumor Patients,"Qilu Pharmaceutical Co., Ltd.",PHASE1,RECRUITING,2025-05-09,2028-12,149.0,QLP2117; QL2107
NCT07413627,A Study Evaluating the Contribution of Non-Coplanar Beam Arrangement in Reducing Toxicity in Radiotherapy for Upper Aerodigestive Tract Cancers,Centre Georges Francois Leclerc,NA,NOT_YET_RECRUITING,2026-04-01,2029-11-01,70.0,Coplanar External Beam Radiotherapy; Non-Coplanar External Beam Radiotherapy
NCT04961827,A Self-efficacy Based Dietary Intervention,The University of Hong Kong,NA,TERMINATED,2021-07-29,2022-12-22,68.0,Self-efficacy based images through instant messaging; Knowledge based images through instant messaging
NCT03295227,Pembrolizumab in Treating Participants With Unresectable Thymoma or Thymic Cancer,M.D. Anderson Cancer Center,PHASE1,RECRUITING,2017-12-06,2027-12-31,37.0,Pembrolizumab
NCT03088527,"Phase 1, First-in-Human Study of RAD140 in Postmenopausal Women With Breast Cancer","Stemline Therapeutics, Inc.",PHASE1,COMPLETED,2017-10-23,2020-09-24,20.0,RAD140
NCT04674527,Pilot Study of Elemene in Treating Patients With Refractory Glioblastoma,"Second Affiliated Hospital, Zhejiang University, School of Medicine",PHASE2,UNKNOWN,2021-06-01,2023-06-01,30.0,Elemene; Temozolomide
NCT00558961,Dose Escalation Study of Gleevec and Chlorambucil in Previously Treated Chronic Lymphocytic Leukemia Patients,Jewish General Hospital,PHASE1,TERMINATED,2005-10,2009-04,13.0,Gleevec and Chlorambucil
NCT06583161,Emulation of the Moderate Alcohol and Cardiovascular Health Trial (MACH15),Harvard School of Public Health (HSPH),N/A,COMPLETED,2006-01,2022-11-30,503325.0,Moderate drinking; Quitting; Social drinking; Heavy/binge drinking
NCT05359861,Trial of Atezolizumab and Bevacizumab With SRF388 or Placebo in Patients With Hepatocellular Carcinoma,"Coherus Oncology, Inc.",PHASE2,COMPLETED,2022-04-12,2025-07-08,30.0,SRF388; Atezolizumab; Bevacizumab; Placebo
NCT00668642,Effect of Dutasteride on Androgen-Response Gene Expression in Patients With Advanced Prostate Cancer,Endeavor Health,PHASE2,COMPLETED,2007-03,2013-05,20.0,Dutasteride; Placebo
NCT06655142,OSCAR II STUDY - The ONCObind CTC Removal Study,ExThera Medical Corporation,NA,NOT_YET_RECRUITING,2027-01-15,2028-07,120.0,ONCObind (Onco-Seraph) 100 Filter; Matched Controls
NCT02766842,Evaluation of a New EUS Guided Biopsy Needle (SharkCore) Comparing to Standard EUS Needle (ProCore),Johns Hopkins University,PHASE2,WITHDRAWN,2016-04,2017-02,0.0,EUS-FNB with ProCore needle; EUS-FNB with SharkCore needle; ProCore needle; SharkCore needle
NCT02280642,Alternate Dosing Schedules Study for HPV Vaccine (ADS),Duke University,N/A,COMPLETED,2009-03,2012-09,331.0,Both 2nd and 3rd doses on time; 2nd dose late and 3rd dose on time; 2nd dose on time and 3rd dose late; Both doses late
NCT04659590,Exploratory Study of Rectal Mucus for Diagnosing Disease,Origin Sciences,N/A,COMPLETED,2019-11-06,2023-08-15,800.0,
NCT04712097,A Study Evaluating the Efficacy and Safety of Mosunetuzumab in Combination With Lenalidomide in Comparison to Rituximab in Combination With Lenalidomide With a US Extension of Mosunetuzumab in Combination With Lenalidomide in Participants With Follicular Lymphoma,Hoffmann-La Roche,PHASE3,ACTIVE_NOT_RECRUITING,2021-10-27,2029-12-31,478.0,Mosunetuzumab; Lenalidomide; Rituximab; Tociluzumab
NCT05024097,A Phase I-II Study to Test the Safety and Efficacy of PD1 (AB122) and Adenosine Receptor (AB928) Antagonists With Chemotherapy After Short-Course Radiation for Rectal Cancer.,Weill Medical College of Cornell University,PHASE2,RECRUITING,2022-03-31,2031-12,43.0,Etrumadenant (AB928); Radiation therapy; FOLFOX regimen; Zimberelimab (AB122)
NCT07066397,A Phase 1 Study of FIT-CD19-CAR-T Cells in R/R B-ALL,TriArm Therapeutics (Taiwan) Limited,PHASE1,RECRUITING,2025-07-15,2041-04-01,12.0,ARM011; Fludarabine; Cyclophosphamide
NCT01441297,BIBF 1120 as Second Line Treatment for Small Cell Lung Cancer,Ji-youn Han,PHASE2,COMPLETED,2011-12,2016-03-31,24.0,BIBF 1120
NCT02088710,Expectations and Side Effects of Endocrine Therapy in Women With Breast Cancer,Philipps University Marburg,N/A,UNKNOWN,2011-01,2020-02,138.0,Enhanced information about endocrine therapy
NCT03047213,Sapanisertib in Treating Patients With Locally Advanced or Metastatic Bladder Cancer With TSC1 and/or TSC2 Mutations,National Cancer Institute (NCI),PHASE2,ACTIVE_NOT_RECRUITING,2017-08-24,2026-11-12,17.0,Sapanisertib
NCT05925413,Cadonilimab Plus TACE in Patients With Intermediate-stage Unresectable Hepatocellular Carcinoma,Eastern Hepatobiliary Surgery Hospital,PHASE2,UNKNOWN,2023-04-24,2025-07-30,41.0,Cadonilimab+TACE
NCT00070213,Leucovorin and Fluorouracil With or Without Oxaliplatin Compared to Capecitabine With or Without Oxaliplatin in Treating Patients With Metastatic Colorectal Cancer,Medical Research Council,PHASE3,COMPLETED,2003-09,2011-06-01,460.0,FOLFOX regimen; capecitabine; fluorouracil; leucovorin calcium; oxaliplatin; quality-of-life assessment
NCT02880020,Nivolumab With or Without Ipilimumab in Treating Patients With Gastrointestinal Stromal Tumor That Is Metastatic or Cannot Be Removed by Surgery,Jonsson Comprehensive Cancer Center,PHASE2,COMPLETED,2016-12-14,2022-08-09,36.0,Ipilimumab; Laboratory Biomarker Analysis; Nivolumab
NCT05322720,"HR Positive, HER2 Negative Advanced Breast Cancer With Progression After Endocrine Therapy","Taizhou EOC Pharma Co., Ltd.",PHASE2,UNKNOWN,2022-04,2025-05,50.0,EOC202; albumin-bound paclitaxel
NCT00006460,Radiation Therapy Plus Hyperbaric Oxygen in Treating Patients With Newly Diagnosed Glioblastoma Multiforme,Barrett Cancer Center,PHASE1,UNKNOWN,2000-08,,,hyperbaric oxygen; radiation therapy
NCT04957160,Cabozantinib Post First-line Immuno-oncology Checkpoint Inhibitor Containing Combination,Ipsen,N/A,COMPLETED,2021-09-09,2022-06-15,281.0,
NCT02027220,"Combination of G-CSF, Bortezomib, Cyclophosphamide and Dexamethasone in Patients With Multiple Myeloma",Second Affiliated Hospital of Soochow University,PHASE2,UNKNOWN,2013-12,2015-12,60.0,G-CSF; Bortezomib; Cyclophosphamide; Dexamethasone
NCT01369420,NanoKnife Low Energy Direct Current (LEDC) System in Subjects With Locally Advanced Unresectable Pancreatic Cancer,"Angiodynamics, Inc.",PHASE2,COMPLETED,2011-05,2012-09,10.0,NanoKnife Low Energy Direct Current (LEDC) System Ablation
NCT01561482,Study of Metformin With Simvastatin for Men With Prostate Carcinoma,Nicholas Mitsiades,PHASE2,WITHDRAWN,2012-01,2014-07,0.0,Metformin; Simvastatin
NCT05061082,Genomic Evolution of Metastasis in Gastric Cancer,University Medical Center Ho Chi Minh City (UMC),N/A,UNKNOWN,2021-10-26,2022-10-31,20.0,
NCT00897182,Identifying Cancer Genes in in Blood and Bone Marrow Samples From Patients With Acute Myeloid Leukemia,Alliance for Clinical Trials in Oncology,N/A,COMPLETED,2008-05,2014-03,96.0,microarray analysis; polymerase chain reaction
NCT03289182,An Observational Study of MabThera Subcutaneous (SC) Safety in Participants With Non-Hodgkin's Lymphoma (NHL) or Chronic Lymphocytic Leukemia (CLL),Hoffmann-La Roche,N/A,COMPLETED,2017-09-15,2020-10-27,701.0,MabThera
NCT07722182,Navigation Bronchoscopy Guided Microwave Ablation Versus SBRT in Early NSCLC,Chinese University of Hong Kong,PHASE2,NOT_YET_RECRUITING,2026-08-10,2029-12-31,100.0,Navigation Bronchoscopy-Guided Microwave Ablation; Stereotactic Body Radiotherapy (SBRT)
NCT04917224,Study of LUNG Stereotactic Adaptive Ablative Radiotherapy,Baptist Health South Florida,NA,WITHDRAWN,2022-05-02,2032-10-01,0.0,Stereotactic Adaptive Ablative Radiotherapy at 50 Gy (Gray); Stereotactic Adaptive Ablative Radiotherapy at 60 Gy (Gray)
NCT05151224,Circulating microRNA 21 Expression Level Before and After Neoadjuvant Systemic Therapy in Breast Carcinoma,Ain Shams University,N/A,UNKNOWN,2021-12,2024-01,40.0,microRNA 21
NCT03158324,Phase IIa Dose-Expansion and Biomarker Study of OPB-111077,"National University Hospital, Singapore",PHASE2,UNKNOWN,2017-05-22,2020-11-30,52.0,OPB-111077
NCT01953224,STEP AND GO: A Study of Technology-based Exercise Promotion,"The University of Texas Medical Branch, Galveston",NA,COMPLETED,2014-09,2016-11,40.0,Game-based intervention; Smartphone
NCT00453323,Paclitaxel and Capecitabine in Patients With Metastatic/Recurrence Esophageal Cancer,"National Cancer Center, Korea",PHASE2,UNKNOWN,2006-06,2010-12,33.0,Paclitaxel; Capecitabine
NCT01723423,Mastectomy Reconstruction Outcomes Consortium (MROC) Study,University of Michigan,N/A,COMPLETED,2011-08,2016-12,4436.0,
NCT05465759,Frequency of SARS COVID-19 Infection Among Malignant Patients at South Egypt Cancer Institute,Assiut University,N/A,UNKNOWN,2022-07,2023-08,200.0,disease
NCT00985959,A Study of JNJ-26866138 (Bortezomib) in Untreated Multiple Myeloma Patients Who Are Not Candidates for Hematopoietic Stem Cell Transplant (HSCT),Janssen Pharmaceutical K.K.,PHASE1,COMPLETED,2008-07,2010-06,101.0,JNJ-26866138 0.7 mg/m2; JNJ-26866138 1.0 mg/m2; JNJ-26866138 1.3 mg/m2; Melphalan; Prednisolone
NCT06830759,Real-World Study to Assess Subcutaneous Epcoritamab in Adult Participants With Diffuse Large B-Cell and Follicular Lymphoma,AbbVie,N/A,RECRUITING,2025-03-28,2031-09,700.0,
NCT07567859,A Study of HS-10587 in Patients With Advanced Solid Tumors,"Jiangsu Hansoh Pharmaceutical Co., Ltd.",PHASE1,NOT_YET_RECRUITING,2026-06-04,2028-06-30,362.0,HS-10587
NCT00675259,Phase II NCT (Neoadjuvant Chemotherapy) w/ Weekly Abraxane in Combination With Carboplatin & Bevacizumab in Breast Cancer,Ohio State University Comprehensive Cancer Center,PHASE2,COMPLETED,2008-07,2014-03,33.0,bevacizumab; carboplatin; nab-paclitaxel; Surgery; Adjuvant chemotherapy
NCT05315180,A Phase 1，Open-label Study of BPI-421286 in Subjects With Advanced Solid Tumors,"Betta Pharmaceuticals Co., Ltd.",PHASE1,UNKNOWN,2021-08-24,2023-07-31,80.0,BPI-421286
NCT07244380,Phase II Trial of S101 Autologous Anti-CD7 CAR-T Cells in Patients With R/R T-LBL/ALL.,"Hebei Senlang Biotechnology Inc., Ltd.",PHASE2,NOT_YET_RECRUITING,2025-11-28,2028-06-30,38.0,Autologous CD7-targeting CAR T cells
NCT04155580,A Study of ASTX660 as a Single Agent and in Combination With ASTX727 in Subjects With Relapsed/Refractory Acute Myeloid Leukemia (AML),"Astex Pharmaceuticals, Inc.",PHASE1,TERMINATED,2020-06-12,2022-01-14,68.0,ASTX660; ASTX727
NCT03413579,Evaluate Efficacy of the Association Nimotuzumab(HR3) /Cisplatin-Vinorelbine on Patients With Cervical Carcinom,El Kendi Pharmaceuticals Manufacturing Company,PHASE3,COMPLETED,2015-11,2021-02,37.0,Nimotuzumab ( h-R3); Placebo
NCT06767579,Comparison of the Incidence of Delirium Caused by Different Anesthetic Agents in Patients Undergoing Liver Transplantation,Yonsei University,N/A,RECRUITING,2024-10-24,2028-10-17,350.0,
NCT04423679,The Selfie Study- Assessing Novel Markers for Cervical Cancer Screening From Self-collected Samples,George Washington University,N/A,COMPLETED,2020-08-15,2025-06-19,294.0,Evalyn Brush
NCT02429479,Preparing Family Caregivers to Make Medical Decisions for Their Loved Ones,Milton S. Hershey Medical Center,NA,COMPLETED,2013-06-01,2021-06-30,285.0,Making Your Wishes Known; Standard advance care planning
NCT00186979,Study of ZD1839 Combined With Irinotecan and Vincristine in Pediatric Patients With Refractory Solid Tumors,St. Jude Children's Research Hospital,PHASE1,COMPLETED,2003-05,2010-03,34.0,"Irinotecan, ZD1839, Vincristine, Cefixime, Cefpodoxime."
NCT00798096,Efficacy and Safety Study of Fostamatinib Disodium Tablets to Treat T-Cell Lymphoma,Rigel Pharmaceuticals,PHASE2,COMPLETED,2009-03,2010-04,18.0,Fostamatinib Disodium
NCT06364696,A Study to Find a Suitable Dose of ASP4396 in Adults With Solid Tumors,Astellas Pharma Inc,PHASE1,TERMINATED,2024-04-16,2026-06-17,60.0,ASP4396
NCT02807896,Validation of Useful Markers Generated by Next Generation Bio-data Based Genome Research and Cohort Study,CHANGHEE LEE,N/A,COMPLETED,2016-09,2016-09,232.0,
NCT01279096,Safety of Clofarabine With Multiagent Chemotherapy in Childhood Acute Lymphoblastic Leukemia,"University Hospital, Lille",PHASE1,COMPLETED,2010-01,2013-06,20.0,Clofarabine
NCT01433146,"Effect of Temperament, Anxiety and Depression on Immuninity in Colorectal Cancer Patients. Effetti Del Temperamento, Dell'Ansia e Della Depressione Sulla Sopravvivenza Globale e Sulla Risposta Immunitaria Del Paziente Affetto da Adenocarcinoma Colo-Rettale.",University of Roma La Sapienza,N/A,COMPLETED,2011-09,2012-06,120.0,
NCT05346146,"A Prospective, Single-arm, Exploratory Clinical Study of Sintilimab Injection in Combination With Paclitaxel (Albumin-bound) and Gemcitabine in Translational Therapy in Patients With Unresectable Locally Advanced Pancreatic Cancer.",RenJi Hospital,PHASE2,UNKNOWN,2021-07-01,2024-07-01,20.0,Sintilimab; Gemcitabine; Albumin-paclitaxel
NCT05701488,SIRT With Tremelimumab and Durvalumab for Resectable HCC,"Jiping Wang, MD, PhD",PHASE1,ACTIVE_NOT_RECRUITING,2023-04-21,2026-10-01,20.0,Durvalumab; Tremelimumab; SIRT
NCT00576888,Registry for Vascular Anomalies Associated With Coagulopathy,Medical College of Wisconsin,N/A,COMPLETED,2007-11,2019-04-05,30.0,no intervention
NCT04987788,e-Motivación: Developing and Pilot Testing an App to Improve Latinos' Screening Colonoscopy Rates,Icahn School of Medicine at Mount Sinai,NA,COMPLETED,2021-08-19,2023-04-27,42.0,Motívate; Video link
NCT04719988,Anti-PD-1 and mDCF Followed by Chemoradiotherapy in Patients With Stage III Squamous Cell Anal Carcinoma.,Centre Hospitalier Universitaire de Besancon,PHASE2,ACTIVE_NOT_RECRUITING,2022-01-04,2026-07-05,55.0,Blood sample collection; Biopsy
NCT03464188,An Upstream Palliative Care Intervention for Rural and African-American Advanced Cancer Family Caregivers,University of Alabama at Birmingham,NA,COMPLETED,2018-10-20,2021-03-30,105.0,Project Cornerstone
NCT00970203,Dendritic Cell (DC)-Based Vaccines Loaded With Allogeneic Prostate Cell Lines in Combination With Androgen Ablation in Patients With Prostate Cancer,Roswell Park Cancer Institute,PHASE2,COMPLETED,2009-09,2019-10-05,13.0,androgen ablation (AA); DC1 vaccine
NCT05060003,Tiragolumab Plus Atezolizumab Versus Atezolizumab in the Treatment of Stage II Melanoma Patients Who Are ctDNA-positive Following Resection,Washington University School of Medicine,PHASE2,TERMINATED,2022-11-08,2023-11-27,7.0,Atezolizumab; Tiragolumab; Signatera Assay
NCT04620603,Low-Dose-Rate Brachytherapy Combined With Immune Checkpoint Inhibition in Cancer,Case Comprehensive Cancer Center,PHASE1,ACTIVE_NOT_RECRUITING,2021-05-27,2026-09-01,5.0,Low Dose Rate Brachytherapy (LDR); Standard-of-Care Immunotherapy
NCT06950827,Textbook Outcomes of Right Hemihepatectomy in Patients With Hepatocellular Carcinoma,West China Hospital,N/A,RECRUITING,2025-04-05,2025-05-15,400.0,laparoscopic right hemihepatectomy
NCT01223027,Study of Dovitinib Versus Sorafenib in Patients With Metastatic Renal Cell Carcinoma,Novartis Pharmaceuticals,PHASE3,COMPLETED,2011-03,2014-06,564.0,Dovitinib; Sorafenib
NCT00131027,High-Dose Methotrexate (MTX) for Adult Acute Lymphoblastic Leukemia (ALL),Japan Adult Leukemia Study Group,PHASE3,UNKNOWN,2002-09,2011-09,240.0,Cyclophosphamide; Daunorubicin; Vincristine; Prednisolone; L-asparaginase; Cytarabine; Etoposide; Dexamethasone; Methotrexate; Mercaptopurine; Doxorubicin; Methotrexate
NCT05631327,A JZP341 Study in Adult Participants With Advanced or Metastatic Solid Tumors,Jazz Pharmaceuticals,PHASE1,TERMINATED,2022-12-19,2024-04-24,12.0,JZP341
NCT06013527,Physical Rehabilitation Program for Cardiorespiratory Health and Quality of Life Among Breast Cancer Survivors in UAE.,Gulf Medical University,NA,COMPLETED,2023-07-01,2024-10-01,62.0,Supervised Training; Individually tailored home program
NCT00172861,Cyclooxygenase-2-Associated Factors and Gastric Carcinogenesis Mechanisms-Clinical Association and Genomic Investigation,National Taiwan University Hospital,N/A,UNKNOWN,2005-01,,20.0,
NCT02468661,"A Safety and Efficacy Study of INC280 Alone, and in Combination With Erlotinib, Compared to Chemotherapy, in Advanced/Metastatic Non-small Cell Lung Cancer Patients With EGFR Mutation and cMET Amplification",Novartis Pharmaceuticals,PHASE1,TERMINATED,2015-09-23,2018-12-05,23.0,INC280 single agent; erlotinib
NCT01485861,Study of Ipatasertib or Apitolisib With Abiraterone Acetate Versus Abiraterone Acetate in Participants With Castration-Resistant Prostate Cancer Previously Treated With Docetaxel Chemotherapy,"Genentech, Inc.",PHASE1,COMPLETED,2012-01-11,2022-08-31,298.0,Abiraterone; Apitolisib; Ipatasertib; Placebo; Prednisone; Prednisolone
NCT06176261,DATO-BASE: DATOpotamab-deruxtecan for Breast Cancer Brain metAstaSEs,"Nancy Lin, MD",PHASE2,RECRUITING,2024-01-08,2029-01-01,58.0,Datopotamab Deruxtecan
NCT01950390,Ipilimumab With or Without Bevacizumab in Treating Patients With Stage III-IV Melanoma That Cannot Be Removed by Surgery,National Cancer Institute (NCI),PHASE2,COMPLETED,2014-01-24,2025-01-31,169.0,Bevacizumab; Ipilimumab
NCT07299890,An Exploratory Study of Pertuzumab and Trastuzumab in Combination With Palbociclib and Exemestane as Neoadjuvant Therapy for Triple-Positive Breast Cancer,Anhui Provincial Cancer Hospital,PHASE2,NOT_YET_RECRUITING,2025-12-20,2027-11-01,90.0,Trastuzumab and Pertuzumab Combination with Palbociclib and Exemestane
NCT05643690,Urine Sample Collection for Validation of the AnchorDx UriFind™ Bladder Cancer Assay,AnchorDx Medical Co. Ltd. US,N/A,SUSPENDED,2022-11-18,2025-12-31,77.0,UriFind Bladder Cancer Assay
NCT04740190,Talazoparib - Carboplatin for Recurrent High-grade Glioma With DDRd,The University of Hong Kong,PHASE2,COMPLETED,2021-01-01,2023-12-14,33.0,Talazoparib
NCT01356290,"Antiangiogenic Therapy for Children With Recurrent Medulloblastoma, Ependymoma, ATRT and Rare CNS Tumors",Medical University of Vienna,PHASE2,RECRUITING,2014-04,2030-04,232.0,Bevacizumab; Thalidomide; Celecoxib; Fenofibric acid; Etoposide; Cyclophosphamide; Etoposide; Cytarabine; Temozolomide (TMZ); Irinotecan
NCT01454297,Relating Clinical Outcomes in Multiple Myeloma to Personal Assessment of Genetic Profile,Multiple Myeloma Research Foundation,N/A,COMPLETED,2011-07,2023-12-31,1154.0,
NCT06955390,Clinical Trial of HRS-4642 Plus SHR-A2102 in Patients With Advanced Solid Tumors,Henan Cancer Hospital,PHASE1,NOT_YET_RECRUITING,2025-05-01,2026-12-01,32.0,SHR-A2102+HRS-4642
NCT02862990,Evaluation of the Attitude of Pre Menopausal Women With Breast Cancer Faced With the Risk of Fertility Loss Caused by Chemotherapy,Latin American Cooperative Oncology Group,N/A,COMPLETED,2015-05,2020-06-15,343.0,
NCT07233018,A Clinical Study to Explore the Safety and Efficacy of CT0991 in Relapsed/ Refractory Acute Myeloid Leukemia,MEI HENG,PHASE1,NOT_YET_RECRUITING,2025-11-18,2027-05-30,24.0,CT0991 CAR-T cells infusicn
NCT01314118,IMAAGEN: Impact of Abiraterone Acetate in Prostate-Specific Antigen,"Janssen Biotech, Inc.",PHASE2,COMPLETED,2011-05-04,2024-12-02,131.0,abiraterone acetate in combination with prednisone
NCT06521190,ACOU085 for Hearing Loss Prevention in Testicular Cancer Patients Receiving Cisplatin,Acousia Therapeutics GmbH,PHASE2,UNKNOWN,2023-12-15,2025-09-30,40.0,ACOU085 (bimokalner); Placebo
NCT01287390,"Adaptive, Image-guided, Intensity-modulated Radiotherapy for Head and Neck Cancer in the Reduced Volumes of Elective Neck","University Hospital, Ghent",PHASE2,COMPLETED,2011-10,2015-05,100.0,video fluoroscopy; extra imaging; scoring acute toxicity; scoring of late toxicity; scoring quality of life (QOL)
NCT01880918,A RETROspective Data Collection of comPRESSion Anastomosis Using the ColonRing,novoGI,N/A,UNKNOWN,2012-10,2013-07,200.0,
NCT04900818,Study of TJ033721 (Givastomig) in Subjects With Advanced or Metastatic Solid Tumors,I-Mab Biopharma US Limited,PHASE1,RECRUITING,2021-06-29,2027-12,330.0,"TJ033721 (givastomig); TJ033721 (givastomig) , nivolumab, chemotherapy; TJ033721 (givastomig), chemotherapy; TJ033721 (givastomig), durvalumab, chemotherapy"
NCT06235918,Neoadjuvant Tislelizumab Plus Chemotherapy for Resectable Locally-advanced Head and Neck Squamous Cell Carcinoma,Xiang Lu,PHASE2,UNKNOWN,2023-01-01,2026-01-01,30.0,Tislelizumab; Nab-paclitaxel; Carboplatin
NCT00041197,Imatinib Mesylate in Treating Patients With Primary Gastrointestinal Stromal Tumor That Has Been Completely Removed By Surgery,National Cancer Institute (NCI),PHASE3,COMPLETED,2002-06,,732.0,imatinib mesylate; placebo; laboratory biomarker analysis
NCT05381597,5-Fluorouracil and Calcipotriene for Treatment of Low Grade Skin Cancer,Boston University,PHASE2,RECRUITING,2022-10-15,2027-06,200.0,Combination cream of 5-fluorouracil and calcipotriene; 5-fluorouracil cream
NCT05703997,FASTing-like Approach and Maintenance IMMunotherapy in ES-SCLC Patients Not Progressing on Chemoimmunotherapy Induction,"Fondazione IRCCS Istituto Nazionale dei Tumori, Milano",PHASE2,NOT_YET_RECRUITING,2023-01,2029-01,20.0,"Cyclic, 5-day calorie restriction; Atezolizumab"
NCT05289297,Karydakis Flap Versus Burow's Triangle Advancement Flap in the Surgery of Sacrococcygeal Pilonidal Sinus Disease,Istanbul Sultanbeyli State Hospital,NA,UNKNOWN,2022-06-12,2024-12-01,80.0,Karydakis Flap Procedure; Burow's Triangle Advancement Flap Procedure
NCT06584110,Buddy-Up Dyadic Physical Activity Program for Persons With Dementia and Family Caregivers,The University of Hong Kong,NA,RECRUITING,2024-10-01,2027-03-30,236.0,Buddy-Up Dyadic Physical Activity (BUDPA) program; Usual care with waitlist control
NCT01204710,A Study of Olaratumab (IMC-3G3) in Prostate Cancer,Eli Lilly and Company,PHASE2,COMPLETED,2010-10,2013-10,123.0,Olaratumab; Mitoxantrone; Prednisone
NCT04602910,Developing a Web-based Shared Decision-making Tool for Fertility Preservation,Mackay Medical College,NA,COMPLETED,2014-08,2020-08,25.0,a web-based shared decision-making tool
NCT00978913,Transfected Dendritic Cell Based Therapy for Patients With Breast Cancer or Malignant Melanoma,Inge Marie Svane,PHASE1,COMPLETED,2009-09,2014-05,31.0,DC vaccine
NCT01433913,Metformin Hydrochloride in Treating Patients With Prostate Cancer Undergoing Surgery,National Cancer Institute (NCI),PHASE2,COMPLETED,2011-11,2014-04,20.0,metformin hydrochloride; placebo; laboratory biomarker analysis
NCT06903260,Robot-assisted Partial Nephrectomy With and Without Mixed Reality (REALITATEM Study),Hospital Moinhos de Vento,PHASE3,COMPLETED,2022-08-01,2024-01-01,45.0,Mixed Reality
NCT01864720,Stepped Care Model for the Wider Dissemination of Cognitive-Behavioural Therapy for Insomnia Among Cancer Patients,CHU de Quebec-Universite Laval,NA,COMPLETED,2013-09,2018-11,177.0,Professionally-administered cognitive-behavioral therapy for insomnia (CBT-I); Web-based cognitive-behavioral therapy for insomnia (CBT-I)
NCT07120620,PriCoTTF Study: TTFields Before and During Radiotherapy for Newly Diagnosed Glioblastoma,Sied Kebir,PHASE1,COMPLETED,2019-06-25,2023-08-28,33.0,TTFields before and during radiotherapy; TTFields before and during radiotherapy
NCT03062982,Food-Effect and Metabolism Study in Healthy Subjects,"Jiangsu HengRui Medicine Co., Ltd.",PHASE1,COMPLETED,2016-12-21,2017-01-04,16.0,Fluzoparib
NCT07176182,Clinical Trial of Neoadjuvant mFOLFOX Plus Alvenor for LARC Patients With High YWHAB Expression,"Sixth Affiliated Hospital, Sun Yat-sen University",PHASE2,RECRUITING,2026-03-20,2031-03-20,236.0,mFOLFOX regimen combined with Citrus Flavone Tablets (Alvenor) neoadjuvant treatment group; mFOLFOX regimen neoadjuvant therapy group
NCT05651282,Risk Evaluation and Screening to Tailor Prevention and Reduce the Incidence of Endometrial Cancer,University of British Columbia,PHASE4,COMPLETED,2023-03-15,2025-11-30,96.0,Provera
NCT03190824,"Evaluate Efficacy, Immunological Response of Intratumoral/Intralesional Oncolytic Virus (OBP-301) in Metastatic Melanoma",Syneos Health,PHASE2,UNKNOWN,2016-12-22,2021-10-31,4.0,OBP-301
NCT06888323,Testing an Anti-cancer Radio-Active Immunotherapy Called Lintuzumab Ac225 in Patients With High-Risk Myelodysplastic Syndrome That Has Not Responded to Other Treatment,National Cancer Institute (NCI),PHASE1,SUSPENDED,2026-09-03,2027-12-31,18.0,Actinium Ac 225 Lintuzumab; Bone Marrow Aspiration; Buccal Swab; Computed Tomography; Single Photon Emission Computed Tomography
NCT05800223,Armatinib Alone or in Combination With SRT for Brain Metastases EGFR-mutated Non-small Cell Lung Cancer,"Shanghai Cancer Hospital, China",PHASE3,RECRUITING,2023-01-01,2028-12,300.0,Almonertinib; SBRT
NCT00016380,Ondansetron With/Out Dexamethasone to Prevent Vomiting in Patients Receiving Radiation to the Upper Abdomen,NCIC Clinical Trials Group,PHASE3,COMPLETED,2001-02-28,2009-02-10,211.0,dexamethasone; ondansetron; quality-of-life assessment
NCT02148380,Combination of Chemotherapy and Gefitinib as First-line Treatment,Baohui Han,NA,COMPLETED,2014-05,2015-12,121.0,pemetrexed plus carboplatin; gefitinib
NCT02612779,A Study of Elotuzumab in Combination With Pomalidomide and Low Dose Dexamethasone and Elotuzumab in Combination With Nivolumab in Patients With Multiple Myeloma Relapsed or Refractory to Prior Treatment With Lenalidomide.,Bristol-Myers Squibb,PHASE2,COMPLETED,2016-02-09,2020-06-12,74.0,Elotuzumab; Pomalidomide; Dexamethasone; Nivolumab
NCT06387979,Advanced Development of Desorption Electrospray Ionization Mass Spectrometry for Intraoperative Molecular Diagnosis of Brain Cancer Using Pathology Biopsies,Mayo Clinic,N/A,SUSPENDED,2020-10-26,2026-10-15,285.0,Non-Interventional Study
NCT03072979,A Study to Quantify Tumour Perfusion for Spine Metastasis Treated With Stereotactic Body Radiotherapy (SBRT),"National University Hospital, Singapore",N/A,UNKNOWN,2017-01-21,2018-12-31,18.0,Stereotactic body radiotherapy
NCT07070479,Combination Therapy for PD-1 Resistant Recurrent or Metastatic Nasopharyngeal Carcinoma: A Bayesian Adaptive Phase II Trial,Ming-Yuan Chen,PHASE2,RECRUITING,2025-06-24,2028-01-30,208.0,Ivonescimab; Nimotuzumab; Irinotecan liposome; S-1; Mitoxantrone Hydrochloride Liposome; PD-1 Inhibitors
NCT04964596,Managing Colorectal Cancer Prevention Procedure Wait Lists During the COVID-19 Pandemic,Centre hospitalier de l'Université de Montréal (CHUM),NA,WITHDRAWN,2022-06,2023-12,0.0,colonoscopy; FIT test; CT colonography
NCT02710396,Genetic Predictors of Benefit to Pembrolizumab,Columbia University,PHASE2,TERMINATED,2016-05-31,2021-03-10,19.0,Pembrolizumab; Carboplatin; Nab-paclitaxel; Pemetrexed
NCT06091696,The Effect of Inspiratory Muscle Training on Breast Cancer Patients Undergoing Surgery,University of Hail,NA,COMPLETED,2023-10-17,2024-02-01,47.0,inspiratory muscle training; Aerobic exercises
NCT04782596,Transnasal Endoscopic Pituitary Surgery - the Effect of Posterior Nasal Septum Resection on Nasal Functions,University Hospital Ostrava,NA,COMPLETED,2021-02-01,2022-01-31,30.0,Posterium nasal septum resection
NCT02367196,"A Phase 1, Dose Finding Study of CC-90002 in Subjects With Advanced Solid and Hematologic Cancers",Celgene,PHASE1,COMPLETED,2015-03-12,2020-12-24,60.0,CC-90002; Rituximab
NCT04723862,Does Spironolactone Normalize Sleep-wake Luteinizing Hormone Pulse Frequency in Pubertal Girls With Hyperandrogenism?,University of Virginia,EARLY_PHASE1,RECRUITING,2021-11-12,2025-12-01,32.0,Spironolactone; Placebo
NCT00293462,GM-CSF Mouthwash for Preventing and Treating Mucositis in Patients Undergoing Radiation Therapy for Head and Neck Cancer,Marilyn Dodd,PHASE3,COMPLETED,2005-06-07,2009-12-31,91.0,sargramostim; oral salt and soda mouthwash
NCT00340262,Bone Mineral Density and Subsequent Cancer Risk,National Cancer Institute (NCI),N/A,COMPLETED,2000-04-07,2020-03-26,15595.0,
NCT04179162,Bacillus Calmette-Guérin (BCG) and Gemcitabine in People With High-Grade Non-Muscle Invasive Bladder Cancer That Came Back After BCG Treatment,Memorial Sloan Kettering Cancer Center,PHASE1,ACTIVE_NOT_RECRUITING,2019-11-22,2027-11,54.0,Bacillus Calmette-Guérin (BCG); Gemcitabine
NCT00004046,Chemotherapy in Treating Women With Metastatic Breast Cancer,Daiichi Sankyo,PHASE2,COMPLETED,1999-06,2002-04,,exatecan mesylate
NCT05669846,Study of Healthy Donor FMT (hdFMT) and Pembrolizumab in Relapsed/Refractory (R/R) PD-L1 Positive NSCLC,Diwakar Davar,PHASE2,RECRUITING,2025-01-08,2036-12-31,26.0,Healthy Donor Fecal Microbiota Transplant (hdFMT); Pembrolizumab
NCT07394946,"Neoadjuvant Letrozole in Postmenopausal Women With Hormone Receptor-Positive, HER2-Negative, Node Positive, Early-Stage Breast Cancer.","Cancer Care Hospital & Research Centre Foundation, Lahore",PHASE2,NOT_YET_RECRUITING,2026-06,2029-07,126.0,Letrozole
NCT05530746,Study on the Diagnostic Value of Multi-omics Combined Detection for Precancerous Lesions of CRC,Changhai Hospital,N/A,UNKNOWN,2022-05-01,2023-05-31,500.0,
NCT07560488,"Ipilimumab N01 Combined With Sintilimab, Bevacizumab Biosimilar, and Hepatic Arterial Infusion Chemotherapy as Conversion Therapy for Unresectable Intermediate-Advanced Hepatocellular Carcinoma",Tianjin Medical University Cancer Institute and Hospital,PHASE2,RECRUITING,2026-03-30,2028-04,43.0,Bevacizumab Biosimilar IBI305; ipilimumab N01; Sintilimab; HAIC
NCT05567588,Pembrolizumab Plus Radiotherapy for Advanced Renal Cancer,"Nanfang Hospital, Southern Medical University",PHASE2,UNKNOWN,2022-10-31,2025-10-31,66.0,Drug: Pembrolizumab
NCT02777788,Curative Study of Chinese Traditional Medicine to Treat Lung Cancer,Shanghai University of Traditional Chinese Medicine,PHASE2,UNKNOWN,2014-09,2019-12,120.0,"JinFuKang; XingZaoRuanJian; pemetrexed,docetaxel,gemcitabine,paclitaxel or vinorelbine combined with carboplatin、cis-platinum or nedaplatin"
NCT00176488,"Epirubicin and Vinorelbine in Treating Patients With Stage II, Stage III, or Stage IV Breast Cancer",University of Medicine and Dentistry of New Jersey,PHASE2,TERMINATED,2003-06,2009-10,31.0,epirubicin; vinorelbine
NCT05438303,"Study to Assess the Effect of Co-Administration of AZD9833 on the Pharmacokinetics of Midazolam, of Omeprazole, of Celecoxib and of Dabigatran Etexilate in Healthy Postmenopausal Female Volunteers",AstraZeneca,PHASE1,COMPLETED,2022-06-13,2022-12-13,59.0,AZD9833; Midazolam; Omeprazole; Dabigatran Etexilate; Celecoxib
NCT05379803,High-dose Furmonertinib for First-line Treatment of EGFR Mutated NSCLC With Central Nervous System (CNS) Metastases,Hunan Province Tumor Hospital,PHASE2,RECRUITING,2022-05-01,2025-03-31,40.0,Furmonertinib
NCT00008203,Comparison of Biological Therapies Following Combination Chemotherapy and Bone Marrow or Peripheral Stem Cell Transplantation in Women With Stage II or Stage III Breast Cancer,Herbert Irving Comprehensive Cancer Center,PHASE3,COMPLETED,1996-05,2008-05,,aldesleukin; recombinant interferon gamma; carboplatin; cyclophosphamide; cyclosporine; thiotepa; autologous bone marrow transplantation; peripheral blood stem cell transplantation
NCT06438627,Efficacy and Safety of TPC+Apatinib+Camrelizumab vs GP+ Camrelizumab for High-Risk Nasopharyngeal Carcinoma: A Phase 3 Trial,XIANG YANQUN,PHASE3,RECRUITING,2024-05-30,2029-05-30,164.0,TPC combined with Apatinib and Camrelizumab; GP Combined With Camrelizumab
NCT05828927,enCompass Carolina: A Social Support and Coaching Program for Cancer Caregivers,UNC Lineberger Comprehensive Cancer Center,NA,COMPLETED,2023-05-15,2024-06-24,111.0,Eco-mapping tool; Caregiver-coach study visits
NCT03097627,Intravenous Indocyanine Green for Localization of Intra-thoracic Lesions,Brigham and Women's Hospital,PHASE1,COMPLETED,2016-02-01,2016-10-28,4.0,ICG Intervention; Near Infrared Camera
NCT04157127,Th-1 Dendritic Cell Immunotherapy Plus Standard Chemotherapy for Pancreatic Adenocarcinoma,Diakonos Oncology Corporation,PHASE1,RECRUITING,2020-08-03,2027-12,18.0,Autologous DC Therapy
NCT00388427,Safety Study Of Cetuximab Plus Dasatinib (BMS-354825) in Treating Advanced Solid Malignancies,University of Pittsburgh,PHASE1,COMPLETED,2007-06,2013-02,31.0,"Dasatinib (BMS-354825); Cetuximab (Erbitux, C225)"
NCT04387461,"Study of CG0070 Given in Combination With Pembrolizumab, in Non-Muscle Invasive Bladder Cancer, Unresponsive to Bacillus Calmette-Guerin","CG Oncology, Inc.",PHASE2,COMPLETED,2020-12-08,2024-05-28,35.0,CG0070; Pembrolizumab Injection; n-dodecyl-B-D-maltoside
NCT03314974,Myeloablative Allo HSCT With Related or Unrelated Donor for Heme Disorders,"Masonic Cancer Center, University of Minnesota",PHASE2,RECRUITING,2018-03-30,2028-06-10,300.0,HSCT with TBI Regimen; HSCT with Non-TBI Regimen
NCT00821990,Second-line Therapy Versus Supportive Care for Pretreated Advanced Gastric Cancer,Samsung Medical Center,PHASE3,COMPLETED,2008-09,2011-06,200.0,Chemotherapy; Best supportive care
NCT06743490,Capturing Key MG-symptoms Using Smartphone Recordings.,Leiden University Medical Center,N/A,RECRUITING,2025-03-18,2026-09-30,225.0,
NCT00508690,Trial of Antibiotic Prophylaxis in Elective Laparoscopic Colorectal Surgery: Oral and Systemic Versus Systemic Antibiotics,Japan Multinational Trial Organization,PHASE3,COMPLETED,2007-09,2011-12,584.0,cefmetazole; kanamycin/metronidazole
NCT04840290,A Neoadjuvant Study of Sintilimab Plus Platinum Doublet Chemotherapy in IIIA(N2) Stage NSCLC,Tang-Du Hospital,PHASE3,UNKNOWN,2019-06-01,2023-06-01,30.0,Biological: Sintilimab Drug: Cisplatin Drug: Paclitaxel for Injection (Albumin Bound) Drug: Carboplatin
NCT04766190,DISCO: A Patient Intervention to Reduce the Financial Burden of Cancer,Lauren Hamel,NA,ACTIVE_NOT_RECRUITING,2021-02-10,2028-08-31,254.0,Group 2: The DISCO App; Group 1: Usual Care; Group 3: The DISCO App + Booster
NCT03330990,Evaluate the Effect of Entrectinib on the Pharmacokinetics of Midazolam in Cancer Patients,Hoffmann-La Roche,PHASE1,COMPLETED,2017-11-14,2018-07-11,15.0,Entrectinib; Midazolam Hydrochloride
NCT05524090,PREOPANC-4 Implementation Program for Locally Advanced Pancreatic Cancer,Academisch Medisch Centrum - Universiteit van Amsterdam (AMC-UvA),N/A,RECRUITING,2021-07-01,2030-12-31,223.0,Implementation - International best-practice care
NCT05657418,A Clinical Study to Evaluate the Safety and Tolerability of JS107 in Advanced Pancreatic Cancer,"Shanghai Junshi Bioscience Co., Ltd.",PHASE1,TERMINATED,2022-03-29,2025-01-04,8.0,JS107; JS107 combination with Toripalimab
NCT01900418,Physical Activity to Reduce Joint Pain During Aromatase Inhibitor Therapy,"University of North Carolina, Chapel Hill",NA,COMPLETED,2013-08,2016-06,78.0,Walk with Ease
NCT00031590,Low-Dose Radiation and Combination Chemotherapy Following Surgery in Children With Newly Diagnosed Medulloblastoma,Children's Hospital of Philadelphia,PHASE2,TERMINATED,2001-04,2011-05,30.0,Cisplatin; Cyclophosphamide; Etoposide; Lomustine; Vincristine; Craniospinal Radiation
NCT07398690,INSIGHT-PCa: MRI- and PHI-Guided Risk-Adapted Strategy for Prostate Cancer Diagnosis,"In Gab Jeong, MD",NA,RECRUITING,2026-03-09,2029-12-31,1432.0,Diagnostic Procedure; Diagnostic Procedure
NCT02255097,Study of MK-3475 (Pembrolizumab) in Recurrent or Metastatic Head and Neck Squamous Cell Carcinoma After Treatment With Platinum-based and Cetuximab Therapy (MK-3475-055/KEYNOTE-055),Merck Sharp & Dohme LLC,PHASE2,COMPLETED,2014-10-24,2021-06-18,172.0,pembrolizumab
NCT02658097,"Pembrolizumab Alone or Sequentially Following Single Fraction Non-ablative Radiation to One of the Target Lesions, in Previously Treated Patients With Stage IV NSCLC",Case Comprehensive Cancer Center,PHASE2,COMPLETED,2017-06-07,2023-03-10,13.0,Pembrolizumab; Single Fraction Radiation Therapy
NCT05194397,Exercise Training and NR Supplementation Trial to Improve Fitness in AYA HCT Survivors,Children's Hospital of Philadelphia,PHASE2,RECRUITING,2023-02-23,2026-06-30,80.0,Nicotinamide Riboside; Placebo; Exercise Intervention
NCT02117310,ICG Use in Angiography for Nasoseptal Flap Harvest,Ohio State University,NA,COMPLETED,2015-03,2015-11,5.0,indocyanine green
NCT04184713,Evaluation of the Effect of an Specific Oral Nutritional Supplement on the Nutritional Status in Cancer and Malnutrition,Instituto de Investigación Hospital Universitario La Paz,NA,COMPLETED,2019-10-01,2020-08-01,160.0,Experimental Group; Control Group
NCT04764513,Safety and Efficiency of γδ T Cell Against Hematological Malignancies After Allo-HSCT,Chinese PLA General Hospital,PHASE1,UNKNOWN,2021-09-12,2025-04,20.0,Ex-vivo expanded γδ T cell infusion
NCT01245413,Controlled Randomized Study With Athena Base Plate Versus SenSura Base Plate on Perspiring Skin,Coloplast A/S,NA,COMPLETED,2010-11,2010-12,32.0,SenSura; Athena
NCT07424560,Multiplex Mutation Detection Using Mass Spectrometry in Bladder Cancer,Zhilong Dong,N/A,RECRUITING,2026-02-25,2028-07-01,400.0,Multiplex Mutation Detection System for Bladder Cancer (Nucleic Acid Mass Spectrometry)
NCT02357160,The Value of Integrating Visual Arts: Evaluating the Benefits of Hospital Room Artwork on Inpatient Wellbeing,Milton S. Hershey Medical Center,NA,COMPLETED,2014-11,2016-08,184.0,Artwork
NCT00264160,Efficacy and Safety of Oral AMN107 in Adults With Chronic Myelogenous Leukemia Resistant and/or Intolerant to Imatinib Mesylate Therapy,Novartis Pharmaceuticals,PHASE2,COMPLETED,2006-05,2009-08,36.0,AMN107
NCT01882660,Pre-operative Decitabine in Colon Cancer: a Proof of Principle Study,Academisch Medisch Centrum - Universiteit van Amsterdam (AMC-UvA),NA,TERMINATED,2013-07,2018-01,10.0,Decitabine
NCT05902520,Adoptive Cell Therapy Using Cancer Specific CD8+ Tumor Infiltrating Lymphocytes in Adult Patients With Solid Tumors,"AgonOx, Inc.",PHASE1,ACTIVE_NOT_RECRUITING,2023-06-19,2026-12-31,18.0,DP CD8 TIL; DP CD8 TIL KD; Low dose IL-2
NCT03155620,"Targeted Therapy Directed by Genetic Testing in Treating Pediatric Patients With Relapsed or Refractory Advanced Solid Tumors, Non-Hodgkin Lymphomas, or Histiocytic Disorders (The Pediatric MATCH Screening Trial)",National Cancer Institute (NCI),PHASE2,ACTIVE_NOT_RECRUITING,2017-07-31,2027-01-06,1377.0,Biopsy Procedure; Biospecimen Collection; Bone Marrow Aspiration and Biopsy; Bone Scan; Computed Tomography; Ensartinib; Erdafitinib; Ivosidenib; Laboratory Biomarker Analysis; Larotrectinib Sulfate; Magnetic Resonance Imaging; Mutation Carrier Screening; Olaparib; Palbociclib; Pharmacological Study; Positron Emission Tomography; Radionuclide Imaging; Samotolisib; Selpercatinib; Selumetinib Sulfate; Tazemetostat; Tipifarnib; Ulixertinib; Vemurafenib; X-Ray Imaging
NCT00794820,"Fludarabine, Cyclophosphamide, and Rituximab - High Dose Frontline",M.D. Anderson Cancer Center,PHASE2,COMPLETED,2003-12,2014-12,66.0,Fludarabine Phosphate; Cyclophosphamide; Rituximab
NCT07320820,Quality of Life and Functional Outcomes in Laryngeal Cancer Patients,Saglik Bilimleri Universitesi,N/A,NOT_YET_RECRUITING,2026-04-02,2027-12-31,120.0,Quality of Life Assessment; Patient Satisfaction Assessment; Swallowing Function Assessment; Voice Assessment; Pain Assessment; Anxiety and Depression Assessment
NCT02367482,Tryptophan Metabolism in Human Brain Tumors-Novocure,Wayne State University,N/A,COMPLETED,2014-07,2023-12-31,20.0,
NCT05672082,Contribution of [18F]DPA-714 PET for Grading and Exploration of the Inflammatory Microenvironment of Glioma.,Center Eugene Marquis,NA,WITHDRAWN,2023-10-01,2025-04-01,0.0,[18F]DPA-714
NCT00199082,"Newly Diagnosed Mature B-ALL, Burkitt's Lymphoma and Other High-grade Lymphoma in Adults",Nicola Goekbuget,PHASE4,COMPLETED,2002-07,2010-06,650.0,Adriamycin; Cyclophosphamide; Cytarabine; Dexamethasone/Prednisolone; VP16; Ifosfamide; Methotrexate; G-CSF; Rituximab; Vincristine/Vindesine; Irradiation (in specific conditions)
NCT02204982,Study of Duvelisib in Combination With Rituximab vs Rituximab in Subjects With Previously Treated Follicular Lymphoma,SecuraBio,PHASE3,TERMINATED,2014-09,2017-03,13.0,Duvelisib; Placebo; Rituximab
NCT01548482,Trebananib And Temsirolimus in Treating Patients With Solid Tumors That Are Metastatic or Cannot Be Removed by Surgery,National Cancer Institute (NCI),PHASE1,COMPLETED,2012-03,2014-01,21.0,Laboratory Biomarker Analysis; Pharmacological Study; Temsirolimus; Trebananib
NCT00429182,Purged Circulating Tumor Cells (CTCs) From Metastatic Breast Cancer,M.D. Anderson Cancer Center,PHASE2,COMPLETED,2007-06,2012-02,32.0,Carboplatin; Cyclophosphamide; Thiotepa; Stem Cell Transplant
NCT04619082,TAF to Prevent HBV Reactivation in Cancer Patients,Chiayi Christian Hospital,PHASE4,ACTIVE_NOT_RECRUITING,2021-07-01,2024-12-31,102.0,Tenofovir alafenamide
NCT02414724,Ribociclib and Gemcitabine Hydrochloride in Treating Patients With Advanced Solid Tumors or Lymphoma,Roswell Park Cancer Institute,PHASE1,TERMINATED,2015-05,2016-06,10.0,Gemcitabine Hydrochloride; Laboratory Biomarker Analysis; Pharmacological Study; Ribociclib
NCT02055924,Bruton's Tyrosine Kinase (BTK) Inhibition in B-cell Lymphomas,The Lymphoma Academic Research Organisation,PHASE1,TERMINATED,2014-05-26,2018-10-09,85.0,Ibrutinib and immunochemotherapies
NCT06642324,Human Papillomavirus Association and Genomic Exploration in Head-Neck Squamous Cell Carcinomas,"Bangabandhu Sheikh Mujib Medical University, Dhaka, Bangladesh",N/A,RECRUITING,2024-04-30,2025-09-30,550.0,"Histopathology, Immunohistochemistry, Real-Time PCR, Sequencing"
NCT05381324,Fistula-associated Anal Adenocarcinoma,Medical University of Vienna,N/A,COMPLETED,1999-01-01,2022-05-01,1004.0,
NCT02111824,A Multimodality Image-guided System for Peripheral Lung Cancer Diagnosis and Therapy,The Methodist Hospital Research Institute,PHASE1,TERMINATED,2014-01-05,2019-11,7.0,MIMIG System; Indocyanine Green (ICG)
NCT05993923,Impact of a Multidisciplinary Approach in the Perioperative Geriatrics Unit on Functional Status of Patients Aged 70 and Over Operated on for Colorectal Cancer,Centre Hospitalier Universitaire de Nīmes,NA,RECRUITING,2023-09-26,2028-10,90.0,GPOU
NCT02885623,Role of CX3CR1-expressing Cells in Hematologic Malignancy,"Saint Vincent's Hospital, Korea",N/A,UNKNOWN,2016-08,2021-08,50.0,
NCT01910623,Long-Term Quality of Life in Patients With Acute Promyelocytic Leukemia,Gruppo Italiano Malattie EMatologiche dell'Adulto,N/A,COMPLETED,2013-02,2014-07,,Health Related Quality of Life (HRQOL) measures
NCT00032123,Erlotinib in Treating Patients With Locally Advanced or Metastatic Stomach Cancer or Gastroesophageal Junction Cancer,SWOG Cancer Research Network,PHASE2,COMPLETED,2002-06,2006-05,,erlotinib hydrochloride
NCT06135259,Topical Erythropoietin Hydrogel in Management of Oral Lichen Planus,Ain Shams University,PHASE3,UNKNOWN,2024-05-20,2024-09-23,18.0,erythropoietin; Triamcinolone acetonide
NCT00629759,A Study of Recombinant Vaccinia Virus to Evaluate the Safety and Efficacy of a Transdermal Injection Within the Tumor of Patients With Primary or Metastatic Hepatic Carcinoma,Jennerex Biotherapeutics,PHASE1,COMPLETED,2006-01,2007-08,14.0,JX-594: Recombinant vaccinia virus (TK-deletion plus GM-CSF)
NCT03419559,Study of Autologous Tumor Infiltrating Lymphocytes (LN-145) In Combo With Durvalumab in Non-Small Cell Lung Cancer,"Iovance Biotherapeutics, Inc.",PHASE2,WITHDRAWN,2018-02-28,2024-12,0.0,LN-145; Durvalumab
NCT04802759,A Study Evaluating the Efficacy and Safety of Multiple Treatment Combinations in Participants With Breast Cancer,Hoffmann-La Roche,PHASE1,RECRUITING,2021-06-22,2029-05-30,316.0,Giredestrant; Abemaciclib; Ipatasertib; Inavolisib; Ribociclib; Everolimus; Samuraciclib; PH FDC SC; Palbociclib; Atezolizumab
NCT01024959,Clinical Evaluation of the PROGENSA(Registered Trademark) Prostate Cancer Gene 3 (PCA3) Assay in Men With a Previous Negative Biopsy Result,"Gen-Probe, Incorporated",NA,COMPLETED,2009-08,2010-04,507.0,PCA3 Assay
NCT01422759,Effect of Spironolactone on Adrenal or Ovarian Androgen Production in Overweight Pubertal Girls With Androgen Excess,University of Virginia,NA,UNKNOWN,2016-12-09,2024-12,20.0,Spironolactone
NCT03280459,Evaluation of Robot-assisted Intracorporeal Urinary Reconstruction,Kantonsspital Winterthur KSW,N/A,UNKNOWN,2015-01-01,2023-06-01,200.0,robot-assisted cystectomy
NCT05395780,A Phase 2 Study to Evaluate the Safety and Efficacy of Max-40279-01 in Patients With Advanced Gastric Cancer or Gastroesophageal Junction Cancer,"Maxinovel Pty., Ltd.",PHASE2,UNKNOWN,2022-06,2023-12,30.0,MAX-40279
NCT07226180,Development and Application of Patient-Derived Models of Cancer,"Certis Oncology Solutions, Inc",N/A,ENROLLING_BY_INVITATION,2025-12-11,2029-09-30,40.0,
NCT00494780,"Ofatumumab (Humax-CD20) With CHOP (Cyclophosphamide,Doxorubicin, Vincristine, Predisolone) in Follicular Lymphoma (FL) Patients",GlaxoSmithKline,PHASE2,COMPLETED,2007-06,2010-09,59.0,"Ofatumumab; Cyclophosphamide; Doxorubicin; Vincristine; Prednisolone, Prednisone or equivalent"
NCT04300179,Ewing Sarcoma Family of Tumors (ESFT): A 15-year Experience From a Tertiary Care Cancer Center in Upper Egypt,Assiut University,N/A,COMPLETED,2020-07-07,2020-12-16,59.0,
NCT04449679,"Real-Time Monitoring of Chemotherapy Side-Effects in Patients With Gastrointestinal Cancers, RT-CAMSS Study",Thomas Jefferson University,NA,COMPLETED,2020-04-15,2022-02-24,34.0,Patient Monitoring System; Questionnaire Administration; Consultation
NCT05420779,A Study to Evaluate the Efficacy and Safety of TSL-1502 Capsules in Breast Cancer Patients With Germline BRCA Mutations,"Jiangsu Tasly Diyi Pharmaceutical Co., Ltd.",PHASE2,UNKNOWN,2022-06-30,2026-06-30,125.0,TSL-1502 capsules(low dose); TSL-1502 capsules(high dose); Investigator's choice of chemotherapy
NCT03327896,The Impact of Patient Complexity on Healthcare Utilization,"OCHIN, Inc.",N/A,UNKNOWN,2017-01-15,2018-08,200000.0,Charlson score and Community Social Deprivation
NCT01987596,Study of Fixed vs. Flexible Filgrastim to Accelerate Bone Marrow Recovery After Chemotherapy in Children With Cancer,Barbara Ann Karmanos Cancer Institute,PHASE3,TERMINATED,2013-08,2018-06,23.0,filgrastim
NCT00626496,Family Study of Lymphoproliferative Disorders,Mayo Clinic,N/A,RECRUITING,2004-04-01,2029-12-31,3000.0,
NCT01680796,Dovitinib Combined With Bortezomib and Dexamethasone for Relapsed/Refractory Multiple Myeloma,University of Florida,PHASE1,WITHDRAWN,2013-02,2013-02,0.0,Dovitinib; Bortezomib; Dexamethasone
NCT00297596,Trastuzumab and Oxaliplatin in Patients With Metastatic Breast Cancer,"SCRI Development Innovations, LLC",PHASE2,COMPLETED,2006-02,2010-10,25.0,Trastuzumab; Oxaliplatin
NCT04825496,Clinical Study of ssCART-19 Cells in Patients With CD19 Positive Relapsed or Refractory Acute Lymphoblastic Leukemia,"Shanghai Unicar-Therapy Bio-medicine Technology Co.,Ltd",PHASE1,UNKNOWN,2021-04-09,2024-12-31,18.0,ssCART-19 Cells; Fludarabine; Cyclophosphamide
NCT06859762,A First-in-Human Study of YL217 in Patients With Advanced Solid Tumors,"MediLink Therapeutics (Suzhou) Co., Ltd.",PHASE1,RECRUITING,2025-07-02,2027-07,220.0,YL217; YL217; YL217
NCT03721562,Antibiotic Resistance in Global Pediatric Oncology Centers,St. Jude Children's Research Hospital,N/A,COMPLETED,2019-02-26,2022-07-29,560.0,
NCT00710762,A Randomised Placebo-Controlled Phase II Study of Continuous Maintenance Treatment With BIBF 1120 Following Chemotherapy in Patients With Relapsed Ovarian Cancer,Boehringer Ingelheim,PHASE2,COMPLETED,2006-03,2014-03,89.0,BIBF1120; Placebo
NCT02509546,8-Chloroadenosine in Treating Patients With Relapsed or Refractory Acute Myeloid Leukemia,City of Hope Medical Center,PHASE1,COMPLETED,2015-09-02,2021-03-16,20.0,8-Chloroadenosine; Laboratory Biomarker Analysis; Pharmacological Study
NCT02323646,Safety and Efficacy of Telapristone Acetate (Proellex®) Administered Vaginally for the Treatment of Uterine Fibroids,Repros Therapeutics Inc.,PHASE2,COMPLETED,2015-02-12,2017-04-06,42.0,Placebo; Telapristone Acetate
NCT06672146,Comparing New Treatments for People With Newly Diagnosed Acute Myeloid Leukemia That Has an IDH2 Gene Change (A MyeloMATCH Treatment Trial),National Cancer Institute (NCI),PHASE2,RECRUITING,2025-05-16,2027-03-31,93.0,Biospecimen Collection; Bone Marrow Aspiration; Bone Marrow Biopsy; Decitabine and Cedazuridine; Enasidenib; Venetoclax
NCT07124546,"Acceptance and Commitment Therapy for the Improvement of Cancer Distress in Patients With Incurable Cancers, ACT-C Trial",Mayo Clinic,NA,RECRUITING,2025-05-28,2027-05-30,60.0,Acceptance and Commitment Therapy; Questionnaire Administration; Telemedicine
NCT01090388,Bladder Cancer Patient-Reported Outcomes,Baylor College of Medicine,N/A,COMPLETED,2007-07,2016-11,108.0,
NCT01778803,Phase I/Ib Study of Paclitaxel in Combination With VS-6063 in Patients With Advanced Ovarian Cancer,"Verastem, Inc.",PHASE1,COMPLETED,2013-02-26,2015-02-23,22.0,defactinib; Paclitaxel
NCT04809103,Intratumoral Cisplatin for Resectable NSCLC,University of Vermont,PHASE1,COMPLETED,2021-03-08,2025-10-01,6.0,cis-diamminedichloroplatinum
NCT00538603,"Multi-national, Randomized, Phase III, GCIG Intergroup Study Comparing Pegylated Liposomal Doxorubicin (CAELYX) and Carboplatin vs. Paclitaxel and Carboplatin in Patients With Epithelial Ovarian Cancer in Late Relapse. (CALYPSO)",King Faisal Specialist Hospital & Research Center,NA,COMPLETED,2005-06,2013-06,8.0,pegylated liposomal Doxorubicin (CAELYX) & Carboplatin; Paclitaxel & Carboplatin
NCT02116803,An Open Label Multi-center Extension Study to Evaluate Long-term Safety/ Tolerability of Dovitinib in Patients With Solid Tumors Who Continue to Receive Treatment With Dovitinib (TKI258) in Novartis-sponsored Single Agent Dovitinib Studies Which Fulfilled the Requirements for the Primary Objective,Novartis Pharmaceuticals,PHASE2,COMPLETED,2014-05-28,2016-11-28,12.0,dovitinib; fulvestrant
NCT00717990,"Irinotecan, Capecitabine and Avastin for Metastatic Colorectal Cancer as Salvage Treatment",University Hospital of Crete,PHASE2,TERMINATED,2008-04,2012-12,15.0,Capecitabine; Bevacizumab; Irinotecan
NCT05596890,Patient-reported Outcomes in Preoperative Immunochemotherapy/Radiotherapy-treated Esophageal Cancer Patients,Guangdong Provincial People's Hospital,PHASE2,UNKNOWN,2022-11-30,2025-09-30,50.0,Paclitaxel-albumin; Cisplatin; Carboplatin; Tislelizumab; VMAT or IMRT; Esophagectomy
NCT04495790,AIMS Cancer Outcomes Study,Advanced Integrative Medical Science Institute,N/A,RECRUITING,2020-05-18,2030-12-31,500.0,
NCT02330497,Efficacy and Safety of Radiofrequency Ablation in Pancreatic Neuroendocrine and Cystic Tumor,Société Française d'Endoscopie Digestive,NA,COMPLETED,2015-02,2017-02,30.0,Radiofrequency Ablation under EUS
NCT03571997,Study of Prognostic Factors in Adult Lymphoblastic Lymphoma,PETHEMA Foundation,N/A,UNKNOWN,2018-06-15,2022-12-30,30.0,
NCT03681418,Role of Ultrasound-Guided Lymph Node Biopsy in Axillary Staging of Breast Cancer.,Assiut University,NA,UNKNOWN,2018-10,2021-12,50.0,Ultrasound-guided axillary lymph nodes FNAC and\or CNB.
NCT00960518,TACE and Adefovir Compared With Transarterial Chemoembolization (TACE) Alone for Hepatitis B Virus (HBV)-Related Unresectable Hepatocellular Carcinoma (HCC),Tongji University,PHASE2,UNKNOWN,2009-08,2015-08,216.0,adefovir; TACE
NCT01740297,Ipilimumab With or Without Talimogene Laherparepvec in Unresected Melanoma,Amgen,PHASE1,COMPLETED,2013-02-07,2021-03-09,217.0,Talimogene laherparepvec; Ipilimumab
NCT01715597,Study on the Effect of Intravenous Ascorbic Acid on Intraoperative Blood Loss in Women With Uterine Myoma,Seoul National University Hospital,PHASE3,COMPLETED,2012-12,2017-10,50.0,ascorbic acid; Normal saline
NCT05468697,A Study of Belzutifan (MK-6482) in Combination With Palbociclib Versus Belzutifan Monotherapy in Participants With Advanced Renal Cell Carcinoma (MK-6482-024/LITESPARK-024),Merck Sharp & Dohme LLC,PHASE1,ACTIVE_NOT_RECRUITING,2022-08-10,2026-10-22,60.0,Belzutifan; Palbociclib
NCT06689397,Investigating Epstein-Barr Virus Associated Conjunctivitis,Moorfields Eye Hospital NHS Foundation Trust,N/A,ENROLLING_BY_INVITATION,2024-10-09,2025-06-02,5.0,
NCT02786797,Efficacy of MBSR Treatment of Cognitive Impairment Among Breast Cancer Survivors,University of South Florida,NA,COMPLETED,2016-03-07,2020-07,214.0,MBSR(BC) 6 Week Program; BCES 6 Week Program
NCT00662597,ASA404 or Placebo in Combination With Paclitaxel and Carboplatin as First-Line Treatment for Stage IIIb/IV Non-Small Cell Lung Cancer,Novartis Pharmaceuticals,PHASE3,TERMINATED,2008-04,2010-05,1285.0,ASA404; Placebo; carboplatin; Paclitaxel
NCT00513097,Curbing Tobacco Use in Suburban and Rural Schools,M.D. Anderson Cancer Center,PHASE1,COMPLETED,2006-07-25,2017-10-18,1289.0,Smoking Prevention Program; Focus Group; Survey
NCT06408597,Mannitol Versus Nitroglycerin for Kidney Injury Prevention in Robotic-assisted Radical Prostatectomy or Cystectomy,Nazmy Edward Seif,NA,ACTIVE_NOT_RECRUITING,2024-05-12,2026-05,90.0,Nitroglycerin Infusion; Mannitol Infusion; Fluid Regimen
NCT05169697,A Study to Assess YH002 in Combination with YH001 in Subjects with Advanced Solid Tumors,"Eucure (Beijing) Biopharma Co., Ltd",PHASE1,COMPLETED,2022-02-21,2023-07-04,6.0,A:YH002+YH001; B:YH002+YH001; YH002+YH001
NCT01173497,A Study Evaluating INIPARIB in Combination With Chemotherapy to Treat Triple Negative Breast Cancer Brain Metastasis,Sanofi,PHASE2,COMPLETED,2010-07,2013-07,44.0,INIPARIB + irinotecan
NCT06792097,Ga-68 Dolacga PET Scan in HCC Under RFA,National Taiwan University Hospital,N/A,NOT_YET_RECRUITING,2025-02-01,2026-12-31,10.0,Ga-68 Dolacga PET scan
NCT03275597,Phase Ib Study of Stereotactic Body Radiotherapy (SBRT) in Oligometastatic Non-small Lung Cancer (NSCLC) With Dual Immune Checkpoint Inhibition,"University of Wisconsin, Madison",PHASE1,TERMINATED,2018-02-20,2020-07-01,17.0,Durvalumab; Tremelimumab; Stereotactic Body Radiotherapy
NCT01108497,"Genome, Proteome and Tissue Microarray in Childhood Acute Leukemia",Stanford University,N/A,TERMINATED,2001-07,2015-09,235.0,Bone Marrow Aspiration
NCT00094497,Trial in Locally Advanced and Metastatic Adrenocortical Carcinoma Treatment (FIRM-ACT),Collaborative Group for Adrenocortical Carcinoma Treatment,PHASE3,COMPLETED,2004-06,2010-12,304.0,Etoposide; Doxorubicin; Cisplatin; Streptozotocin; Mitotane
NCT06325410,Prognostic Factors Influencing the Recurrence Rate and Survival of Patients With Colorectal Cancer: a Single Institution Experience,Zagazig University,N/A,COMPLETED,2013-01,2022-12,200.0,resection of colorectal cancer
NCT05645510,LIVInG With chrONic Cancer TrEatments (LONGEVITI) Study,University of Alberta,N/A,RECRUITING,2022-11-24,2026-06-09,75.0,
NCT06643910,A Study on the Safety and Efficacy of BST08 in Treating Advanced Non-Small Cell Lung Cancer,BioSyngen Pte Ltd,NA,NOT_YET_RECRUITING,2024-10-24,2027-08-31,12.0,Single drug group A; Combined treatment group B
NCT06558513,To Evaluate a Phase I/II Clinical Study of XNW5004 Tablets in Patients With Relapsed/Refractory Advanced Tumors,Evopoint Biosciences Inc.,PHASE1,COMPLETED,2021-08-03,2025-08-30,120.0,XNW5004 tablets
NCT00312013,"Effects Of Nadroparin In Patients With Lung, Pancreas Or Prostate Cancer",GlaxoSmithKline,PHASE3,COMPLETED,2006-05,2009-07,503.0,Nadroparin
NCT04271813,Anlotinib Plus Sintilimab as First-line Treatment for Patients With Advanced Colorectal Cancer (APICAL-CRC),Shanghai Changzheng Hospital,PHASE2,COMPLETED,2020-06-01,2024-02-29,30.0,Anlotinib plus Sintilimab
NCT01217060,Trimodality Management of T1b Esophageal Cancers,M.D. Anderson Cancer Center,PHASE1,COMPLETED,2010-10,2020-06-14,4.0,Docetaxel; 5-FU; Radiotherapy; Esophagectomy; Dexamethasone
NCT01144260,Study of Bafetinib as Treatment for Relapsed or Refractory B-Cell Chronic Lymphocytic Leukemia (B-CLL),CytRx,PHASE2,COMPLETED,2010-06,2013-04,20.0,bafetinib
NCT03616860,Assessment of Safety and Feasibility of ExAblate Blood-Brain Barrier (BBB) Disruption for Treatment of Glioma,InSightec,NA,COMPLETED,2018-10-16,2023-12-31,14.0,Focused Ultrasound (FUS) BBB Disruption
NCT05395260,FL- 101 Study in Non-Metastatic MIBC,Flame Biosciences,EARLY_PHASE1,WITHDRAWN,2022-08-22,2022-12-28,0.0,FL-101
NCT06059560,Nutritional Intervention for Patients With Multiple Cancer Types,First Hospital of China Medical University,NA,RECRUITING,2023-10-01,2026-10-01,1000.0,Nutritional therapy
NCT07555860,Becotatug Vedotin Plus PD-1 Monoclonal Antibody and Radiotherapy for Unresectable Locally Recurrent Nasopharyngeal Carcinoma,Sun Yat-sen University,PHASE2,NOT_YET_RECRUITING,2026-04-20,2029-12-31,28.0,Becotatug Vedotin; Toripalimab; Camrelizumab; Intensity-Modulated Radiotherapy
NCT00145860,Do Patients With Colorectal Cancer Understand That Their Family is at Risk?,University of Chicago,N/A,TERMINATED,2002-04,2005-08,650.0,
NCT00749320,Arterial Spin Labeling Blood Flow MRI for Evaluation of Response to Antiangiogenic and Targeted Therapies of Renal Cell Carcinoma (RCC),Beth Israel Deaconess Medical Center,NA,COMPLETED,2008-09,2019-12,32.0,Arterial Spin Labeling Magnetic Resonance Imaging
NCT00954720,Observational Study of Iron Overload in Stem Cell Transplantation,Dana-Farber Cancer Institute,N/A,COMPLETED,2008-03,2011-05,45.0,No Intervention
NCT07610720,"Dalpiciclib, Anti-HER2 Therapy, and Endocrine Therapy for Hormone-Receptor-Positive, HER2-Positive Metastatic Breast Cancer",Sun Yat-sen University,PHASE2,RECRUITING,2026-06-01,2029-11-01,57.0,Dalpiciclib; Trastuzumab (Herceptin); Pertuzumab; Pyrotinib; Endocrine Therapy 1
NCT03840720,The Patient's Journey - the Time to Final Diagnosis in Patients With SiNET,Vastra Gotaland Region,N/A,COMPLETED,2019-02-01,2019-12-31,20.0,
NCT02343120,Study of the Safety and Pharmacokinetics of BGB-3111 in Subjects With B-Cell Lymphoid Malignancies,BeiGene,PHASE1,COMPLETED,2014-09-04,2021-03-31,385.0,Zanubrutinib
NCT03924882,Anlotinib for Patients With Platinum Resistant or Refractory Ovarian Cancer,"Second Affiliated Hospital, Zhejiang University, School of Medicine",PHASE2,UNKNOWN,2019-04-25,2022-04-25,30.0,Anlotinib
NCT06346782,Feasibility and Acceptability of Internet-based Parent-child Interaction Therapy (I-PCIT) in Pediatric Cancer,Johns Hopkins All Children's Hospital,NA,RECRUITING,2024-02-19,2028-08-01,300.0,Internet-Based Parent-Child Interaction Therapy
NCT00923182,A Safety Confirmatory Study of Alemtuzumab in Japanese Patients With Relapsed or Refractory Chronic Lymphocytic Leukemia,"Genzyme, a Sanofi Company",PHASE1,COMPLETED,2010-02,2011-08,6.0,alemtuzumab
NCT06660082,Early Rehabilitation Using Head Impulse Test for Acute Vestibular Deficit,Hospices Civils de Lyon,NA,RECRUITING,2025-05-13,2027-05,26.0,Experimental treatment: Head movements; Sham treatment: only eye movements
NCT01807182,Tumor-Infiltrating Lymphocytes After Combination Chemotherapy in Treating Patients With Metastatic Melanoma,Fred Hutchinson Cancer Center,PHASE2,COMPLETED,2013-08-20,2021-08-26,11.0,Aldesleukin; Cyclophosphamide; Fludarabine Phosphate; Laboratory Biomarker Analysis; Therapeutic Tumor Infiltrating Lymphocytes
NCT06312124,A Study of Opportunistic Salpingectomy to Prevent Ovarian Cancer,Memorial Sloan Kettering Cancer Center,NA,RECRUITING,2024-03-08,2028-03-08,266.0,Educational Module; Salpingectomy
NCT07032324,A Clinical Study Exploring CT1190B in the Treatment of Patients With Relapsed/Refractory B-cell Non-Hodgkin Lymphoma ( CT1190B-CG1101 ),Qian Wenbin,PHASE1,NOT_YET_RECRUITING,2025-07-08,2026-12-30,27.0,CAR T cells
NCT01110824,Prevention of Left Ventricular Dysfunction During Chemotherapy,Hospital Clinic of Barcelona,PHASE3,COMPLETED,2008-04,2012-03,90.0,Enalapril and carvedilol
NCT02984124,Communication During Hospitalization About Resuscitation Trial,University of Vermont,PHASE2,COMPLETED,2016-12,2025-12,182.0,Informed Assent Discussion; Usual Care with Attention Control
NCT04389424,"Relationship Between Body Composition, Food Consumption, and Micro and Macronutrients With Gene Expression in Breast Cancer",Instituto Jalisciense de Cancerologia,N/A,UNKNOWN,2017-09-01,2022-01-30,300.0,Tamoxifen; Exemestane; Anastrozole; Basal; Recurrence
NCT01547923,Pre-therapeutic Identification of Dihydropyrimidine Dehydrogenase Gene (DPD) Deficiency for Predicting Toxicity to Fluoropyrimidines,Institut Cancerologie de l'Ouest,NA,TERMINATED,2008-06-16,2013-03-04,1142.0,Blood sample for phenotypic and pharmacogenetic analysis.; Blood sample for phenotypic and pharmacogenetic analysis.
NCT07820423,Multimodal AI Predicts High-risk Pathology in Lung Cancer Associated With Cystic Airspaces,Central South University,N/A,RECRUITING,2025-05-01,2026-12-31,600.0,
NCT00416559,Observation of Young Patients With Localized Neuroblastoma Who Have Undergone Surgery Only,Children's Cancer and Leukaemia Group,PHASE2,UNKNOWN,2004-12,,140.0,clinical observation
NCT02964559,Pembrolizumab in Patients With Locally Advanced or Metastatic Skin Cancer,Emory University,PHASE2,COMPLETED,2017-01-27,2021-05-18,11.0,Pembrolizumab
NCT00980759,Prophylactic Irradiation of the Para-Aortic Lymph Nodes in Locally Advanced Uterine Cervical Cancer,"National Cancer Center, Korea",NA,UNKNOWN,2006-07-28,2024-12-31,312.0,EFI; Pelvic RT
NCT03511859,Detecting Circulating Tumor Cells (CTCs) and Cell Free DNA (cfDNA) in Peripheral Blood of Breast Cancer (BC) Patients to Develop the Clinical Application for Early Detection and Diagnostics,CellMaxLife,N/A,UNKNOWN,2017-11-16,2019-12-31,210.0,
NCT06435559,CHEmotherapy and Cognitive Deterioration in Patients With Operable Breast Cancer: Impact of Cognitive Rehabilitation (CHEMOFOG),"Fondazione IRCCS Ca' Granda, Ospedale Maggiore Policlinico",NA,UNKNOWN,2024-06-01,2026-06-01,128.0,Neurotablet® and Neuropsychological evaluations; Neuropsychological evaluations
NCT03974659,Enhanced Recovery After Surgery Using TMS on Cerebellar Language Area for Brain Tumor Patients,Huashan Hospital,NA,UNKNOWN,2018-10-30,2021-10-30,106.0,Transcranial magnetic stimulation
NCT00911859,A Study to Compare CNTO 328 (Anti-IL-6 Monoclonal Antibody) and VELCADE-Melphalan-Prednisone (VMP) With VMP Alone in Previously Untreated Multiple Myeloma Patients,"Janssen Research & Development, LLC",PHASE2,COMPLETED,2009-06,2013-04,118.0,Siltuximab11 mg/kg; Siltuximab 8.3 mg/kg or 11 mg/kg; Velcade (bortezomib); Velcade (bortezomib); Melphalan; Melphalan; Prednisone; Prednisone; Velcade (bortezomib); Melphalan; Prednisone
NCT06930859,Non-interventional Study to Assess the Effectiveness and Safety of Ribociclib in the Adjuvant Therapy of Hormone Receptor Positive (HR+) HER2-negative Stage II and III Breast Cancer in Real Clinical Practice in Russia,Novartis Pharmaceuticals,N/A,RECRUITING,2025-12-03,2032-12-31,2766.0,Ribociclib; Letrozole; Anastrozole
NCT03148080,Work Ability in Young Adult Cancer Survivors,Wake Forest University Health Sciences,N/A,COMPLETED,2018-03-13,2022-07-29,214.0,Cognitive Assessment; Questionnaire Administration
NCT00142480,"Capecitabine, Oxaliplatin, Bevacizumab and Radiation Therapy in Patients With Biliary Tract and Gallbladder Cancer",Massachusetts General Hospital,PHASE2,COMPLETED,2004-12,2011-04,8.0,Capecitabine; Oxaliplatin; Bevacizumab; Radiation therapy
NCT04061980,Encorafenib and Binimetinib With or Without Nivolumab in Treating Patients With Metastatic Radioiodine Refractory BRAF V600 Mutant Thyroid Cancer,Providence Health & Services,PHASE2,ACTIVE_NOT_RECRUITING,2020-10-30,2028-12-30,24.0,Binimetinib; Encorafenib; Nivolumab
NCT00948480,Vaccine Biotherapy of Cancer: Autologous Tumor Cells and Dendritic Cells,Hoag Memorial Hospital Presbyterian,PHASE2,COMPLETED,2000-10,2007-09,56.0,Autologous tumor cells plus dendritic cells; GM-CSF
NCT04156880,Artificial Intelligence in Mammography-Based Breast Cancer Screening,Chinese University of Hong Kong,N/A,WITHDRAWN,2020-07-01,2023-12-31,0.0,mammography
NCT02274779,Salvage Radiotherapy Combined With Hormonotherapy in Oligometastatic Pelvic Node Relapses of Prostate Cancer,Institut Cancerologie de l'Ouest,PHASE2,COMPLETED,2014-08-20,2024-07-22,74.0,ELIGARD
NCT03204279,PK/PD Study of Netupitant and Palonosetron in Pediatric Patients for Prevention of Chemotherapy-induced Nausea and Vomiting,Helsinn Healthcare SA,PHASE2,COMPLETED,2017-08-31,2019-09-30,67.0,Netupitant; Palonosetron; Netupitant; Palonosetron
NCT00003996,Combination Chemotherapy Plus Radiation Therapy in Treating Patients With Newly Diagnosed Glioblastoma Multiforme,Alliance for Clinical Trials in Oncology,PHASE2,COMPLETED,1999-05,2008-05,93.0,carmustine; chemotherapy; cisplatin; etoposide; radiation therapy
NCT07603596,Opioid-free Anesthesia and Postoperative Delirium,Qianfoshan Hospital,PHASE1,NOT_YET_RECRUITING,2026-05-01,2028-06-30,174.0,OFA group; OBA group
NCT05882396,Rood's Approach and Oxaliplatin-induced Peripheral Neuropathy in Colorectal Cancer Patients,Cairo University,NA,UNKNOWN,2023-06-01,2024-01-11,60.0,Rood's approach; Traditional physical therapy program
NCT00374062,Effect of the Subconscious on Mohs Micrographic Surgery,Northwestern University,NA,COMPLETED,2007-12,2009-08,150.0,relaxation therapy 1; relaxation therapy 2; relaxation therapy 3
NCT07798362,Iriscope for the Diagnosis of Peripheral Pulmonary Lesions: a Multicentre Randomised Controlled Trial,Erasme University Hospital,NA,NOT_YET_RECRUITING,2026-09,2028-09,140.0,Use of Iriscope via guide sheath to guide biopsies; Bronchoscopy
NCT04298762,The Effect of Peer Comparison Emails on Oncologists' Documentation of Cancer Stage,Harvard School of Public Health (HSPH),NA,COMPLETED,2018-07-01,2019-09-30,56.0,No peer comparison email; Peer comparison email
NCT04471974,"ZEN-3694, Enzalutamide, and Pembrolizumab for the Treatment of Metastatic Castration-Resistant Prostate Cancer",Rahul Aggarwal,PHASE2,ACTIVE_NOT_RECRUITING,2021-01-26,2028-05-31,61.0,BET Bromodomain Inhibitor ZEN-3694; Enzalutamide; Pembrolizumab
NCT01417390,Study of Neoadjuvant Gemcitabine and Cisplatin in Locoregionally Advanced Nasopharyngeal Carcinoma,First People's Hospital of Foshan,PHASE2,UNKNOWN,2011-11,2015-12,80.0,Drug: Gemcitabine and cisplatin; Cisplatin
NCT00079118,Irinotecan and Docetaxel in Treating Patients With Refractory Metastatic Breast Cancer,Alliance for Clinical Trials in Oncology,PHASE2,COMPLETED,2004-04,2010-12,70.0,docetaxel; irinotecan hydrochloride
NCT05535218,"Pembrolizumab-Sacituzumab Govitecan Combination to Treat High-risk, Localized Bladder Cancer",Claudia Guerrieri,PHASE2,ACTIVE_NOT_RECRUITING,2023-09-20,2027-02,48.0,"Sacituzumab govitecan is a humanized mAb with a hydrolysable linker through which SN-38 is conjugated to the humanized mAb hRS7 IgG1κ to enhance the delivery of SN-38 to Trop-2- expressing tumors, whi"
NCT01009190,A Study Of Poly (ADP-Ribose) Polymerase Inhibitor PF-01367338 In Combination With Several Chemotherapeutic Regimens,pharmaand GmbH,PHASE1,COMPLETED,2010-02,2014-04,85.0,PF-01367338; Carboplatin; PF-01367338; Carboplatin
NCT01948297,Debio 1347-101 Phase I Trial in Advanced Solid Tumours With Fibroblast Growth Factor Receptor (FGFR) Alterations,Debiopharm International SA,PHASE1,TERMINATED,2013-08,2020-06-26,77.0,Debio1347 (CH5183284)
NCT04952597,Study of Ociperlimab Plus Tislelizumab Plus Chemoradiotherapy in Participants With Untreated Limited-Stage Small Cell Lung Cancer,BeiGene,PHASE2,COMPLETED,2021-07-15,2023-07-26,126.0,Ociperlimab; Tislelizumab; Concurrent Chemoradiotherapy
NCT07264010,"Sorafenib Combined With Venetoclax as Pre-emptive Therapy Strategy for MRD+ AML: a Prospective, Single-arm, Multicenter Clinical Study","Nanfang Hospital, Southern Medical University",PHASE2,NOT_YET_RECRUITING,2025-12-01,2028-12-30,87.0,Sorafenib (SORA); Venetoclax (VEN)
NCT06108310,ArTificial inTelligence-based RAdiogenomics in Colon Tumors,University of Roma La Sapienza,N/A,UNKNOWN,2021-01-02,2025-12-31,500.0,
NCT07093710,Golidocitinib Combined With Mitoxantrone Hydrochloride Liposome or Chidamide in the Treatment of Relapsed or Refractory Peripheral T-cell Lymphoma,Sun Yat-sen University,PHASE1,RECRUITING,2025-08-27,2029-08-01,101.0,Golidocitinib; Mitoxantrone Hydrochloride Liposome; Chidamide
NCT07274813,"A Phase I Study to Evaluate the Safety, Tolerability, and PK of HLX37 in Advanced/Metastatic Solid Tumors",Shanghai Henlius Biotech,EARLY_PHASE1,RECRUITING,2025-12-29,2028-12-30,254.0,HLX37
NCT03317613,Clinical Trial Assessing the Efficacy of Capsaicin Patch (Qutenza®) in Cancer Patients With Neuropathic Pain,Centre Hospitalier Universitaire de Saint Etienne,PHASE2,COMPLETED,2017-11-09,2021-12-20,84.0,Qutenza
NCT02982720,Evaluating Combination Immunotherapy for Advanced Cholangiocarcinoma With Pembrolizumab and PEG-Intron,"Aiwu Ruth He, MD",PHASE2,TERMINATED,2017-07-05,2018-02-09,4.0,Pembrolizumab; Sylatron
NCT01323920,Bortezomib-based GVHD Prophylaxis After Allogeneic Transplant for Patients Without Matched Related Donors,Dana-Farber Cancer Institute,PHASE2,COMPLETED,2011-05,2013-11,35.0,Bortezomib; Tacrolimus; Methotrexate
NCT02530320,"Safety and Efficacy of PD0332991 (Palbociclib), a Cyclin-dependent Kinase 4 and 6 Inhibitor, in Patients With Oligodendroglioma or Recurrent Oligoastrocytoma Anaplastic With the Activity of the Protein RB Preserved",Grupo Español de Investigación en Neurooncología,PHASE2,COMPLETED,2015-10-25,2020-03,34.0,Palbociclib
NCT04340882,Phase 2 DoceRamPem for Patients With Metastatic or Recurrent NSCLC Who Progressed on Platinum-Doublet and PD-1/PD-L1 Blockade,Emory University,PHASE2,ACTIVE_NOT_RECRUITING,2020-06-05,2030-09-30,30.0,Docetaxel; Pembrolizumab; Ramucirumab
NCT07255482,Mortality Benefit of Ultrasound for Thyroid Nodules Identified With PET Imaging: Non-Inferiority Emulated Target Trial,Brigham and Women's Hospital,N/A,COMPLETED,2025-10-15,2026-08-04,874.0,Thyroid Ultrasound
NCT02632682,Confocal Laser Endomicroscopy vs Conventional Histology for the Identification of Intestinal Metaplasia,Minnesota Institute for Minimally Invasive Surgery,N/A,COMPLETED,2016-02,2016-09,172.0,
NCT02285582,International Rare Histiocytic Disorders Registry (IRHDR),The Hospital for Sick Children,N/A,RECRUITING,2014-10,2028-09,400.0,Registry study
NCT03215524,"A Study Of Daratumumab, Low-Dose Oral Dexamethasone and Cyclophosphamide With Or Without Pomalidomide",Canadian Myeloma Research Group,PHASE2,COMPLETED,2017-10-25,2022-06-24,120.0,DCdP; DCd+P
NCT06005324,"Personalized, Adaptive Treatment for Locally Advanced Head and Neck Cancer",University of Chicago,PHASE1,RECRUITING,2023-12-18,2026-12,36.0,Paclitaxel; Carboplatin; Cetuximab; Standard Dose Radiation; Low Dose Radiation; Cisplatin; TFHX Regimen
NCT04401124,Status of Management of Surgery in Beijing During COVID-19,Beijing Friendship Hospital,N/A,UNKNOWN,2020-05-25,2020-06-07,500.0,no intervention
NCT00005823,Intensive Compared With Nonintensive Chemotherapy in Treating Older Patients With Acute Myeloid Leukemia or Myelodysplastic Syndrome,Leukemia Research Fund,PHASE3,COMPLETED,1998-12,2007-12,2000.0,cytarabine; daunorubicin hydrochloride; etoposide; hydroxyurea; idarubicin; mitoxantrone hydrochloride; thioguanine; tretinoin; valspodar
NCT05601323,A Study of Suizenji in Patients With Unresectable Pancreatic Cancer,SONIRE Therapeutics Inc.,NA,ACTIVE_NOT_RECRUITING,2023-01-31,2027-05-31,90.0,Suizenji; Nal-IRI/FL; mFOLFIRINOX; Gem/nab-PTX
NCT03240523,A Study to Assess Safety and Efficacy of Vilaprisan in Subjects With Uterine Fibroids,Bayer,PHASE3,TERMINATED,2017-07-31,2021-10-25,766.0,Vilaprisan (BAY1002670)
NCT00030823,Vaccine Therapy in Treating Patients at High Risk for Breast Cancer Recurrence,Memorial Sloan Kettering Cancer Center,NA,COMPLETED,2001-03,2009-02,14.0,Globo-H-GM2-Lewis-y-MUC1-32(aa)-sTn(c)-TF(c)-Tn(c)-KLH conjugate vaccine; QS21
NCT00849823,HIV Prevention Program for African American Teen Males,Richard Crosby,NA,COMPLETED,2009-02,2013-09,840.0,Male Sexual Health Program; Focus on the Future Program
NCT00214123,Hypofractionated Radiotherapy for Lung Cancer,"University of Wisconsin, Madison",PHASE1,COMPLETED,2004-06,2012-12,79.0,radiation therapy (radiotherapy)
NCT01685723,Smoking Cessation in Cancer Patients,The University of Hong Kong,NA,COMPLETED,2012-09,2016-03,528.0,Counseling group; General supporting
NCT02997423,Cytochrome C Oxidase Activity in Newly Diagnosed Glioblastoma Multiforme (GBM),University of Iowa,N/A,COMPLETED,2016-11-30,2022-11-30,153.0,
NCT03977623,Genomic Evaluation in Patients With Diffuse Large B Cell Lymphoma After First Relapse/Progression,Samsung Medical Center,N/A,UNKNOWN,2019-09-24,2022-02-28,200.0,
NCT05106023,To Explore the Efficacy and Safety of SHR-1701 Combined With Temozolomide in the Treatment of Advanced Melanoma,Yong Chen,PHASE2,UNKNOWN,2022-01-21,2023-12-31,31.0,SHR-1701; Temozolomide
NCT04408859,Quality of Life in Advanced Gastric Cancer Patients Receiving Neoadjuvant Chemotherapy,Peking University Cancer Hospital & Institute,N/A,UNKNOWN,2018-04-17,2022-01-10,290.0,Neoadjuvant Chemotherapy
NCT05199259,Multi-analyte Blood Test Clinical Trial,Helio Genomics,N/A,RECRUITING,2022-03-01,2028-12,1200.0,Multi-analyte Blood Test
NCT05625659,Comparison of Breast Cancer Screening With CESM to DBT in Women With Dense Breasts,American College of Radiology,NA,RECRUITING,2023-03-24,2027-07-31,2032.0,Dual-Energy Contrast-Enhanced Spectral Mammography (CESM)
NCT01953159,Assessment of Paclitaxel-Induced Neuropathy,University of Chicago,N/A,ACTIVE_NOT_RECRUITING,2013-08-29,2027-12,43.0,Blood Collection; Patient Questionnaires
NCT04042480,A Study of SGN-CD228A in Advanced Solid Tumors,Seagen Inc.,PHASE1,TERMINATED,2019-09-03,2023-03-09,88.0,SGN-CD228A
NCT03716180,DAPHNe: Paclitaxel/Trastuzumab/Pertuzumab in HER2-Positive BC,Dana-Farber Cancer Institute,PHASE1,ACTIVE_NOT_RECRUITING,2018-11-05,2030-09-01,100.0,Paclitaxel; Trastuzumab; Pertuzumab
NCT06566079,Study of ISM6331 in Participants With Advanced/Metastatic Mesothelioma or Other Advanced Solid Tumors,InSilico Medicine Hong Kong Limited,PHASE1,RECRUITING,2024-12-27,2028-02-28,160.0,ISM6331
NCT05042479,Using of Virtual Reality to Relieve Procedural Pain in Pediatric Oncology.,Nantes University Hospital,NA,COMPLETED,2022-06-30,2024-12-24,34.0,Usual distraction and pain prevention techniques.; Virtual reality; Choice between usual distraction or virtual reality
NCT04076579,Trabectedin in Combination With Olaparib in Advanced Unresectable or Metastatic Sarcoma,University of Michigan Rogel Cancer Center,PHASE2,COMPLETED,2020-03-17,2024-09-26,29.0,Olaparib; Trabectedin
NCT07264296,Implant-Related Infections in Patients With Skeletal Sarcomas,Vastra Gotaland Region,N/A,ENROLLING_BY_INVITATION,2025-02-05,2028-01-31,40.0,
NCT06157996,Lenvatinib Plus Tislelizumab and CapeOX as First-Line Treatment for Advanced GC/GEJC With Positive PD-L1 and Low TMEscore,"Nanfang Hospital, Southern Medical University",PHASE2,RECRUITING,2024-06-01,2026-08,92.0,lenvatinib and tislelizumab plus CapeOX chemotherapy; tislelizumab plus CapeOX chemotherapy
NCT05136196,"BiCaZO: A Study Combining Two Immunotherapies (Cabozantinib and Nivolumab) to Treat Patients With Advanced Melanoma or Squamous Cell Head and Neck Cancer, an immunoMATCH Pilot Study",National Cancer Institute (NCI),PHASE2,RECRUITING,2022-12-06,2027-01-01,150.0,Biopsy Procedure; Biospecimen Collection; Cabozantinib S-malate; Computed Tomography; Magnetic Resonance Imaging; Nivolumab
NCT02919696,A Study of Abemaciclib (LY2835219) in Native Chinese Participants With Advanced and/or Metastatic Cancers,Eli Lilly and Company,PHASE1,COMPLETED,2017-08-07,2019-09-03,26.0,Abemaciclib
NCT01067196,"Outcomes Study of Late Effects After Proton RT for Pediatric Tumors of the Brain, Head, and Neck",University of Florida,N/A,COMPLETED,2010-02,2022-05-21,500.0,
NCT07251062,"A Study of SYS6010, Enlonstobart, and Chemotherapy for First-Line Treatment of Esophageal Squamous Cell Carcinoma.","CSPC Megalith Biopharmaceutical Co.,Ltd.",PHASE2,NOT_YET_RECRUITING,2025-12-30,2030-12-30,737.0,SYS6010+SG001+ physician's choice (Capecitabine or 5-FU); Investigator's choice of SOC; SYS6010+SG001
NCT03393962,Intervention of Ovarian Cancer With Antigen-specific Engineered Immune Effectors,Shenzhen Geno-Immune Medical Institute,PHASE1,ENROLLING_BY_INVITATION,2025-12-01,2028-12-31,20.0,OC-EIEs
NCT00094562,A Fish Oil Supplement to Maintain Body Weight in Patients With Disease-Related Weight Loss,Sidney Kimmel Comprehensive Cancer Center at Johns Hopkins,PHASE2,COMPLETED,2004-06,2007-09,25.0,Fish oil supplement
NCT00150462,Safety Study of the Proteasome Inhibitor PR-171 (Carfilzomib for Injection) in Patients With Hematological Malignancies,Amgen,PHASE1,COMPLETED,2005-09,2009-10,48.0,Carfilzomib; Dexamethasone
NCT00002546,Radiation Therapy Compared With Combination Chemotherapy in Treating Patients With Cancer of the Uterus,Gynecologic Oncology Group,PHASE3,COMPLETED,1993-12,,216.0,cisplatin; ifosfamide; adjuvant therapy; radiation therapy
NCT02921646,Relationship Between Evolution of Resting Energy Expenditure and Tumoral Response to Chemotherapy in Patients Suffering From Pancreas Cancer,Center Eugene Marquis,NA,TERMINATED,2017-07-10,2019-07-10,8.0,Measure of resting energetic expenditure
NCT02250846,Study of EGFR-TKI to Asymptomatic Brain Metastases of NSCLC,"Union Hospital, Tongji Medical College, Huazhong University of Science and Technology",PHASE2,UNKNOWN,2015-01,2017-01,70.0,EGFR-TKI
NCT07729046,Neu Direction: Testing the Efficacy of Adding HER Inhibition to Standard of Care in Metastatic MLH1-low Endocrine-resistant ER+/HER2- Breast Cancer,"University of California, San Diego",PHASE2,NOT_YET_RECRUITING,2027-07,2035-06,150.0,"Neratinib + endocrine therapy; Endocrine therapy may include one of the following therapies: letrozole, anastrozole, exemestane, tamoxifen or fulvestrant; CDK4/6 + Endocrine therapy"
NCT04042935,Alpha Lipoic Acid to Decrease Pain and Side Effects in Concurrent Treatment of HNSCC,"University of Colorado, Denver",PHASE1,COMPLETED,2020-02-27,2021-09-24,5.0,Alpha Lipoic Acid
NCT07705308,A Prospective Study of Response-adapted Low-dose Radiotherapy Combined With Orelabrutinib for Localized Mucosa-associated Lymphoid Tissue Extranodal Marginal Zone Lymphoma,Ruijin Hospital,PHASE2,NOT_YET_RECRUITING,2026-08-01,2031-05-01,140.0,Radiation (Very low dose); Radiation (Standard)
NCT05491525,"Open-label, Long-term Safety, Efficacy, and Pharmacokinetics Study of Vibegron in Pediatric Subjects 2 Years to < 18 Years of Age With NDO and on CIC",Urovant Sciences GmbH,PHASE2,RECRUITING,2022-10-12,2030-09,71.0,Vibegron
NCT04781725,INVINCIBLE TRIAL: Intratumoral INT230-6 in Breast Cancer,Ottawa Hospital Research Institute,PHASE2,UNKNOWN,2021-03-25,2023-03-01,90.0,INT230-6; Saline injection
NCT07464925,A Phase 1 Safety and Dose Finding Study of GLIX1 in Adults With Recurrent or Progressive High-grade Glioma,Tetragon Biosciences Ltd,PHASE1,RECRUITING,2026-04-20,2027-12,30.0,GLIX1
NCT05226117,"Sacituzumab Govitecan, Preceding Radical Cystectomy, in Treating Patients With Muscle-invasive Bladder Cancer",IRCCS San Raffaele,PHASE2,COMPLETED,2022-03-23,2025-09-24,44.0,Sacituzumab govitecan
NCT04989725,Stereotactic Ablative Radiotherapy for Oligo-Progressive Disease REfractory to Systemic Therapy in Metastatic Cancer,Centre hospitalier de l'Université de Montréal (CHUM),PHASE2,RECRUITING,2021-10-01,2029-03-01,46.0,Standard arm; Experimental arm
NCT02647125,A Study of Comparing Huachansu Plus Thoracic RT Versus RT Alone For ESCC,Fudan University,PHASE2,COMPLETED,2015-09,2022-12,126.0,Huachansu; thoracic radiation
NCT00004225,Gene Therapy Plus Radiation Therapy in Treating Patients With Non-Small Cell Lung Cancer,Eastern Cooperative Oncology Group,PHASE1,COMPLETED,2000-01,,,Ad5CMV-p53 gene; radiation therapy
NCT07748325,Adjuvant Immune Checkpoint Inhibitor Versus Observation After Neoadjuvant Immunochemotherapy and Surgery in High-Risk NSCLC,Sichuan University,PHASE2,RECRUITING,2025-01-10,2028-12-30,100.0,Sintilimab
NCT05679817,How Effective is the Dose-graded Aerobic Training in Children Survivors of Acute Lymphoblastic Leukemia?,Cairo University,NA,COMPLETED,2021-10-03,2022-11-24,58.0,Dose-graded aerobic exercises; Traditional physical rehabilitation
NCT04169178,"Evaluate Safety, Tolerability and PK of HLX55 in Patients With Advanced Solid Tumors With Different cMET Status","Henlix, Inc",PHASE1,UNKNOWN,2020-03-03,2022-12,98.0,HLX55
NCT00374985,Safety and Efficacy of Neoadjuvant Radiochemotherapy in Adenocarcinoma of the Gastric-oesophageal Junction,Johannes Gutenberg University Mainz,PHASE1,COMPLETED,2005-10,2013-09,25.0,"Docetaxel, Oxaliplatin; Radiotherapy"
NCT06885385,A Phase 2 Study Evaluating the Safety and Efficacy of JS207 With or Without JS015 in Combination With Chemotherapy in Patients With Colorectal Cancer,"Shanghai Junshi Bioscience Co., Ltd.",PHASE2,RECRUITING,2025-04-23,2027-02-13,60.0,JS207; JS015; Capecitabine; Oxaliplatin
NCT00273585,Study of Using Computerized Education to Increase Patients' Confidence in Their Ability to Be Screened for Colon Cancer,"University of California, Davis",PHASE3,COMPLETED,2005-08,2006-02,100.0,Personally-tailored educational software program
NCT02461043,Adjuvant Chemotherapy With Paclitaxel and Cisplatin in Lymph Node-Positive Adjuvant Chemotherapy in the Treatment of the Lymph Node Positive Thoracic Esophageal Squamous Cell Carcinoma,Chinese Academy of Medical Sciences,PHASE3,UNKNOWN,2015-04,2023-12,386.0,paclitaxel; cisplatin; radiation
NCT05122585,Magnetic Tracer in the Sentinel Node Procedure in Breast Cancer: the Non-radioactive Alternative for Radio-isotopes,Zuyderland Medisch Centrum,NA,COMPLETED,2021-08-01,2022-02-09,40.0,MagSeed and MagTrace in breast cancer patiënts
NCT07545291,"A Spiritual Health Intervention (PATH) for Improving Spiritual, Religious and Emotional Distress in Cancer Patients",Fred Hutchinson Cancer Center,NA,NOT_YET_RECRUITING,2026-12-01,2027-03-31,20.0,Spiritual Therapy; Survey Administration; Interview
NCT07419191,Role of Endoscopic Ultrasound Elastography in Diagnosis of Gastrointestinal Subepithelial and Mediastinal Lesions,Assiut University,N/A,NOT_YET_RECRUITING,2026-02-08,2027-12-30,35.0,
NCT04751591,Study On Safety Of Endoscopic Resection For 2-5cm Gastric Gastrointestinal Stromal Tumor,Shanghai Zhongshan Hospital,NA,UNKNOWN,2021-12-15,2024-06-30,260.0,Endoscopic resection; Laparoscopic partial gastrectomy
NCT00816374,Tailored Intervention for Melanoma Patient's Families,Fox Chase Cancer Center,NA,COMPLETED,2005-08,2011-05,553.0,Reading materials and discussions; Reading materials and discussions; Questionnaires
NCT06046274,GEN1046 in Combination With Anticancer Agents for the Treatment of Advanced Endometrial Cancer,Genmab,PHASE2,WITHDRAWN,2023-10-01,2028-06-01,0.0,Pembrolizumab; Acasunlimab
NCT02039674,A Study of Pembrolizumab (MK-3475) in Combination With Chemotherapy or Immunotherapy in Participants With Non-small Cell Lung Cancer (MK-3475-021/KEYNOTE-021),Merck Sharp & Dohme LLC,PHASE1,COMPLETED,2014-02-21,2021-10-18,267.0,Pembrolizumab; Paclitaxel; Carboplatin; Bevacizumab; Pemetrexed; Ipilimumab; Erlotinib; Gefitinib
NCT01832974,Possible New Therapy for Advanced Cancer,INSYS Therapeutics Inc,PHASE1,TERMINATED,2012-12,2014-09,9.0,IL-13-PE
NCT02759718,Clinical Effectiveness of Serum Chromogranin A Levels on Diagnostic of Pancreatic Neuroendocrine Tumors,Asan Medical Center,PHASE4,UNKNOWN,2012-06,2017-05,111.0,Chromogranin A
NCT04599218,MR/TRUS Fusion Guided Prostate Biopsy - An Improved Way to Detect and Quantify Prostate Cancer,Ardeshir Rastinehad,NA,UNKNOWN,2020-08-21,2026-01-15,1586.0,Prostate Biopsy; MR US Fusion Guided Prostate Biopsy; MR/TRUS Fusion Guided Prostate Biopsy
NCT01930474,Analysis of Plasma Tumor DNA in Lung Cancer Patients,Seoul National University Hospital,N/A,UNKNOWN,2013-07,,200.0,
NCT01749774,Physical Activity and Testicular Cancer,Oslo University Hospital,NA,COMPLETED,2012-12,2013-06,13.0,Physical activity counseling
NCT06212076,Phase I/II Study of IPG1094 in Advanced Solid Tumors Patients,"Nanjing Immunophage Biotech Co., Ltd",PHASE1,RECRUITING,2024-07-11,2027-07-09,60.0,IPG1094
NCT06353386,Substudy 01A: Safety and Efficacy of Opevesostat (MK-5684)-Based Treatment Combinations or Opevesostat Alone in Participants With Metastatic Castration-resistant Prostate Cancer (mCRPC) (MK-5684-01A),Merck Sharp & Dohme LLC,PHASE1,RECRUITING,2024-05-20,2029-01-15,220.0,Opevesostat; Olaparib; Docetaxel; Cabazitaxel; Fludrocortisone acetate; Dexamethasone; Prednisone
NCT05895370,HPV-T in HPV-16 Positive Recurrent or Metastatic Solid Tumors,"BGI, China",PHASE1,UNKNOWN,2023-04-13,2025-04-13,12.0,HPV-T; Interleukin-2
NCT05913570,Cadonilimab as Neoadjuvant Therapy in Resectable Stage II-III MSI-H/dMMR Colorectal Cancer,LiuYing,PHASE2,UNKNOWN,2023-06-20,2023-12-20,22.0,"Cadonilimab (®), a PD-1/CTLA-4 bi-specific antibody"
NCT06022770,Clinical Study on Nutrition Intervention in Patients With Esophageal and Gastric Cancer Treated With Chemotherapy,Hunan Cancer Hospital,NA,UNKNOWN,2023-08-30,2024-12-30,240.0,Nutritional counseling，Enteral Nutrition
NCT03525678,A Study to Investigate the Efficacy and Safety of Two Doses of GSK2857916 in Participants With Multiple Myeloma Who Have Failed Prior Treatment With an Anti-CD38 Antibody,GlaxoSmithKline,PHASE2,COMPLETED,2018-06-18,2024-09-12,221.0,Belantamab mafodotin frozen liquid; Belantamab mafodotin lyophilized powder
NCT02376985,Evaluation of Oral Care to Prevent Oral Mucositis in ER Positive MBC Patients Treated With Everolimus: Phase 3 RCT,Comprehensive Support Project for Oncology Research,PHASE3,COMPLETED,2015-03-26,2018-10-16,174.0,Oral management; Everolimus
NCT03871686,Promotion of Well-being of Young Adult Brain Cancer Survivors,"University of Wisconsin, Madison",NA,COMPLETED,2019-02-13,2019-05-19,139.0,Brief Internet-based Behavioral Activation Intervention
NCT00011986,Combination Chemotherapy in Treating Patients With Stage III or Stage IV Ovarian Epithelial Cancer or Primary Peritoneal Cancer,Gynecologic Oncology Group,PHASE3,COMPLETED,2001-01,2013-01-28,4312.0,Paclitaxel; Carboplatin; Gemcitabine Hydrochloride; Pegylated Liposomal Doxorubicin Hydrochloride; Topotecan Hydrochloride; Therapeutic Conventional Surgery
NCT00754286,A Randomized Trial of The Effectiveness of Aromatherapy on Chemotherapy Induced Nausea and Vomiting in Children With Cancer,Albert Einstein College of Medicine,NA,COMPLETED,2008-07,2011-07,132.0,Aromatherapy Scented Wand; Placebo wand
NCT00281970,"Docetaxel and Cisplatin in Treating Patients With Stage I, Stage II, or Stage III Non-Small Cell Lung Cancer That Has Been Completely Removed By Surgery",Sidney Kimmel Comprehensive Cancer Center at Johns Hopkins,PHASE2,COMPLETED,2004-08,2009-06,50.0,cisplatin; docetaxel; adjuvant therapy
NCT01980823,Pre-Surgical Trial of the Combination of Metformin and Atorvastatin in Newly Diagnosed Operable Breast Cancer,Columbia University,EARLY_PHASE1,COMPLETED,2013-10,2022-12,23.0,Metformin; Atorvastatin; Breast surgery
NCT03776123,Post-marketing Surveillance on the Safety of CabometyxTM in Korean Patients,Ipsen,N/A,COMPLETED,2019-05-15,2024-03-26,347.0,
NCT04927559,Health Literacy in Understanding Radiation Therapy Information in Patients Undergoing Definitive Radiation Therapy,University of Southern California,N/A,TERMINATED,2020-12-18,2024-04-23,35.0,Survey Administration
NCT03400280,POstopeRative Standardization of Care: THe Implementation of Best Practice After Pancreatic Resection,St. Antonius Hospital,NA,UNKNOWN,2018-01-08,2020-02-09,1600.0,Best practice algorithm for postoperative care
NCT05982379,Motivation Program for Children With Cancer,Zeynep Kisecik Şengül,NA,COMPLETED,2019-09-02,2020-08-28,31.0,Technology Based Motivation Program
NCT04092179,Study of Enasidenib and Venetoclax in IDH2-Mutated Blood Cancers,"University Health Network, Toronto",PHASE1,TERMINATED,2020-11-05,2023-10-26,27.0,Enasidenib; Venetoclax
NCT00465179,Sunitinib Malate in Patients With Non-Clear Cell Renal Cell Cancer,M.D. Anderson Cancer Center,PHASE2,COMPLETED,2007-03,2015-03,61.0,Sunitinib Malate
NCT02173262,REaCT Integrated Consent Model to Compare Two Standard of Care Regimens,Ottawa Hospital Research Institute,PHASE4,COMPLETED,2014-08,2017-09,142.0,G-CSF; Ciprofloxacin
NCT00259662,High-dose Periop Statins for Prevention of DVT,Yale University,NA,COMPLETED,2005-11,2007-08,29.0,atorvastatin
NCT02729896,"A Study Evaluating Safety and Efficacy of Obinutuzumab, Polatuzumab Vedotin (Pola), and Atezolizumab (Atezo) in Participants With Relapsed or Refractory Follicular Lymphoma (FL) and Rituximab, Atezo, and Pola in Participants With Relapsed or Refractory Diffuse Large B-Cell Lymphoma (DLBCL)",Hoffmann-La Roche,PHASE1,COMPLETED,2016-11-09,2019-10-07,36.0,Atezolizumab [TECENTRIQ]; Obinutuzumab; Polatuzumab Vedotin; Rituximab
NCT04329962,Metabolism and Absorption of Anthocyanins From Extract and Whole Blueberry Powder Confections in Healthy Adults,Ohio State University Comprehensive Cancer Center,NA,COMPLETED,2018-05-08,2018-05-31,12.0,Blueberry Powder Food Product; Dietary Intervention; Questionnaire Administration
NCT01758146,Impact of Obesity on the Efficacy of Endocrine Therapy With Aromatase Inhibitors,"Post Graduate Institute of Medical Education and Research, Chandigarh",PHASE3,UNKNOWN,2012-01,2020-06,412.0,Tamoxifen; Letrozole
NCT03297346,Early Detection of Cardiovascular Changes After Radiotherapy for Breast Cancer,French Nuclear Safety and Radiation Protection Authority (ASNR),NA,COMPLETED,2017-09-01,2021-05-31,250.0,Cardiac imaging and circulating biomarkers
NCT07505446,Characterization of the Synergistic Antibacterial Effect of Verapamil on Bacterial Isolates From Cancer Patients,Assiut University,N/A,NOT_YET_RECRUITING,2026-05-01,2027-06-01,100.0,verapamil
NCT00026403,Combination Chemotherapy Plus Radiation Therapy in Treating Patients With Advanced Pancreatic Cancer,Alliance for Clinical Trials in Oncology,PHASE2,COMPLETED,2001-09,2009-07,48.0,cisplatin; gemcitabine hydrochloride; radiation therapy
NCT03788603,Rogaratinib (BAY1163877) in Chinese Patients,Bayer,PHASE1,COMPLETED,2019-01-07,2020-04-14,1.0,Rogaratinib (BAY1163877)
NCT02480842,Clinical Trial With Two Physical Therapy Protocols After Breast Cancer Surgery and Immediate Reconstruction,Federal University of São Paulo,NA,COMPLETED,2015-06,2019-07-17,120.0,Alloplastic free ROM; Alloplastic limited ROM; Oncoplastic free ROM; Oncoplastic limited ROM
NCT00936442,Arimidex Therapy Compliance Electronic Monitoring System,AstraZeneca,N/A,COMPLETED,2009-06,2010-12,104.0,Anastrozole; Educational materials
NCT00060242,Combretastatin A4 Phosphate in Treating Patients With Advanced Anaplastic Thyroid Cancer,Case Comprehensive Cancer Center,PHASE2,COMPLETED,2003-02,2008-01,26.0,fosbretabulin disodium
NCT03958942,"Bilateral Ultrasound Guided Quadratus Lumborum Versus Lumbar Epidural Block on Postoperative Analgesia, and Inflammatory Response in Abdominal Surgery",Assiut University,NA,UNKNOWN,2019-06-01,2020-03-01,60.0,Ultrasound quadratus lumborum block with bupivacaine 25%; lumbar epideural block with bupivacaine 25%
NCT04480086,Safety and Tolerability Study of Mivebresib Tablet Alone or in Combination With Ruxolitinib Tablet or Navitoclax Tablet in Adult Participants With Myelofibrosis,AbbVie,PHASE1,TERMINATED,2021-03-17,2023-07-28,1.0,Mivebresib; Navitoclax; Ruxolitinib
NCT03541486,A Clinical Trial Evaluating the Effect of Pharmacological Ascorbate on Radiation Therapy for Pancreatic Cancer Patients,"Joseph J. Cullen, MD, FACS",PHASE2,WITHDRAWN,2025-12-31,2030-12-31,0.0,Ascorbate; Gemcitabine; radiation therapy
NCT07650786,Cell Membrane Potential Regulates Spatial-Specific Mechanoptosis Resistance and Metastasis in Colorectal Cancer Via Mechanotransduction and the PVR/CD96 Axis,Ma Tianyi,N/A,COMPLETED,2024-02-01,2026-05-10,4.0,
NCT04857970,Routine Electronic Monitoring Of Quality Of Life -Poumon (REMOQOL-Poumon),Centre Hospitalier Universitaire de Besancon,N/A,UNKNOWN,2019-02-20,2025-08,72.0,Electronic HRQoL questionnaires with feedback to physicians; Paper-pencil HRQoL questionnaires w.o. feedback to physicians
NCT05003973,The Effectiveness of Anti-resistance Exercise on Lower Limb Lymphoedema Among Gynecological Cancer,National Cheng Kung University,NA,UNKNOWN,2021-08-20,2023-12-31,100.0,home-based anti-resistance exercise; usually care
NCT05882773,Asian Myeloproliferative Neoplasm (MPN) Registry,The University of Hong Kong,N/A,RECRUITING,2023-05,2026-12,1000.0,
NCT02220569,PhysioFlow to Detect Cardiotoxicity in Chemo,McGill University Health Centre/Research Institute of the McGill University Health Centre,N/A,UNKNOWN,2014-10,2016-07,100.0,
NCT07095569,Shoulder Denervation for Post Mastectomy Irradiation Shoulder Pain,"National Cancer Institute, Egypt",NA,RECRUITING,2025-08-01,2026-08-01,60.0,(Shoulder individual nerves TRF (thermal radio frequency): Patients will receive shoulder individual nerves Thermal RF.; conservative treatment
NCT00227669,"Gemcitabine With or Without Docetaxel as Second-Line Therapy in Treating Patients With Metastatic or Relapsed, Unresectable Uterine or Soft Tissue Leiomyosarcoma",UNICANCER,PHASE2,COMPLETED,2005-10,2012-08,90.0,docetaxel; gemcitabine hydrochloride
NCT02920541,Dose-escalation Study of Oral Administration of S 055746 in Patients With Acute Myeloid Leukaemia or Myelodysplastic Syndrome,Institut de Recherches Internationales Servier,PHASE1,COMPLETED,2015-01,2018-05-24,48.0,S 055746
NCT07623941,CUIMC Focal Therapy Registry,Columbia University,N/A,RECRUITING,2026-01-01,2040-12-31,1000.0,Focal therapy
NCT02672241,Nimotuzumab in Combination With Radio-chemotherapy for the Treatment of Brainstem Tumor in Children,"Xinhua Hospital, Shanghai Jiao Tong University School of Medicine",PHASE2,UNKNOWN,2016-01,2019-08,30.0,Nimotuzumab; Temozolomide
NCT05876754,An Early Access Study of Ivosidenib in Patients With a Pretreated Locally Advanced or Metastatic Cholangiocarcinoma,Servier Affaires Médicales,PHASE3,ACTIVE_NOT_RECRUITING,2023-05-03,2027-12-01,299.0,Ivosidenib Oral Tablet
NCT00155805,Immunologic Factors in Reflux Esophagitis and Barrett's Esophagus,National Taiwan University Hospital,N/A,UNKNOWN,2004-02,2006-12,90.0,
NCT04042805,Sintilimab Combined With Lenvatinib in Local Advanced Hepatocellular Carcinoma,Baocai Xing,PHASE2,UNKNOWN,2019-08-01,2024-08-30,36.0,Sintilimab; Lenvatinib
NCT07370805,18F-FAPI PET in Lung Cancer,First Affiliated Hospital of Zhejiang University,N/A,NOT_YET_RECRUITING,2026-02-01,2028-12-31,120.0,18F-FAPI PET
NCT01130805,A Study of Pazopanib With CAPEOX in AGC Patients,Samsung Medical Center,PHASE2,COMPLETED,2010-12,2015-12,66.0,Pazopanib in combination with capecitabine and oxaliplatin
NCT01475266,Single Immediate Instillation of EO9 After TURBT in Patients With Non-muscle-invasive Bladder Cancer (NMIBC),"Nippon Kayaku Co., Ltd.",PHASE2,TERMINATED,2011-11,2013-04,51.0,EO9 (Apaziquone); Placebo
NCT01637194,Cetuximab and Everolimus in Treating Patients With Metastatic or Recurrent Colon Cancer or Head and Neck Cancer,Fox Chase Cancer Center,PHASE1,COMPLETED,2008-11,2011-07,12.0,everolimus; cetuximab; pharmacological study; laboratory biomarker analysis
NCT04898894,Study of Selinexor and Venetoclax in Combination With Chemotherapy in Pediatric and Young Adult Patients With Refractory or Relapsed Acute Myeloid Leukemia,St. Jude Children's Research Hospital,PHASE1,ACTIVE_NOT_RECRUITING,2021-11-15,2027-09,37.0,Venetoclax; Selinexor; Cytarabine; Fludarabine; Filgrastim; Methotrexate; methotrexate/hydrocortisone/cytarabine
NCT01194466,Transcutaneous Electrical Nerve Stimulation (TENS) and Head and Neck Cancer Pain (HNC) (TENS & HNC),Jennifer E. Lee,NA,COMPLETED,2011-05-15,2012-08-14,41.0,Transcutaneous Electrical Nerve Stimulation (TENS)
NCT00766766,Reduction of Environmental Tobacco Smoke (ETS) Exposure In Pediatric Cancer Patients,St. Jude Children's Research Hospital,NA,COMPLETED,2002-09,2010-06,166.0,Health Risk and Behavioral Skills Coaching Sessions; Telephone Coaching Sessions; Physician Feedback Letter
NCT06859151,DNA Methylation and the Increased Risk of Cervical Cancer Development,Zhujiang Hospital,N/A,NOT_YET_RECRUITING,2025-03-20,2026-12-30,2000.0,Reproductive tract microbiota
NCT02908451,"A Study of AbGn-107 in Patients With Gastric, Colorectal, Pancreatic or Biliary Cancer",AbGenomics B.V Taiwan Branch,PHASE1,TERMINATED,2017-04-24,2021-02-28,39.0,AbGn-107
NCT00599131,Cetuximab and Radiation Therapy in Laryngeal Cancer Patients Who Have Responded to One Cycle of Chemotherapy (SPORE),University of Michigan Rogel Cancer Center,PHASE2,TERMINATED,2007-08,2010-10,4.0,Cisplatin; Cetuximab; 5-Fluorouracil; Docetaxel
NCT00534131,Anterior Perineal Plane for Ultra Low Anterior Resection of the Rectum,Queen Mary University of London,NA,COMPLETED,2004-04-01,2015-11-01,23.0,Standard abdominal approach for rectal excision; APPEAR Procedure; Proctectomy
NCT00743431,Caelyx in Ovarian Cancer: Prevention and Treatment of Infusion Reactions and Palmar-plantar Erythrodysesthesia (Study P04085)(COMPLETED),Merck Sharp & Dohme LLC,N/A,COMPLETED,2005-02,2008-12,224.0,Caelyx (Pegylated Lyposomal Doxorubicin)
NCT05821231,Study Evaluating the Safety and Efficacy of MEDI5752 in Combination With Stereotactic Radiotherapy in Patients With Metastatic Sarcoma,Institut Claudius Regaud,PHASE1,COMPLETED,2023-12-12,2026-09-07,14.0,SBRT + MEDI5752
NCT01060202,Quality of Life of Non-transplant Candidate Multiple Myeloma Patients Treated With Early Bortezomib,"Janssen Korea, Ltd., Korea",N/A,COMPLETED,2009-11,2011-07,60.0,No intervention
NCT01096602,Blockade of PD-1 in Conjunction With the Dendritic Cell/AML Vaccine Following Chemotherapy Induced Remission,Beth Israel Deaconess Medical Center,PHASE2,COMPLETED,2010-05,2025-06,63.0,DC AML Vaccine
NCT07432802,Sublobar Wedge Resection or Stereotactic Radiotherapy Treatment of High-risk Patients With Early-stage Lung Cancer,Aarhus University Hospital,NA,NOT_YET_RECRUITING,2026-09-01,2031-08-30,182.0,Stereotactic radiation therapy intervention; Surgical intervention
NCT02779751,A Study of Abemaciclib (LY2835219) in Participants With Non-Small Cell Lung Cancer or Breast Cancer,Eli Lilly and Company,PHASE1,ACTIVE_NOT_RECRUITING,2016-11-14,2026-12,100.0,Abemaciclib; Pembrolizumab; Anastrozole
NCT02956551,Personalized DC Vaccine for Lung Cancer,Sichuan University,PHASE1,UNKNOWN,2016-11-30,2020-06-01,20.0,DC vaccine
NCT05446051,Development and Testing of a TTDSS for Cancer Patients,St. Martin De Porress Hospital,NA,UNKNOWN,2022-07-25,2024-04-06,136.0,the Mandarin Version of the electronic patient self-Reporting of Adverse-events (eRAPID-MV); the telephone triage decision support system (TTDSS)
NCT07588737,Multimodal AI-Guided Recovery Management After Lung Cancer Surgery,The First Affiliated Hospital of Guangzhou Medical University,NA,RECRUITING,2025-03-01,2026-12-31,868.0,Conventional Internet-Based Rehabilitation Information; Large Language Model-Assisted Rehabilitation Nursing
NCT00030537,Erlotinib in Treating Patients With Locally Advanced or Metastatic Breast Cancer,National Cancer Institute (NCI),PHASE2,COMPLETED,2001-11,2003-03,,erlotinib hydrochloride
NCT07356245,Ruxolitinib Maintenance Post-Hematopoietic Stem Cell Transplant T-Cell Lymphoma,Jonathan Brammer,PHASE2,RECRUITING,2026-02-12,2027-01-31,44.0,Ruxolitinib; Positron emission tomography-computed tomography; Bone Marrow Biopsy; Biopsy Procedure; Biospecimen Collection
NCT01835145,Cabozantinib-S-Malate Compared With Temozolomide or Dacarbazine in Treating Patients With Metastatic Melanoma of the Eye That Cannot Be Removed by Surgery,National Cancer Institute (NCI),PHASE2,COMPLETED,2013-07-31,2019-11-01,47.0,Cabozantinib S-malate; Dacarbazine; Laboratory Biomarker Analysis; Temozolomide
NCT03151772,Bioavailability of Disulfiram and Metformin in Glioblastomas,Sahlgrenska University Hospital,EARLY_PHASE1,TERMINATED,2018-01-29,2020-09-24,3.0,Disulfiram; Metformin
NCT05169372,Retrospective Analysis of 68Ga-PSMA-PET in Patients With Prostate Cancer: Experience From Brazil,Latin American Cooperative Oncology Group,N/A,TERMINATED,2022-05-11,2024-01-19,12.0,
NCT01223872,"Childhood Cancer Survivors' Knowledge of Diagnosis,Treatment and Risk of Late Effects: Specialized Survivorship Clinic",Vanderbilt University Medical Center,N/A,COMPLETED,2010-08,2015-08,188.0,interview; clinic visit and interview; interviews and clinic visit
NCT05730595,Fluorescence Laparoscopic Navigation for Rectal Cancer and Sigmoid Colon Cancer,"Cancer Institute and Hospital, Chinese Academy of Medical Sciences",NA,NOT_YET_RECRUITING,2023-09-01,2027-06-01,550.0,lymph node dissection
NCT07099079,Post-Market Clinical Follow-Up Study on the Rotational Stability of an Intraocular Lens After Cataract Surgery,Rayner Intraocular Lenses Limited,N/A,NOT_YET_RECRUITING,2026-11,2027-12,92.0,
NCT00891579,Study of Pemetrexed Versus Gefitinib in Patients With Locally Advanced or Metastatic Non Small Cell Lung Cancer Who Have Previously Received Platinum-Based Chemotherapy Without Epidermal Growth Factor Receptor (EGFR) Mutations,Chinese Society of Lung Cancer,PHASE2,COMPLETED,2009-02,2012-11,161.0,Pemetrexed (Alimta); Gefitinib (IRESSA)
NCT03310996,Non-invasive Stimulation in Neurofibromatosis Type 1,University of Manchester,NA,COMPLETED,2017-10-13,2018-06-30,16.0,Transcranial direct current stimulation
NCT04987996,GR-MD-02 + Pembrolizumab Versus Pembrolizumab Monotherapy in Melanoma and Squamous Cell Head and Neck Cancer Patients,Providence Health & Services,PHASE2,WITHDRAWN,2023-07-01,2031-07-01,0.0,GR-MD-02; Placebo; Pembrolizumab
NCT07667296,APG-157 in Locally Advanced Head and Neck Squamous Cell Carcinoma,"Aveta Biomics, Inc.",PHASE3,NOT_YET_RECRUITING,2026-07,2032-12,826.0,APG-157; Surgery; Radiation/Chemotherapy; Radiation/Chemotherapy
NCT05369988,VALIDATION OF THE VIBe INTRAOPERATIVE BLEEDING SCALE IN LIVER SURGERY,Hospital Miguel Servet,N/A,UNKNOWN,2022-07-01,2023-04-01,259.0,
NCT05971303,Impact of Cultural and Linguistic Backgrounds on Patient Care and Experience of Women With Gynecologic Malignancies,"University Health Network, Toronto",N/A,ACTIVE_NOT_RECRUITING,2022-03-15,2026-12,45.0,Questionnaire
NCT07769242,Phase I/II Clinical Trials of SHR-8203 Injection in Participants With Advanced Solid Tumors,"Beijing Suncadia Pharmaceuticals Co., Ltd",PHASE1,NOT_YET_RECRUITING,2026-09-01,2029-12-30,200.0,SHR-8203 Injection
NCT06453642,Evaluation of a Simple-Prep Controlled Embolic,"Fluidx Medical Technology, Inc.",NA,ACTIVE_NOT_RECRUITING,2024-11-18,2026-09,114.0,GPX® Embolic Device
NCT04072042,BIOmarker Driven Trial of VEGFR2 Inhibitor in Advanced or Metastatic Sarcoma,Ruijin Hospital,PHASE2,RECRUITING,2019-10-30,2027-09-01,30.0,Apatinib monotherapy
NCT04053842,Multi-modality Imaging (PCa) Using Sodium MRI and PSMA PET in Men Pre-prostatectomy,Glenn Bauman,PHASE2,ACTIVE_NOT_RECRUITING,2021-02-04,2025-09,45.0,PET Scan; [18F]PSMA-1007 Injection; Sodium MRI; Multiparametric MRI
NCT03027986,Evaluation of a Postural Rehabilitation Program Based on Sensory-motor Control in Men With Urinary Incontinence After Prostatectomy,"University Hospital, Rouen",NA,WITHDRAWN,2017-10-02,2019-10-14,0.0,postural rehabilitation program
NCT03606486,Lavage of the Uterine Cavity for Diagnosis of Ovarian Cancer,University of Washington,NA,TERMINATED,2018-11-16,2022-12-09,52.0,Biospecimen Collection; Laboratory Biomarker Analysis; Lavage; Pap Smear
NCT07706673,ESCUDDO Long Term Follow Up,National Cancer Institute (NCI),PHASE4,ENROLLING_BY_INVITATION,2026-08-11,2031-01-15,13700.0,Diphtheria Toxoid/Tetanus Toxoid/Acellular Pertussis Vaccine Adsorbed; Recombinant Human Papillomavirus Nonavalent Vaccine
NCT05540873,A Clinical Study of IL13Rα2 Targeted CAR-T in Patients With Malignant Glioma (MAGIC-I),CellabMED,PHASE1,UNKNOWN,2022-07-18,2024-04-30,18.0,YYB-103
NCT01657773,Study of the Association of Nonalcoholic Fatty Liver Disease With Colorectal Malignant Neoplasm,Wenzhou Medical University,N/A,COMPLETED,2012-04,2012-07,2315.0,Ultrasound examination and Colonoscopy examination
NCT05204173,Efficacy and Safety of Sintilimab Combined Intraperitoneal and Intravenous Paclitaxel Plus Oral S-1 in Gastric Cancer Patients With Peritoneal Metastasis,Ruijin Hospital,PHASE2,UNKNOWN,2021-05-20,2023-12,30.0,"sintilimab, paclitaxel and S-1"
NCT06298773,Spatial Profile of Tumors,Fondazione Policlinico Universitario Agostino Gemelli IRCCS,N/A,NOT_YET_RECRUITING,2024-03-05,2028-12-30,1000.0,Spatial analysis of paraffin samples from solid tumors
NCT05657873,A Study of Targeted Radiation Therapy in People With Non-Small Cell Lung Cancer (NSCLC),Memorial Sloan Kettering Cancer Center,PHASE2,RECRUITING,2022-12-09,2026-12-09,68.0,L-SABR; Anti-PD-(L)1 based immunotherapy; Platinum based chemotherapy
NCT00836342,Correlation Between Skin Carotenoid Levels and Previous History of Skin Cancer,Massachusetts General Hospital,N/A,COMPLETED,2009-02,2012-01,81.0,
NCT07689942,Expanded Access to 0.5 mg eRapa for Familial Adenomatous Polyposis,Biodexa Pharmaceuticals,N/A,AVAILABLE,,,,eRapa (encapsulated rapamycin)
NCT00307086,Bortezomib Followed by High-Dose Melphalan and Bortezomib as Conditioning Regimen for Tandem Stem Cell Transplants,H. Lee Moffitt Cancer Center and Research Institute,PHASE2,COMPLETED,2005-06,2012-03,30.0,Bortezomib; Melphalan; PBSCT
NCT04272086,Utility of Liposomal Bupivacaine Transversus Abdominal Plane Block for Open Myomectomy,Icahn School of Medicine at Mount Sinai,PHASE4,COMPLETED,2020-11-09,2025-10-28,140.0,Bupivacaine; Bupivacaine liposome; normal saline
NCT05065086,Single Modality Trans Oral Robotic Surgery for Primary Oropharyngeal Cancer: Exploring the Impact of Surgical Margins on Local Disease Recurrence,Royal Marsden NHS Foundation Trust,N/A,UNKNOWN,2021-09-02,2022-07-30,500.0,
NCT02089386,Tamoxifen to Treat Barrett's Metaplasia,Washington University School of Medicine,EARLY_PHASE1,TERMINATED,2014-07-09,2016-06-21,7.0,Tamoxifen; Endoscopy
NCT02800369,Study of Molecular-targeted Therapy Using Zinc Finger Nuclease in Cervical Precancerous Lesions,Huazhong University of Science and Technology,PHASE1,UNKNOWN,2016-12-10,2017-07-10,20.0,ZFN-603 and ZFN-758
NCT03965741,Study to Gather Information How Often Venous Thromboembolism Occurs in Prostate Cancer Patients in Sweden and How This Condition is Treated With Blood Thinners,Bayer,N/A,COMPLETED,2019-05-30,2020-11-30,97765.0,"Rivaroxaban (Xarelto, BAY59-7939); Apixaban(Eliquis); Pradaxa (Dabigatran etexilate)"
NCT03258554,Radiation Therapy With Durvalumab or Cetuximab in Treating Patients With Locoregionally Advanced Head and Neck Cancer Who Cannot Take Cisplatin,National Cancer Institute (NCI),PHASE2,COMPLETED,2018-04-03,2025-09-04,196.0,Cetuximab; Durvalumab; Intensity-Modulated Radiation Therapy; Laboratory Biomarker Analysis; Quality-of-Life Assessment; Questionnaire Administration
NCT06465966,UFPTI 2403-PR12: Real-Time Volumetric Ionizing Radiation Acoustic Imaging for In-vivo Proton Treatment Monitoring in Pencil-Beam Scanning,University of Florida,NA,RECRUITING,2024-09-23,2027-10-01,30.0,iRAI
NCT00079794,Iscar for Supplemental Care in Stage IV Lung Cancer,National Center for Complementary and Integrative Health (NCCIH),PHASE2,COMPLETED,2001-09,2004-02,36.0,Iscar; mistletoe
NCT06933394,Arsenic Trioxide With MAPK Inhibitors and Chemotherapy for Stage 4/M Neuroblastoma,Sun Yat-Sen Memorial Hospital of Sun Yat-Sen University,PHASE2,RECRUITING,2025-05-01,2031-05-01,92.0,Arsenic trioxide; MAPK inhibitors; Chemotherapy
NCT07650656,"Fluorescence-Guided Surgical Resection for Reducing Unexpected Positive Margins in Patients With Sarcoma, SarcoSIGHT Trial",City of Hope Medical Center,PHASE2,RECRUITING,2027-05-15,2028-05-11,22.0,Electronic Health Record Review; Fluorescence Imaging; Fluorescence-Guided Surgery; Indocyanine Green; Questionnaire Administration; Resection
NCT06361056,Mobile Health App to Promote Participation of Black Women in Breast Cancer Clinical Trials,UNC Lineberger Comprehensive Cancer Center,NA,COMPLETED,2022-05-02,2025-11-20,80.0,Survey; mHealth app
NCT00096356,Coenzyme Q10 in Relieving Treatment-Related Fatigue in Women With Breast Cancer,Wake Forest University Health Sciences,PHASE1,COMPLETED,2004-08-27,2009-08-31,236.0,CoQ10 & Vitamin E; Placebo & Vitamin E
NCT07304856,Role of Extracellular Vesicles as Biomarkers of Pulmonary Involvement in Patients With Lymphangioleiomyomatosis and Tuberous Sclerosis Complex,University of Milan,N/A,RECRUITING,2025-04-16,2026-08-20,80.0,Pulmonary Function Test; Analysis of Extracellular Vesicles
NCT04908956,Osimertinib and Locally Ablative Radiotherapy in Patients With Synchronous Oligo-metastatic EGFR Mutant NSCLC (STEREO),ETOP IBCSG Partners Foundation,PHASE2,TERMINATED,2022-08-04,2024-02-29,6.0,Osimertinib; Stereotactic Body Radiation Therapy (SBRT)
NCT02391194,"Trial of AVB-620 in Women With Primary, Non-Recurrent Breast Cancer Undergoing Surgery","Avelas Biosciences, Inc.",PHASE1,COMPLETED,2015-04,2017-01,27.0,AVB-620
NCT04093466,A Phase 1 Study of CX1003 (Kanitinib) in Patients with Advanced Solid Tumors,"Beijing Konruns Pharmaceutical Co., Ltd.",PHASE1,RECRUITING,2020-04-27,2025-12,126.0,CX1003
NCT05277766,Intraperitoneal Aerosolized Nanoliposomal Irinotecan (Nal-IRI) in Peritoneal Carcinomatosis From Gastrointestinal Cancer,"University Hospital, Ghent",PHASE1,ACTIVE_NOT_RECRUITING,2022-11-21,2027-08-01,45.0,PIPAC with Nal-IRI
NCT01238666,Evaluation of a Minimally Invasive Image-Guided Surgery System for Hepatic Ablation Procedures,Pathfinder Therapeutics,N/A,COMPLETED,2010-11,2012-03,27.0,
NCT04625556,Development of Urologic Registry for Personalized Medicine in Patients With Urologic Malignant Diseases by Analyzing Microbiome,Yonsei University,N/A,RECRUITING,2022-12-19,2030-10,3000.0,
NCT00187122,Treatment for Patients With Stage III or IV Non-Hodgkin Lymphoma,St. Jude Children's Research Hospital,NA,COMPLETED,1993-03,2004-06,42.0,Vincristine; Radiation Therapy; Daunomycin; L-Asparaginase; Cytarabine; Methotrexate; Mercaptopurine; Etoposide; Cyclophosphamide; Prednisone; Dexamethasone
NCT01178151,Study of Everolimus in the Treatment of Advanced Malignancies in Patients With Peutz-Jeghers Syndrome,Academisch Medisch Centrum - Universiteit van Amsterdam (AMC-UvA),PHASE2,WITHDRAWN,2010-10,2015-04,0.0,Everolimus
NCT07613151,Negative/Low Hormone Receptor And/or HER2 POsitive Lobular Invasive Breast Carcinoma - A Real-World International Cohort Study,Istituto Oncologico Veneto IRCCS,N/A,RECRUITING,2026-05-01,2027-12-31,250.0,Upfront Breast Surgery; Adjuvant Radiotherapy; Endocrine Therapy; Chemotherapy
NCT03311451,C2 CryoBalloon™ 180 Ablation System Dose De-escalation Study.,"Merit Medical Systems, Inc.",NA,ACTIVE_NOT_RECRUITING,2023-01-16,2026-12-18,62.0,C2 CryoBalloon 180° Ablation System
NCT02793531,Anabolic Response Cancer,Texas A&M University,NA,WITHDRAWN,2016-05,2019-05,0.0,Stable isotope amino acid infusion
NCT05521802,A Study of C-CAR088 in Patients With Relapsed or Refractory Multiple Myeloma,Shanghai AbelZeta Ltd.,PHASE1,RECRUITING,2022-11-11,2037-07,92.0,B-cell maturation antigen (BCMA) directed chimeric antigen receptor (CAR)-T cell
NCT04269902,"Testing Early Treatment for Patients With High-Risk Chronic Lymphocytic Leukemia (CLL) or Small Lymphocytic Leukemia (SLL), EVOLVE CLL/SLL Study",National Cancer Institute (NCI),PHASE3,RECRUITING,2021-03-02,2028-10-01,247.0,Biospecimen Collection; Bone Marrow Aspiration; Bone Marrow Biopsy; Computed Tomography; Obinutuzumab; Questionnaire Administration; Venetoclax
NCT06911502,A Study to Compare the Efficacy and Safety of Golcadomide in Combination With Rituximab (Golca + R) vs Investigator's Choice in Participants With Relapsed/Refractory Follicular Lymphoma Who Have Received at Least 1 Prior Line of Systemic Therapy (GOLSEEK-4),Celgene,PHASE3,RECRUITING,2025-07-28,2030-07-31,400.0,Golcadomide; Rituximab; Lenalidomide; Cyclophosphamide; Doxorubicin; Vincristine; Prednisone/Prednisolone; Bendamustine
NCT05796102,PET-MRI Esophagus Feasibility Study,"University Health Network, Toronto",NA,RECRUITING,2023-03-28,2027-05,15.0,PET-MRI
NCT00003802,Pyrazoloacridine in Treating Patients With Metastatic Skin or Eye Melanoma,Sidney Kimmel Comprehensive Cancer Center at Johns Hopkins,PHASE2,COMPLETED,1999-02,2002-10,,pyrazoloacridine
NCT07542002,"Liposomal Irinotecan, 5-fluorouracil/Calcium Folinate, Oxaliplatin, and Adebrelimab in Combination With Radiotherapy for Resectable or Borderline Resectable Pancreatic Cancer With Risk Factors：A Prospective Exploratory Study",Ningbo Medical Center Lihuili Hospital,PHASE2,RECRUITING,2025-03-25,2026-05-31,37.0,"Irinotecan liposome, 5-fluorouracil/leucovorin, and oxaliplatin, with or without adadelimab."
NCT00244959,Anastrozole in Treating Postmenopausal Women With DCIS or Stage I-III Breast Cancer,Sidney Kimmel Comprehensive Cancer Center at Johns Hopkins,PHASE2,COMPLETED,2004-01,2011-11,54.0,anastrozole; adjuvant therapy
NCT00478959,Phase II Study of Lenalidomide for the Treatment of Relapsed or Refractory Hodgkin's Lymphoma,"University Health Network, Toronto",PHASE2,COMPLETED,2006-12,2014-06,30.0,Lenalidomide (Revlimid®)
NCT07535359,Medical Access Program for Ifinatamab Deruxtecan in 3L+ Pretreated Extensive-stage Small Cell Lung Cancer,Daiichi Sankyo,N/A,AVAILABLE,,,,Ifinatamab Deruxtecan
NCT05672459,A Safety And Efficacy Study Of HLA-G- Targeted CAR-T Cells IVS-3001 In Subjects With Previously Treated Advanced HLA-G-Positive Solid Tumors,M.D. Anderson Cancer Center,PHASE1,ACTIVE_NOT_RECRUITING,2023-06-21,2028-12-29,31.0,Single Injection of IVS-3001- Anti - HLA-G CAR-T cells; Fludarabine phosphate; Cyclophosphamide; leukapheresis
NCT05755659,Clinical on the Safety and Efficacy of Fosaprepitant Dimeglumine for Injection in the Prevention of CINV.,Xijing Hospital,NA,UNKNOWN,2022-07-15,2024-12-20,3000.0,Fosaprepitant Dimeglumine for Injection
NCT07288359,Study of GVV858 as a Single Agent or in Combination With Endocrine Therapy in Patients With HR+/HER2- Breast Cancer and Other Advanced Solid Tumors,Novartis Pharmaceuticals,PHASE1,RECRUITING,2025-12-29,2031-05-09,205.0,GVV858; Fulvestrant; Letrozole
NCT00416780,"Psychosocial Support in Treating Women With Recurrent Breast Cancer or Stage I, Stage II, or Stage IV Breast Cancer",Pittsburgh Mind-Body Center at Carnegie Mellon University,NA,COMPLETED,,2006-03,350.0,counseling intervention; educational intervention; psychosocial assessment and care
NCT06362980,A Study With BPI-1178 and Osimertinib in Advanced Non-small Cell Lung Cancer Patients With EGFR Mutations,"National Cancer Center, China",PHASE1,UNKNOWN,2024-05-22,2026-04-01,20.0,BPI-1178; Osimertinib
NCT00284180,Vinflunine Plus Trastuzumab in Human Epidermal Growth Factor Receptor 2 (HER2neu) Over-Expressing Metastatic Breast Cancer,"SCRI Development Innovations, LLC",PHASE2,COMPLETED,2006-01,2010-11,32.0,Vinflunine; Trastuzumab
NCT00002880,Etoposide in Treating Patients With Relapsed Non-Hodgkin's Lymphoma,Alliance for Clinical Trials in Oncology,PHASE2,COMPLETED,1996-11,2008-01,53.0,Etoposide phosphate
NCT04757779,"A Single-arm, Phase Ⅱ Clinical Trial of Anlotinib Hydrochloride Combined With Irinotecan or Docetaxel for Second Line Treatment of Nonsensitive Relapsed Small-cell Lung Cancer",First People's Hospital of Hangzhou,PHASE2,UNKNOWN,2019-12-30,2024-12-30,40.0,anlotinib hydrochloride combined with irinotecan or docetaxel
NCT01516996,Safety and Efficacy Study of Nimotuzumab Plus Neoadjuvant and Concurrent Chemoradiotherapy to Treat Oropharynx and Hypopharynx Cancer,The Second People's Hospital of Sichuan,PHASE2,UNKNOWN,2012-03,2018-03,80.0,docetaxel and cisplatin; IMRT; Nimotuzumab
NCT00002696,Combination Chemotherapy in Treating Women With Stage III Breast Cancer,Grupo Oncologico Cooperativo del Sur,PHASE3,SUSPENDED,1995-10,,,CAF regimen; CMF regimen; cyclophosphamide; doxorubicin hydrochloride; fluorouracil; methotrexate; adjuvant therapy; conventional surgery; neoadjuvant therapy; radiation therapy
NCT01448096,Study in Patients With Primary Breast Diffuse Large B-cell Lymphoma,Chonbuk National University Hospital,PHASE2,COMPLETED,2011-08,2019-07-10,33.0,Rituximab; Prophylactic intrathecal chemotherapy
NCT04446962,LOC-R01 Study of Lenalidomide and Ibrutinib in Association With Rituximab-Methotrexate Procarbazine Vincristin (R-MPV),Institut Curie,PHASE1,ACTIVE_NOT_RECRUITING,2020-10-30,2035-08-30,118.0,Lenalidomide; Ibrutinib
NCT01295762,Immunomonitoring of Children With Neuroblastoma,Centre Leon Berard,NA,UNKNOWN,2011-05,2019-07,35.0,Immunological analyses
NCT02684162,Guadecitabine and Donor Lymphocyte Infusion in Treating Patients With Acute Myeloid Leukemia or Myelodysplastic Syndrome Relapsing After Allogeneic Stem Cell Transplant,M.D. Anderson Cancer Center,PHASE2,COMPLETED,2016-06-22,2024-10-08,55.0,Donor Lymphocytes; Guadecitabine; Laboratory Biomarker Analysis
NCT04599062,TVEC and Preop Radiation for Sarcoma (8 ml Dose),John Rieth,PHASE1,ACTIVE_NOT_RECRUITING,2020-09-10,2028-02-16,8.0,Talimogene Laherparepvec; Radiotherapy
NCT06276946,Sparing Parotid Ducts Via MRI Sialography for Reduced Patient Reported Xerostomia,UNC Lineberger Comprehensive Cancer Center,NA,WITHDRAWN,2025-08-08,2029-01,0.0,standard radiotherapy; experimental radiotherapy
NCT00230646,Promoting Physical Activity After Colorectal Cancer,The Miriam Hospital,PHASE3,COMPLETED,2005-07,2009-11,46.0,Exercise counseling
NCT06989346,Impact of Perioperative Hyperoxia on Cancer Recurrence and Mortality After Elective Colorectal Cancer Surgery,Parc de Salut Mar,N/A,COMPLETED,2024-05-17,2025-04-11,403.0,
NCT00021996,Valdecoxib in Treating Chronic Pain in Cancer Patients,Dana-Farber Cancer Institute,NA,COMPLETED,2001-01,2004-02,,valdecoxib
NCT01372696,Endoscopic Characteristics of Colonic Tumours,Professor Michael Bourke,NA,WITHDRAWN,2019-06-03,2019-06-03,0.0,Sample of polyp
NCT00393796,Trial of Maintenance SUO11248 Versus Placebo Post Chemotherapy for Patients With Advanced Urothelial Carcinoma,University of Michigan Rogel Cancer Center,PHASE2,TERMINATED,2006-05,2012-12,54.0,SUTENT; Placebo
NCT06305962,177Lu-anti-PD-L1 sdAb in Metastatic Solid Tumors,"Radiopharm Theranostics, Ltd",EARLY_PHASE1,RECRUITING,2024-06-03,2027-12,30.0,177Lu-RAD204
NCT00330746,CALC-1 (Cetuximab in Advanced Lung Cancer): Study of 2 Methods of Combining Cetuximab and Gemcitabine in Patients With Advanced Non Small-cell Lung Cancer,"National Cancer Institute, Naples",PHASE2,COMPLETED,2005-11,2008-06,100.0,cetuximab; gemcitabine; gemcitabine; cetuximab
NCT06421688,Effect of Vitamin C on Postoperative Pulmonary Complications After Intracranial Tumor Surgery,Qianfoshan Hospital,PHASE2,UNKNOWN,2024-06-01,2025-06,86.0,Ascorbic acid; Saline
NCT00004888,Combination Chemotherapy With or Without Trastuzumab in Treating Women With Metastatic Breast Cancer,National Cancer Institute (NCI),PHASE2,COMPLETED,2001-01,2009-05,84.0,pegylated liposomal doxorubicin hydrochloride; docetaxel; trastuzumab; laboratory biomarker analysis
NCT03165188,Long Term Follow-Up Study for Subjects Previously Treated With Algenpantucel-L (HyperAcute-Pancreas) Immunotherapy,NewLink Genetics Corporation,N/A,TERMINATED,2017-09-01,2020-12-08,29.0,
NCT01501903,Standard Versus Fanning Techniques for Endoscopic Ultrasound-Fine Needle Aspiration (EUS-FNA),Shyam Varadarajulu,NA,COMPLETED,2011-09,2011-11,52.0,Standard; Fanning
NCT04583488,Intraperitoneal Docetaxel in Combination With mFOLFOX6 for Gastric Cancer Patients With Peritoneal Carcinomatosis,Johns Hopkins University,PHASE1,TERMINATED,2020-11-01,2024-08-06,2.0,Intraperitoneal docetaxel
NCT06410703,CAN1012 Combined With PD-1 in Patients With Solid Tumors,Canwell Biotech Limited,PHASE1,UNKNOWN,2024-06-27,2026-05-30,71.0,CAN1012
NCT05019703,"Atezolizumab and Cabozantinib for the Treatment of Adolescents and Young Adults With Recurrent or Metastatic Osteosarcoma, TACOS Study",M.D. Anderson Cancer Center,PHASE2,RECRUITING,2023-04-25,2027-12-31,40.0,Atezolizumab; Cabozantinib
NCT00965627,Biology of Thymic Tumors,Istituto Clinico Humanitas,N/A,COMPLETED,2008-06,2009-08,134.0,
NCT05288127,Efficacy of Talazoparib in Asian Metastatic Breast Cancer Patients With a Homologous Recombinant Deficiency (HRD) Signature,University of Malaya,PHASE2,UNKNOWN,2022-03-08,2025-11,55.0,Talazoparib
NCT03008642,CO-Rebreathing in Comparison to Isotopic Red Cell Volume Determination in the Diagnosis of Primitive and Secondary Polycythemia,"Centre Hospitalier Universitaire, Amiens",NA,COMPLETED,2019-04-01,2020-05-01,60.0,CO-Rebreathing technique at diagnosis of polycythemia
NCT05997342,A Clinical Study of TQB3912 Tablets in Patients With Advanced Malignant Tumor,"Chia Tai Tianqing Pharmaceutical Group Co., Ltd.",PHASE1,COMPLETED,2023-08-16,2025-05-27,36.0,TQB3912 tablets
NCT05080842,A Study of AC682 for the Treatment of Locally Advanced or Metastatic ER+ Breast Cancer,Accutar Biotechnology Inc,PHASE1,TERMINATED,2021-11-12,2024-04-04,21.0,AC682
NCT01110486,ABT-348 as Monotherapy or Combination With Carboplatin or Docetaxel to Treat Advanced Solid Tumors,"AbbVie (prior sponsor, Abbott)",PHASE1,COMPLETED,2010-03,2013-09,102.0,ABT-348; ABT-348 and carboplatin; ABT-348 and docetaxel; ABT-348; ABT-348
NCT07146542,Expression Pattern and Possible Clinical Significance of CD81 In Myeloid Leukemia,Assiut University,N/A,NOT_YET_RECRUITING,2025-10-01,2028-03,66.0,
NCT02419742,Safety and Efficacy of Trastuzumab as Part of Breast Cancer Treatment Regimen,Hoffmann-La Roche,PHASE4,COMPLETED,2015-08-18,2021-06-24,110.0,Carboplatin; Cyclophosphamide; Docetaxel; Doxorubicin; Paclitaxel; Trastuzumab
NCT06923670,Prevalence Of Germline Gene Mutations In Patients With Myeloproliferative Neoplasms With Family History,Fondazione Policlinico Universitario Agostino Gemelli IRCCS,NA,NOT_YET_RECRUITING,2025-05-21,2028-05-01,496.0,NGS testing; NGS analysis for mutations in genes involved in familial predisposition to hematological malignancies
NCT01230970,Exploratory Study to Assess the Short Term Intratumoural and Peripheral Effects of BN83495 in Postmenopausal Women With Newly Diagnosed Breast Cancer,Ipsen,PHASE2,TERMINATED,2011-05,2011-05,2.0,BN83495
NCT05806073,Elective vs Therapeutic Neck Dissection in Treatment of Patients With Clinical T1/2N1M0 Oral Squamous Cell Carcinoma,Shanghai Ninth People's Hospital Affiliated to Shanghai Jiao Tong University,NA,NOT_YET_RECRUITING,2023-04,2026-12,188.0,Elective neck dissection; Therapeutic neck dissection
NCT04520269,"A Single Arm, Phase Ib/II Trial of Single Agent Pacritinib in Patients With 1q21.3 Amplified Solid Tumors Enriching for Interleukin-1 Receptor-associated Kinase 1 Pathway Activation (PAIR)","National University Hospital, Singapore",PHASE1,ACTIVE_NOT_RECRUITING,2020-07-13,2026-07,74.0,Pacritinib
NCT06687369,"A Study to Compare Pharmacokinetics, Efficacy, Safety, and Immunogenicity of MB12 (Proposed Pembrolizumab Biosimilar) to Keytruda® in Non-small Cell Lung Cancer (BENITO Study)",mAbxience Research S.L.,PHASE3,ACTIVE_NOT_RECRUITING,2024-12-30,2027-09,726.0,MB12 (Proposed Pembrolizumab Biosimilar); EU-sourced Keytruda®; US-sourced Keytruda®; Pemetrexed; Carboplatin; Cisplatin
NCT01629069,A Transplant or Cancer Resilience Intervention,Mayo Clinic,NA,COMPLETED,2012-09,2014-05,60.0,Mindfulness based Resilience Training
NCT02618369,MR-Guided High Intensity Focused Ultrasound for Pain Management Of Osteoid Osteoma & Benign Bone Tumors in Children and Adults,The Hospital for Sick Children,NA,COMPLETED,2014-04,2018-10,10.0,MR-Guided High Intensity Focused Ultrasound
NCT01515969,Phase 1 Erlotinib and Dovitinib (TKI258) in Advanced Non-small Cell Lung Cancer (NSCLC),Heather Wakelee,PHASE1,TERMINATED,2012-07,2014-12,9.0,Erlotinib hydrochloride; Dovitinib lactate
NCT03247283,Pharmacokinetics and Metabolism Study in Healthy Male Participants,Bristol-Myers Squibb,PHASE1,COMPLETED,2017-07-19,2017-10-15,9.0,BMS-986205
NCT04404283,Brentuximab Vedotin Plus Lenalidomide and Rituximab for the Treatment of Relapsed/Refractory DLBCL,"Seagen, a wholly owned subsidiary of Pfizer",PHASE3,ACTIVE_NOT_RECRUITING,2020-08-20,2026-12-31,239.0,Brentuximab vedotin; Rituximab; Lenalidomide; Placebo
NCT00098683,Amifostine in Treating Young Patients With Newly Diagnosed De Novo Myelodysplastic Syndromes,Children's Oncology Group,PHASE2,COMPLETED,2005-01,2009-10,10.0,amifostine trihydrate
NCT04623541,Safety and Efficacy Study of Epcoritamab in Subjects With Relapsed/Refractory Chronic Lymphocytic Leukemia and Richter's Syndrome,Genmab,PHASE1,ACTIVE_NOT_RECRUITING,2020-11-25,2028-02,194.0,"Epcoritamab; Epcoritamab; rituximab, cyclophosphamide, doxorubicin, vincristine and prednisone; Venetoclax; Epcoritamab; Lenalidomide; Epcoritamab; Pirtobrutinib; Epcoritamab"
NCT05848141,Rowing Following Breast Cancer Chemotherapy,University of Florida,NA,RECRUITING,2024-02-26,2027-12,72.0,Exercise training
NCT06650605,Phase 1 Open-label Study of 123I-ATT001 in Subjects With Relapsed Glioblastoma,Theragnostics Ltd,PHASE1,COMPLETED,2024-07-04,2026-03-01,7.0,123I-ATT001
NCT05291494,A Study on the Effectiveness of WeChat-based Online Education to Reduce Perioperative Anxiety in Breast Cancer Patients,West China Hospital,NA,COMPLETED,2021-02-01,2022-03-31,392.0,follow the WeChat public platform to watch the education videos; regular preoperative visits and education by ward nurses.
NCT03773666,A Feasibility Study of Durvalumab +/- Oleclumab as Neoadjuvant Therapy for Muscle-invasive Bladder Cancer (BLASST-2),Dana-Farber Cancer Institute,PHASE1,COMPLETED,2019-02-20,2021-08-02,12.0,Durvalumab; Oleclumab
NCT05920356,A Study Evaluating Sotorasib Platinum Doublet Combination Versus Pembrolizumab Platinum Doublet Combination as a Front-Line Therapy in Participants With Stage IV or Advanced Stage IIIB/C Nonsquamous Non-Small Cell Lung Cancers (CodeBreaK 202),Amgen,PHASE3,RECRUITING,2023-11-16,2032-06-29,750.0,Sotorasib; Pembrolizumab
NCT00685256,Standard Genetic Counseling With or Without a Decision Guide in Improving Communication Between Mothers Undergoing BRCA1/2 Testing and Their Minor-Age Children,Georgetown University,PHASE3,COMPLETED,2008-03,2015-12,245.0,counseling intervention; educational intervention; survey administration; psychosocial assessment and care; supportive care
NCT07806656,Acupuncture for Insulin Resistance in Women With Polycystic Ovary Syndrome,Peking University Third Hospital,NA,NOT_YET_RECRUITING,2026-08-20,2029-12-29,204.0,Active Acupuncture; Sham Acupuncture; Lifestyle Management
NCT01324856,Pancreaticogastrostomy Versus Pancreaticojejunostomy in Reconstruction After Cephalic Duodenopancreatectomy,University of Belgrade,PHASE1,UNKNOWN,2011-04,2013-09,100.0,Pancreatico gastro anastomosis; Pancreaticojejuno anastomosis
NCT06737822,Upfront Surgery Vs Induction Chemotherapy Followed By Surgery In Oral Cancers:,"All India Institute of Medical Sciences, Jodhpur",PHASE3,RECRUITING,2024-12-20,2029-10,346.0,TPF or TPX Regimen (2# ICT) --> Surgery and Adjuvant Treatment; Surgery and Adjuvant Treatment
NCT06713122,Effects of Symptom Management Education With Mobile Application in Gynecological Cancer Patients Receiving Chemotherapy,Esra Nur Erdoğan,NA,ENROLLING_BY_INVITATION,2025-01-01,2026-02-02,70.0,İntervention Group- Group receiving Symptom Management Training with Mobile Application
NCT00467051,Combination Chemotherapy in Treating Young Patients With Recurrent or Resistant Malignant Germ Cell Tumors,Children's Oncology Group,PHASE2,COMPLETED,2007-11-05,2018-06-30,20.0,Carboplatin; Filgrastim; Ifosfamide; Laboratory Biomarker Analysis; Paclitaxel
NCT00222729,Study of Pemetrexed and Bevacizumab in Patients With Head and Neck Cancer,University of Pittsburgh,PHASE2,COMPLETED,2005-11,2013-10,42.0,Pemetrexed; Bevacizumab
NCT03259529,"Safety and Efficacy of Bendamustine, Gemcitabine, Rituximab, Nivolumab (BeGeRN) in Patients With r/r DLBCL",St. Petersburg State Pavlov Medical University,PHASE1,COMPLETED,2017-03-27,2020-01-27,30.0,Bendamustine hydrochloride; Gemcitabine 500 mg; Gemcitabine 700 mg; Gemcitabine 1000 mg; Nivolumab; Rituximab
NCT05981131,Follow up of Intravesical N-803 Plus BCG in BCG-Naive Non-Muscle Invasive Bladder Cancer (NMIBC),"ImmunityBio, Inc.",N/A,ACTIVE_NOT_RECRUITING,2023-08-17,2033-08-30,6.0,N803 plus Bacillus Calmette-Guerin (BCG)
NCT03468231,HAIC of FOLFOX vs. HAIC of OXA for Advanced HCC,Sun Yat-sen University,PHASE3,UNKNOWN,2018-03-09,2020-03-09,300.0,Sorafenib; HAIC of FOLFOX; HAIC of OXA
NCT07200453,Evaluation of an Interactive E-learning Environment to Enhance Digital Health Literacy in Cancer Patients,Universitätsklinikum Hamburg-Eppendorf,NA,RECRUITING,2025-01-16,2025-10-01,660.0,intervention group 1.1 - e-learning; intervention-group 1.2 - e-learning; intervention-group 1.3 - e-learning; intervention-group 2 - PDF
NCT01944345,Patient Registry to Observe Outcomes Following Implantation of the VariLift Interbody Fusion Device,Wenzel Spine,N/A,COMPLETED,2013-06,2015-09,69.0,
NCT00058045,Interleukin-2 and Stem Cell Factor in Treating Patients With AIDS or AIDS-Related Cancer,Roswell Park Cancer Institute,PHASE1,COMPLETED,2002-08,,1.0,aldesleukin; recombinant human stem cell factor
NCT06931145,"Benmelstobart, Anlotinib and Chemotherapy as First-line Treatment for Extensive-stage Small-cell Lung Cancer",Peking Union Medical College Hospital,PHASE4,NOT_YET_RECRUITING,2025-04-15,2027-12-31,50.0,Benmelstobart; Anlotinib; Carboplatin or cisplatin; Etoposide
NCT01824823,Afatinib After Chemoradiation and Surgery in Treating Patients With Stage III-IV Squamous Cell Carcinoma of the Head and Neck at High-Risk of Recurrence,ECOG-ACRIN Cancer Research Group,PHASE2,TERMINATED,2014-06-30,2020-12,3.0,afatinib; placebo
NCT05334459,Preoperative Radiotherapy and Systemic Therapy Following Surgery in 'de Novo' Metastatic Breast Cancer,Ankara Oncology Research and Training Hospital,N/A,RECRUITING,2022-03-01,2028-03-31,40.0,radiotherapy
NCT00321724,AZD2171 in Treating Patients With Relapsed or Refractory B-Cell Chronic Lymphocytic Leukemia,National Cancer Institute (NCI),PHASE2,COMPLETED,2006-05,,35.0,cediranib maleate; laboratory biomarker analysis
NCT00497679,AZD1152 in Patients With Advanced Solid Malignancies-Study 3,AstraZeneca,PHASE1,TERMINATED,2006-08,2007-07,45.0,AZD1152
NCT01453179,Long-term Effects of Imiquimod and Diclofenac in Actinic Keratoses (LEIDA 2),MEDA Pharma GmbH & Co. KG,PHASE4,COMPLETED,2011-10,2015-03,221.0,Imiquimod; Diclofenac
NCT00006379,Non-Ablative Allo HSCT For Hematologic Malignancies or SAA,Case Comprehensive Cancer Center,PHASE2,COMPLETED,2000-06,2011-10,58.0,anti-thymocyte globulin; graft-versus-tumor induction therapy; cyclophosphamide; fludarabine phosphate; peripheral blood stem cell transplantation
NCT03981679,Circulating-free DNA Assessment as a Tool to Predict Colorectal Cancer in Subjects With a Positive Fecal Immunoassay.,Institut du Cancer de Montpellier - Val d'Aurelle,NA,COMPLETED,2018-06-05,2020-01-17,278.0,Biological collection
NCT00081796,Breast Cancer Trial of RPR109881 Versus Capecitabine in Male or Female Patients With Advanced Breast Cancer,Sanofi,PHASE3,COMPLETED,2004-04,2006-09,438.0,"larotaxel (RPR109881, XRP9881); capecitabine"
NCT02755896,Trial to Compare Radiation Fibrosis With Five Versus Three Fractions,Weill Medical College of Cornell University,PHASE2,ACTIVE_NOT_RECRUITING,2015-10-14,2027-12,350.0,Arm 1 600 cGY x 5 fractions; Arm 2 800 cGY x 3 fractions
NCT04075396,A Study of Lazertinib in Participants With Epidermal Growth Factor Receptor (EGFR) Mutation Positive Advanced Non-Small Cell Lung Cancer (NSCLC),"Janssen Research & Development, LLC",PHASE1,COMPLETED,2019-10-16,2022-11-14,29.0,Lazertinib
NCT02730546,"Pembrolizumab, Combination Chemotherapy, and Radiation Therapy Before Surgery in Treating Adult Patients With Locally Advanced Gastroesophageal Junction or Gastric Cardia Cancer That Can Be Removed by Surgery",Mayo Clinic,PHASE1,COMPLETED,2016-06-24,2023-10-31,31.0,Carboplatin; Computed Tomography; Fluorouracil; Laboratory Biomarker Analysis; Leucovorin Calcium; Oxaliplatin; Paclitaxel; Pembrolizumab; Positron Emission Tomography; Radiation Therapy; Therapeutic Conventional Surgery
NCT01254188,Safety and Efficacy of Nilotinib in Newly Diagnosed Chronic Myeloid Leukemia Patients,Novartis Pharmaceuticals,PHASE3,COMPLETED,2011-04,2014-11,421.0,Nilotinib
NCT06970288,Effectiveness of Introducing Ultra-High B-Value Diffusion-Weighted Imaging as a Modified Abbreviated Protocol for Breast Cancer Detection,Ain Shams University,N/A,RECRUITING,2025-05-10,2026-12-30,85.0,
NCT06751303,Patient Preferences for Precision Medicine: Determining Optimal Patient Quality of Life Using PARPi's,University of Saskatchewan,NA,RECRUITING,2023-09-17,2027-09-16,100.0,Patients that are HRP are given a decision aid for PARPi use
NCT07782203,Establishment of a Biological Collection to Develop Translational Preclinical Models for the Study of Tumors and Diseases of the Gastrointestinal Tract,"University Hospital, Strasbourg, France",NA,RECRUITING,2026-03-18,2027-12-30,400.0,biopsy
NCT00129727,Carboplatin Taxol Avastin in Ovarian Cancer (OVCA),Massachusetts General Hospital,PHASE2,COMPLETED,2005-06,2009-02,62.0,Paclitaxel; Carboplatin; Bevacizumab
NCT05354427,Retrospective Evaluation of Commercial Spacers in Prostate Cancer Patients,BioProtect,N/A,COMPLETED,2020-06-18,2022-01-01,175.0,Observation
NCT01619761,NK Cells in Cord Blood Transplantation,M.D. Anderson Cancer Center,PHASE1,UNKNOWN,2013-05-03,2021-11,13.0,Allogeneic Hematopoietic Stem Cell Transplantation; Cyclophosphamide; Fludarabine Phosphate; Laboratory Biomarker Analysis; Lenalidomide; Melphalan; Mycophenolate Mofetil; Natural Killer Cell Therapy; Rituximab; Tacrolimus; Total-Body Irradiation; Umbilical Cord Blood Transplantation
NCT07028242,Ultrasound and Histology in AEH and Early EEC Treated Conservatively,Fondazione Policlinico Universitario Agostino Gemelli IRCCS,N/A,NOT_YET_RECRUITING,2025-06-11,2027-06-30,50.0,Hysteroscopic fertility-sparing surgery and hormonal treatment
NCT05570942,Oral Lactobacillus Rhamnosus TCELL-1 and Colorectal Cancer,National Taiwan University Hospital,PHASE2,UNKNOWN,2021-12-07,2022-12-31,56.0,Oral Lactobacillus rhamnosus TCELL-1
NCT05230186,A Tissue Collection Study in Patients Who Respond to Immune Checkpoint Inhibitors to Identify Targets of Tumor-Reactive T Cells.,"TScan Therapeutics, Inc.",N/A,COMPLETED,2021-02-26,2024-12-20,12.0,Tumor Biopsy
NCT01185886,Study of Blood and Tissue Samples in Children With Newly Diagnosed Acute Lymphoblastic Leukemia,European Organisation for Research and Treatment of Cancer - EORTC,N/A,UNKNOWN,2011-06,2021-06,1200.0,gene expression analysis; mutation analysis; polymorphism analysis; biologic sample preservation procedure; laboratory biomarker analysis; pharmacogenomic studies
NCT06458673,"A Prospective, Non-interventional Cohort Study of Subsolid Pulmonary Nodules",Guangdong Provincial People's Hospital,N/A,NOT_YET_RECRUITING,2024-12-01,2030-11-30,1184.0,
NCT00001869,Official Record of Patients Diagnosed With Lymphangioleiomyomatosis (LAM),"National Heart, Lung, and Blood Institute (NHLBI)",N/A,COMPLETED,1998-12,2003-04,400.0,
NCT01478854,Neural Progenitor Cell Sparing Radiation Therapy Plus Temozolomide,Sidney Kimmel Comprehensive Cancer Center at Johns Hopkins,NA,COMPLETED,2011-12-27,2018-04-25,33.0,Radiation; Chemotherapy
NCT00613054,Ph I Zactima + Imatinib Mesylate & Hydroxyurea for Pts w Recurrent Malignant Glioma,Annick Desjardins,PHASE1,COMPLETED,2007-11,2009-04,27.0,"Zactima, Gleevec, Hydroxyurea"
NCT06763354,The Efficacy of Gallium[68Ga]NOTA-DNA Multivalent SGC8 Injection for Bladder Tumour Imaging,RenJi Hospital,NA,RECRUITING,2025-02-08,2025-12-31,20.0,Gallium[68Ga]NOTA-DNA Multivalent SGC8 Injection
NCT00808041,Chemotherapy Monitoring With Breast Computed Tomography (CT),Emory University,N/A,COMPLETED,2009-07,2015-07,3.0,Dedicated breast computed tomography imaging
NCT04354454,Step Into Support for Endurance and Strength (SISTERS),Dana-Farber Cancer Institute,NA,COMPLETED,2021-01-29,2023-03-17,21.0,Fitbit; Fitbit + Game + Support from a Teammate
NCT01874054,Study of Brentuximab Vedotin Combined With Bendamustine in Patients With Hodgkin Lymphoma,Seagen Inc.,PHASE1,COMPLETED,2013-06,2018-02-20,55.0,brentuximab vedotin; bendamustine
NCT04075305,The MOMENTUM Study: The Multiple Outcome Evaluation of Radiation Therapy Using the MR-Linac Study,UMC Utrecht,N/A,RECRUITING,2019-02-01,2030-08-01,8000.0,Radiation therapy
NCT01302405,Safety and Efficacy Study of PRI-724 in Subjects With Advanced Solid Tumors,"Prism Pharma Co., Ltd.",PHASE1,TERMINATED,2011-02,2015-06,23.0,PRI-724
NCT03936205,Dexmedetomidine Addition to Morphine in Patients With Metastatic Cancer,Hotel Dieu de France Hospital,PHASE2,COMPLETED,2016-08,2017-10,18.0,Dexmedetomidine
NCT01106794,Molecular Analysis of Samples From Patients With Diffuse Intrinsic Pontine Glioma and Brainstem Glioma,Children's National Research Institute,N/A,RECRUITING,2010-04,2030-04,100.0,
NCT03260894,Pembrolizumab (MK-3475) Plus Epacadostat vs Standard of Care in mRCC (KEYNOTE-679/ECHO-302),Incyte Corporation,PHASE3,COMPLETED,2017-12-07,2025-06-04,129.0,Pembrolizumab; Epacadostat; Sunitinib; Pazopanib
NCT03160794,Prostate Cancer Subclinical Metastatic Ablative MR-guided Radiotherapy,"University Health Network, Toronto",NA,COMPLETED,2017-05-23,2025-04-01,150.0,[18F]DCFPyL PET/MRI scan; Stereotactic Ablative Radiotherapy
NCT05718466,Stereotactic Radiology Versus Chemotherapy for Recurrent/Progressive Glioblastoma After Second-Line Chemotherapy,Henry Ford Health System,PHASE3,COMPLETED,2010-11,2016-12,35.0,Bevacizumab; Chemotherapy; Fractionated radiosurgery
NCT01445522,ABT-888 Plus Metronomic Cyclophosphamide to Treat Cancer,National Cancer Institute (NCI),PHASE1,COMPLETED,2008-12-03,2012-07-03,35.0,ABT-888; Cyclophosphamide
NCT07128251,"A Single-Arm, Multicenter, Exploratory Clinical Study of Transarterial Chemoembolization (TACE) Combined With Iparomlimab and Tuvonralimab Injection and Bevacizumab Injection for the Treatment of Unresectable, Non-Metastatic Hepatocellular Carcinoma (HCC)",Anhui Provincial Hospital,PHASE2,NOT_YET_RECRUITING,2025-08-20,2029-12-30,47.0,TACE treatment; Iparomlimab and Tuvonralimab Injection (QL1706); Bevacizumab
NCT07776951,Physical Activity and Healthy Aging: Promoting Cardio-metabolic Capacity to Fight Chronic Inflammation and Improve Outcomes in Breast Cancer Patients (PhActHealth Study),University of Milan,NA,RECRUITING,2026-02-01,2029-02-28,126.0,Pre-habilitation exercise program
NCT00383851,Randomized Trial of ATN-224 and Temozolomide in Advanced Melanoma,Attenuon,PHASE2,UNKNOWN,2006-09,2008-09,60.0,ATN-224; Temozolomide
NCT02560051,Hormone Therapy Plus Chemotherapy as Initial Treatment for Local Failures or Advanced Prostate Cancer,"The University of Texas Health Science Center, Houston",PHASE2,TERMINATED,2015-11,2017-09-14,19.0,Doxorubicin; Ketoconazole; Docetaxel; Estramustine; Degarelix
NCT07155629,Neoadjuvant Treatment vs Upfront Surgery for Left-Sided Pancreatic Cancer,Helsinki University Central Hospital,PHASE3,NOT_YET_RECRUITING,2025-09-01,2030-08-31,381.0,mFOLFIRINOX neoadjuvant chemotherapy / Nab-paclitaxel and gemcitabine
NCT05369429,My Wellbeing Guide: A Novel Tool for Managing Stress and Improving Quality of Life,Northwestern University,NA,RECRUITING,2022-12-02,2028-07-05,6516.0,My Wellbeing Guide
NCT00192829,Hypercoagulable Parameters as Predictors of Thrombotic Events and Prognosis in Patients With Advanced Non-Small Cell Lung Carcinoma,Rambam Health Care Campus,N/A,UNKNOWN,2005-06,,100.0,Blood sample withdrawal
NCT00003131,CMA-676 in Treating Patients With Acute Myeloid Leukemia in First Relapse,Pfizer,PHASE2,COMPLETED,1997-02,2002-02,55.0,chemotherapy; gemtuzumab ozogamicin
NCT06381531,Tracing Brain Tumors Through Deep Time,Tata Memorial Centre,N/A,RECRUITING,2025-01-10,2027-06-10,10000.0,Imaging with CT and MRI
NCT00487331,Acupuncture for Treatment of Uncontrolled Pain: A Feasibility Study,M.D. Anderson Cancer Center,NA,COMPLETED,2007-06,2013-10,52.0,Acupuncture; Survey
NCT05083702,Ultrasound Versus Fluoroscopy Guided Superior Hypogastric Plexus Block in Cancer Bladder Patients,"National Cancer Institute, Egypt",NA,UNKNOWN,2020-12-01,2021-10-30,60.0,Fluoroscopy-guided superior hypogastric plexus block transdiscal approach; ultrasound-guided superior hypogastric plexus block
NCT06550102,Drug Response Profiling (DRP) Registry Zurich for Hematological Malignancies,"University Children's Hospital, Zurich",N/A,RECRUITING,2022-01-04,2031-12-31,1000.0,
NCT00689702,"Cetuximab (Erbitux®), Capecitabine and Radiotherapy in Neoadjuvant Treatment of Patients With Rectal Cancer",Institute of Oncology Ljubljana,PHASE2,UNKNOWN,2007-02,2013-05,43.0,"cetuximab, capecitabine"
NCT05738902,Adherence and Compliance to ERAS in Gynecological Surgery,Azienda Socio Sanitaria Territoriale degli Spedali Civili di Brescia,N/A,UNKNOWN,2023-05-30,2025-03-31,600.0,Assessment of compliance to ERAS.
NCT01100502,A Phase 3 Study of Brentuximab Vedotin (SGN-35) in Patients at High Risk of Residual Hodgkin Lymphoma Following Stem Cell Transplant (The AETHERA Trial),Seagen Inc.,PHASE3,COMPLETED,2010-04-30,2020-04-27,329.0,brentuximab vedotin; placebo
NCT00204490,Soy Isoflavones and Breast Cancer Risk Reduction,"The University of Texas Medical Branch, Galveston",PHASE2,COMPLETED,2004-04,2023-05-31,197.0,isoflavones; carbohydrate
NCT00052390,Doxorubicin and Bevacizumab in Treating Patients With Locally Recurrent or Metastatic Soft Tissue Sarcoma,Memorial Sloan Kettering Cancer Center,PHASE2,COMPLETED,2002-10,2005-10,,bevacizumab; doxorubicin hydrochloride
NCT06280690,SGM-101 Tumor Targeted Fluorescence Endoscopy in Rectal Polyps With Suspected T1 Adenocarcinoma or High Grade Dysplasia,Leiden University Medical Center,PHASE2,UNKNOWN,2024-01-31,2025-07-30,20.0,SGM-101
NCT05517590,Intravenous Tranexamic Acid and Intramyometrial Desmopressin Effect on Blood Loss During Laparoscopic Myomectomy.,Acibadem University,NA,COMPLETED,2022-09-01,2024-04-30,102.0,Tranexamic acid; Saline
NCT04274790,Impact of 5-Fluorouracil (5-FU) on Cancer Cells From Liver Metastases of Colon Cancer,Centre Leon Berard,N/A,WITHDRAWN,2021-06-01,2023-03-01,0.0,Scheduled and planned surgery
NCT04290897,Oxaloacetate for the Improvement of Cognitive Complaints in Stage 0-IIIA Breast Cancer Survivors,Jonsson Comprehensive Cancer Center,PHASE2,COMPLETED,2021-09-29,2024-11-12,18.0,Anhydrous Enol-oxaloacetate; Questionnaire Administration
NCT05163197,Transperineal Laser Ablation Treatment (TPLA) for Prostate Cancer (PCa) Registry,Academisch Medisch Centrum - Universiteit van Amsterdam (AMC-UvA),N/A,RECRUITING,2021-10-01,2027-10-01,200.0,Transperineal Laser Ablation of Prostate Cancer
NCT02879097,Efficacy-Safety-Immunogenicity Study of CBT124&EU-sourced Avastin® in Stage 4 NSCLC,Cipla BioTec Pvt. Ltd.,PHASE3,UNKNOWN,2016-12,2018-05,200.0,CBT124; EU-sourced Avastin®; Carboplatin; Paclitaxel
NCT00008697,Arsenic Trioxide in Treating Patients With Refractory or Recurrent Acute Promyelocytic Leukemia,Washington University School of Medicine,PHASE1,COMPLETED,1998-11,2002-04,13.0,arsenic trioxide
NCT06295497,Lung Cancer Screening in HIgh Risk nonsmokErs by Artificial inteLligence Device,Chinese University of Hong Kong,NA,RECRUITING,2024-07-18,2028-12-01,3000.0,Lung-SIGHT
NCT06630260,5G-RUBY: Avutometinib and Defactinib in Malignant Brain Tumours,"Institute of Cancer Research, United Kingdom",PHASE1,RECRUITING,2024-11-15,2030-09-30,182.0,Avutometinib; Defactinib; Temozolomide
NCT06047860,A Clinical Study of Recombinant Human Vascular Endothelial Inhibitor in Combination With PRaG for Advanced Refractory Non-small Cell Lung Cancer,Second Affiliated Hospital of Soochow University,PHASE2,UNKNOWN,2023-06-16,2024-12-31,30.0,Radiotherapy; PD-1/PD-L1 inhibitor; Granulocyte-macrophage colony-stimulating factor subcutaneous injection; Interleukin 2 subcutaneous injection; Endostatin
NCT01587820,"Intra-arterial Versus Intravenous Cisplatin, Combined With Radiation, for Oral Cavity and Oropharynx Cancer",Southern Illinois University,EARLY_PHASE1,TERMINATED,2012-06,2014-08,1.0,Intra-arterial cisplatin; Intravenous cisplatin
NCT05412420,Artificial Intelligence to Search for Abnormalities in Ambulatory Cancer Patients,Institut de Cancérologie de Lorraine,NA,COMPLETED,2022-08-03,2023-10-13,500.0,Patient Self-Reporting of Symptoms
NCT03939182,Abexinostat and Ibrutinib in Diffuse Large B-cell Lymphoma and Mantle Cell Lymphoma,Memorial Sloan Kettering Cancer Center,PHASE1,COMPLETED,2019-05-29,2025-04-22,15.0,Abexinostat; Ibrutinib
NCT03969082,Evaluation of Bibliotherapy by Students and Patients With Cancer,"University Hospital, Ghent",NA,COMPLETED,2019-03-09,2024-03-01,40.0,Bibliotherapy
NCT07659782,A Phase 2 Study of VS-7375 in Patients With KRAS G12D-Mutated Non-Small Cell Lung Cancer,"Verastem, Inc.",PHASE2,RECRUITING,2026-07-22,2028-12,105.0,VS-7375
NCT02144623,Pretreatment With Valproate Prior to Immunotherapy Targeting Cluster of Differentiation Antigen 20 in Chronic Lymphocytic Leukemia,Lund University Hospital,EARLY_PHASE1,COMPLETED,2015-01,2017-02-06,4.0,Valproate
NCT04452396,CGM (Continuous Glucose Monitoring) Use in Diagnosis of Spontaneous and Reactive Hypoglycaemia,Barts & The London NHS Trust,NA,TERMINATED,2019-12-01,2023-01-31,7.0,use of continuous glucose monitoring
NCT03985696,Exosomes and Immunotherapy in Non-Hodgkin B-cell Lymphomas,"University Hospital, Limoges",NA,COMPLETED,2019-07-02,2025-07-02,90.0,blood sample
NCT01947296,Impact of a Coordinated Regional Organization to Secure Patient's Care Treated by Oral Antineoplastic Agents,Assistance Publique - Hôpitaux de Paris,N/A,COMPLETED,2013-10,2016-06,284.0,
NCT02140996,Safety Study of Human MUC-1 (Mucin-1) Adenoviral Vector Vaccine for Immunotherapy of Epithelial Cancers,Singapore Clinical Research Institute,PHASE1,UNKNOWN,2014-09,2017-06,24.0,Ad-sig-hMUC-1/ecdCD40L vector vaccine
NCT03560362,Postoperative Pain Control With Lipossomic Extended Release Bupivacaine,University of Tennessee,PHASE1,UNKNOWN,2015-07-09,2018-10-31,50.0,Bupivacaine liposome; Bupivacaine / Epinephrine
NCT06023862,A Three-arm Randomized Phase II Study of Dostarlimab Alone or With Bevacizumab Versus Nonplatinum Chemotherapy in Recurrent Gynecological Clear Cell Carcinoma: DOVE (APGOT-OV7/ ENGOT-ov80 Study),Yonsei University,PHASE2,RECRUITING,2024-01-22,2029-12-31,198.0,Dostarlimab; Bevacizumab; Doxorubicin; Gemcitabine; Paclitaxel; Pegylated liposomal doxorubicin
NCT02468362,Long Term Outcomes After Laparoscopic Intersphincteric Resection With Total Mesorectal Excision for Low Rectal Cancer.,Mansoura University,PHASE2,UNKNOWN,2014-04,2019-10,112.0,laparoscopic intersphincteric resection; open intersphincteric resection
NCT03493646,Evaluating in Vivo AZA Incorporation in Mononuclear Cells Following Vidaza or CC486,Kirby Institute,PHASE2,COMPLETED,2018-05-18,2021-09-21,40.0,Azacitidine; CC-486
NCT00407888,"Doxorubicin Hydrochloride, Cyclophosphamide, and Filgrastim Followed By Paclitaxel Albumin-Stabilized Nanoparticle Formulation With or Without Trastuzumab in Treating Patients With Breast Cancer Previously Treated With Surgery",University of Washington,PHASE2,COMPLETED,2006-05,2012-07,60.0,doxorubicin hydrochloride; cyclophosphamide; filgrastim; paclitaxel albumin-stabilized nanoparticle formulation; trastuzumab; laboratory biomarker analysis; quality-of-life assessment
NCT03529227,Gazyva Infusion Reaction Investigation,Healthy Future,N/A,UNKNOWN,2018-03-31,2025-04-30,104.0,
NCT03941561,S-1 for 9 Months Versus 1 Year for Stage II Gastric Cancer (SMAC）,Fudan University,PHASE3,RECRUITING,2019-01-01,2027-05-01,1006.0,S-1 for 9 months; S-1 for 1 year
NCT00054561,"Isotretinoin, Interferon Alfa, and Vitamin E in Treating Patients With Stage III or Stage IV Head and Neck Cancer",Eastern Cooperative Oncology Group,PHASE3,COMPLETED,2003-11-26,2009-05-01,,recombinant interferon alfa; vitamin E; isotretinoin; adjuvant therapy
NCT00477542,A Phase I Trial of Myeloablative Conditioning w/ Clofarabine and HD Busulfan for Pts w/ Refractory Heme Malignancies Undergoing Allo PBSCT,Indiana University,PHASE1,COMPLETED,2007-05,2010-11,18.0,clofarabine
NCT03464942,Stereotactic Radiation and Immunotherapy in Patients With Advanced Triple Negative Breast Cancer,"Peter MacCallum Cancer Centre, Australia",PHASE2,COMPLETED,2018-08-01,2023-06-22,54.0,SABR; Atezolizumab
NCT06728670,Pharmacokinetic Study of Tranexamic Acid,Zhejiang Cancer Hospital,NA,RECRUITING,2024-11-20,2025-08-31,30.0,Tranexamic acid Intravenous Infusion; TXA intramuscular injection
NCT00251186,First-Line Capecitabine and Cetuximab for Metastatic Colorectal Ca in Elderly Patients,University of Medicine and Dentistry of New Jersey,PHASE2,TERMINATED,2006-04,2006-04,18.0,Capecitabine and Cetuximab
NCT02663570,Effects of Melatonin in PCOS Women,Catholic University of the Sacred Heart,NA,UNKNOWN,2015-06,,40.0,Melatonin
NCT05770570,Taxi ROADmAP (Realizing Optimization Around Diet And Physical Activity),Memorial Sloan Kettering Cancer Center,PHASE2,RECRUITING,2022-12-22,2027-08-11,1889.0,Counseling; Text Messages; Phone calls; Self-monitoring tools
NCT02412670,Chemotherapy Before Surgery in Treating Patients With High Grade Upper Urinary Tract Cancer,ECOG-ACRIN Cancer Research Group,PHASE2,COMPLETED,2015-08-27,2022-05-10,36.0,Methotrexate; Vinblastine; Doxorubicin; Cisplatin; Gemcitabine; Carboplatin; Pegfilgrastim; Nephroureterectomy
NCT02900469,Presurgical Trial of Denosumab in Breast Cancer,NYU Langone Health,EARLY_PHASE1,COMPLETED,2016-10,2020-01-03,44.0,denosumab; Surgery
NCT03332069,Modulated Electro-Hyperthermia Plus Chemo-radiation for Locally Advanced Cervical Cancer Patients in South Africa,Jeffrey Kotzen,PHASE3,UNKNOWN,2014-01-09,2020-07-31,236.0,Modulated electro-hyperthermia; External beam radiation; Cisplatin; Brachytherapy
NCT03208283,Evaluation of the Impact of Water Method During Insertion Phase of Flexible Sigmoidoscopy in Training,Chinese University of Hong Kong,NA,COMPLETED,2014-10-28,2023-12,408.0,Water method group; Air insufflation group
NCT01864083,FACBC PET and PEM as a Staging Tool and Indicator of Therapeutic Response in Breast Cancer Patients,Memorial Sloan Kettering Cancer Center,EARLY_PHASE1,COMPLETED,2013-05,2017-08-29,30.0,Positron Emission Tomography (PET); Fluorine-18 labeled 1-amino-3-fluorocyclobutane-1-carboxylic acid (FACBC); Positron emission mammography (PEM) When available; MR
NCT06629883,Resistance Exercise and Peer Support with Bands/balls and Digital Support Among Women with Polycystic Ovary Syndrome,University of South Carolina,NA,COMPLETED,2022-06-01,2023-05-31,10.0,REPS w/BANDS
NCT00003283,Octreotide With or Without Prednisone in Treating Patients With Metastatic or Recurrent Thymoma,Eastern Cooperative Oncology Group,PHASE2,COMPLETED,1998-10-13,,38.0,octreotide acetate; prednisone
NCT05446883,"QL1706 Plus Chemotherapy±Bevacizumab for the First-Line Treatment of Persistent, Recurrent or Metastatic Cervical Cancer","Qilu Pharmaceutical Co., Ltd.",PHASE3,UNKNOWN,2022-09-23,2025-07-01,498.0,QL1706; Placebo; Paclitaxel injection; Cisplatin/Carboplatin
NCT00024154,Trastuzumab and Gefitinib in Treating Patients With Metastatic Breast Cancer,National Cancer Institute (NCI),PHASE2,COMPLETED,2002-02,,132.0,trastuzumab; gefitinib; laboratory biomarker analysis
NCT05400941,"Aim 3, Adapting and Implementing Evidence-based Breast Cancer Follow-up in Primary Care","Rutgers, The State University of New Jersey",NA,ENROLLING_BY_INVITATION,2024-06-24,2026-12-31,910.0,Practice Led Intervention
NCT02482441,"A Phase 1a/b Dose Escalation Study of the Safety, Pharmacokinetics, and Pharmacodynamics of OMP-131R10","OncoMed Pharmaceuticals, Inc.",PHASE1,COMPLETED,2015-07-16,2018-03-28,50.0,OMP-131R10; FOLFIRI
NCT04047641,"Cladribine, Idarubicin, Cytarabine, and Quizartinib in Treating Patients With Newly Diagnosed, Relapsed, or Refractory Acute Myeloid Leukemia or High-Risk Myelodysplastic Syndrome",M.D. Anderson Cancer Center,PHASE1,RECRUITING,2019-10-22,2027-12-31,80.0,Cladribine; Cytarabine; Idarubicin; Quizartinib
NCT05143541,Use of a New Stapling Device in General Thoracic Surgery,Lexington Medical Inc.,N/A,COMPLETED,2021-03-01,2021-09-30,80.0,AEON Endostapler
NCT05586841,Exploration of Dalpiciclib + Chidamide in HR+/HER2- Advanced Breast Cancer After Failure of CDK4/6 Inhibitor: a Phase Ⅰb Study,Beijing 302 Hospital,PHASE1,COMPLETED,2022-10-01,2026-03-30,22.0,Dalpiciclib; Chidamide
NCT02736305,Use of Regorafenib in Recurrent Epithelial Ovarian Cancer,"National Cancer Centre, Singapore",PHASE2,COMPLETED,2016-02-03,2019-11-18,21.0,Regorafenib
NCT07508605,Efficacy and Safety of CD19/CD20 CAR/TRuC-T in Relapsed/Refractory B-Cell Lymphoma,Shenzhen University General Hospital,PHASE1,RECRUITING,2025-01-01,2027-12-30,20.0,CAR/TRuC-T
NCT05802394,The Value of Molecular Residual Disease Monitoring Based on ctDNA in Borderline Resectable or Locally Advanced Pancreatic Cancer,Peking Union Medical College Hospital,NA,RECRUITING,2023-02-01,2030-02-01,100.0,Later-line therapy
NCT01474694,Accuracy Assessment for Computer-assisted Surgical Interventions of the Liver,"Insel Gruppe AG, University Hospital Bern",N/A,COMPLETED,2011-10,2013-12,14.0,Abdominal surgery
NCT00309894,"Ketoconazole, Hydrocortisone, and GM-CSF in Treating Patients With Progressive Prostate Cancer After Hormone Therapy","University of California, San Francisco",PHASE2,COMPLETED,2004-04,2007-12,49.0,sargramostim; ketoconazole; therapeutic hydrocortisone
NCT05535894,Endoscopic Radiofrequency Ablation of Celiac Ganglion for Pain Management and Improvement of Quality of Life in Patients With Unresectable Pancreatic Cancer,West Virginia University,N/A,COMPLETED,2022-08-10,2025-08-30,19.0,Ablation of Celiac Ganglion
NCT06598722,BCL-2 Inhibitors Combined with the HyperCVAD Regimen for Newly Diagnosed T-lymphoblastic Leukemia/lymphoma.,"Shanghai General Hospital, Shanghai Jiao Tong University School of Medicine",PHASE2,RECRUITING,2024-08-07,2027-08-07,206.0,BCL-2 inhibitors combined with the HyperCVAD regimen; Propensity score matching historical data
NCT06481566,"Efficacy and Safety of Almonertinib Combined With Stereotactic Body Radiotherapy (SBRT) in the Treatment of Non-small Cell Lung Cancer With EGFR Sensitive Mutation: a Single-arm, Open-label Clinical Trial",Chongqing University Cancer Hospital,NA,UNKNOWN,2024-06-21,2026-06-30,30.0,stereotactic ablative body radiotherapy
NCT01249456,Safety and Efficacy Study of Femara(Letrozole) as an Extended Adjuvant Treatment in Breast Cancer Patients,Novartis Pharmaceuticals,N/A,COMPLETED,2006-05,2015-04,392.0,
NCT02423356,Strain Echocardiography to Predict Cardiotoxicity in Patients Receiving Chemotherapy Containing Doxorubicin,Daniel Rushing,N/A,COMPLETED,2015-04-23,2018-02-01,12.0,Echocardiogram
NCT03607656,The Effect of Traditional Chinese Treatment Combined Adjuvant Chemotherapy in IIIb and IIIc Gastric Cancer,Shanghai University of Traditional Chinese Medicine,PHASE2,COMPLETED,2018-06-08,2023-11-30,270.0,Oxaliplatin; Capecitabine; TCM; S-1; Docetaxel; 5-FU
NCT00005622,"Donor Bone Marrow Transplant in Treating Patients With Leukemia, Lymphoma, or Nonmalignant Hematologic Disorders",H. Lee Moffitt Cancer Center and Research Institute,PHASE2,COMPLETED,1996-05,2009-07,72.0,cyclophosphamide; TBI
NCT01749722,Safety and Efficacy of the NaviAid™ G-Eye System During Colonoscopy,Smart Medical Systems Ltd.,NA,COMPLETED,2012-11,2013-06,50.0,NaviAid™ G-Eye procedure
NCT00500422,"Doxil, Gemcitabine, and Velcade (PS341) in Advanced Cancer Patients",M.D. Anderson Cancer Center,PHASE1,COMPLETED,2005-01,2012-11,134.0,Doxil; Gemcitabine; Velcade
NCT06462222,Immune Checkpoint Inhibitor Combined With Pemetrexed Intrathecal Injection for Leptomeningeal Metastasis From Solid Tumors,Guangzhou Medical University,PHASE1,ACTIVE_NOT_RECRUITING,2024-06-30,2026-07-31,45.0,"Toripalimab, pemetrexed"
NCT05404022,Feasibility Trial of a Personalised Nutrition and Activity Programme for People With Lung Cancer Over 65 Years,University of Hull,NA,COMPLETED,2022-06-20,2023-09-01,11.0,Tailored nutrition and physical activity programme
NCT04674722,HER2 Expression Detection and Radionuclide Therapy in Breast Cancer Using 99mTc/188Re Labeled Single Domain Antibody,"Shanghai General Hospital, Shanghai Jiao Tong University School of Medicine",EARLY_PHASE1,COMPLETED,2020-08-24,2024-10-30,43.0,Injection of 99mTc-NM-02; Injection of 188Re-NM-02
NCT01420250,Cabazitaxel With Radiation and Hormone Therapy for Prostate Cancer,Sidney Kimmel Comprehensive Cancer Center at Thomas Jefferson University,PHASE1,COMPLETED,2011-09-22,2020-07-21,20.0,Cabazitaxel; Intensity Modulated Radiation Therapy (IMRT); Anti-Androgen Therapy: Bicalutamide; Luteinizing Hormone-Releasing Hormone (LHRH) Agonist
NCT05045950,Optimizing Neurocognition With Whole Brain Radiation Therapy (WBRT) Using Upfront Pulsed Reduced Dose-Rate (PRDR) Technique,Medical College of Wisconsin,PHASE2,RECRUITING,2021-11-17,2029-05,53.0,Memantine -Twice Daily or Extended Release; WBRT utilizing the PRDR technique
NCT03366350,Anti-CD19 CAR-T Therapy Bridging to HSCT for CD19+ B-Cell Malignancies,"Wuhan Sian Medical Technology Co., Ltd",PHASE1,UNKNOWN,2016-04-15,2021-06-01,50.0,Allogeneic hematological stem cell transplantation
NCT00002691,Combination Chemotherapy in Treating Pediatric Patients With Stage III or IV Non-Hodgkin's Lymphoma,Memorial Sloan Kettering Cancer Center,PHASE2,COMPLETED,1995-08,2000-06,,filgrastim; asparaginase; cyclophosphamide; cytarabine; daunorubicin hydrochloride; dexamethasone; etoposide; leucovorin calcium; mesna; methotrexate; vincristine sulfate
NCT03013491,PROCLAIM-CX-072: A Trial to Find Safe and Active Doses of an Investigational Drug CX-072 for Patients With Solid Tumors or Lymphomas,CytomX Therapeutics,PHASE1,TERMINATED,2017-01-19,2020-10-27,196.0,CX-072; ipilimumab; vemurafenib
NCT05582018,"Safety and Effectiveness of BioTraceIO 360 for Planning, Monitoring and Assessment of Liver Tissue Ablation Procedures",Techsomed Medical Technologies LTD,NA,TERMINATED,2023-09-05,2024-05-15,4.0,BioTraceIO 360
NCT06434090,Liposomal Irinotecan Plus Bevacizumab in Irinotecan-refractory Metastatic Colorectal Cancer,Sun Yat-sen University,PHASE1,UNKNOWN,2024-06-05,2026-07-01,74.0,Liposomal irinotecan; Bevacizumab
NCT02797197,Feasibility of Systematic Handgrip Strength (HGS) Testing and Short-term Changes in Muscle Strength in Digestive Cancer Patients Treated by Chemotherapy,CHU de Reims,NA,COMPLETED,2016-05-18,2017-02-15,201.0,handgrip strength test; chemotherapy
NCT02310997,Myloablative Cord Blood Transplant in Haematological Malignancies (MAC UCBT),"University College, London",PHASE2,TERMINATED,2011-07,2015-05,11.0,Umbilical Cord Blood Transplant; Cyclophosphamide; Total body irradiation; Busulfan; Melphalan; Fludarabine
NCT06346197,Combination of Immune Checkpoint in Locally Advanced or Metastatic MSI/dMMR Esogastric Adenocarcinomas,Centre Leon Berard,PHASE3,RECRUITING,2025-12-08,2028-05-15,132.0,Balstilimab; Botensilimab; Folfox Protocol; XELOX; Nivolumab
NCT01651910,The Cancer Pain and Unmet Needs Study,University of Surrey,N/A,TERMINATED,2012-07,2014-02,162.0,
NCT07277413,A Study of IDE892 as Monotherapy and Combination in MTAP-deleted Advanced Solid Tumors,IDEAYA Biosciences,PHASE1,RECRUITING,2026-03-04,2028-04-30,260.0,IDE892; IDE397
NCT02195960,Supplementation With Dietary Anthocyanins and Side Effects of Radiotherapy for Breast Cancer,Neuromed IRCCS,NA,COMPLETED,2014-06-09,2018-10-10,242.0,Placebo; intake anthocyanin-rich corn extract
NCT00047060,Stem Cell Transplant Therapy With Campath-1H for Treating Advanced Mycosis Fungoides and Sezary Syndrome,"National Heart, Lung, and Blood Institute (NHLBI)",PHASE1,COMPLETED,2002-07-30,2019-01-24,5.0,A matched peripheral donor stem cells; cyclosporine; fludarabine; Campath
NCT01373320,Faith Moves Mountains: A Community Based Participatory Research (CBPR) Appalachian Wellness & Cancer Prevention Program,Nancy Schoenberg,NA,COMPLETED,2010-03,2012-11,1415.0,Lay health advisor interactions
NCT03875820,Phase I Trial of Defactinib and VS-6766.,"Institute of Cancer Research, United Kingdom",PHASE1,ACTIVE_NOT_RECRUITING,2017-12-12,2026-10-31,87.0,VS-6766; Defactinib
NCT03238820,Robotic Resection for Patients With Gastric Gastrointestinal Stromal Tumors: a Single-center Study,JIANG Zhi-Wei,NA,COMPLETED,2014-01-10,2017-06-01,50.0,Robotic gastric gastrointestinal stromal tumors resection
NCT05221320,Trial of Ulixertinib in Combination With Hydroxychloroquine in Patients With Advanced Gastrointestinal (GI) Malignancies,"BioMed Valley Discoveries, Inc",PHASE2,TERMINATED,2022-05-26,2024-07-14,47.0,Ulixertinib; Hydroxychloroquine
NCT00494182,Sorafenib in Combination With Carboplatin and Paclitaxel in Treating Participants With Metastatic or Recurrent Head and Neck Squamous Cell Cancer,M.D. Anderson Cancer Center,PHASE2,ACTIVE_NOT_RECRUITING,2007-04-25,2026-12-31,48.0,Carboplatin; Paclitaxel; Sorafenib
NCT01880359,AF CRT +/- Nimorazole in HNSCC,European Organisation for Research and Treatment of Cancer - EORTC,PHASE3,UNKNOWN,2014-07-25,2023-01-09,640.0,Cisplatin; Radiotherapy; Placebo; Nimorazole
NCT06863259,"Study of Inotuzumab Ozogamicin, Venetoclax, and Dexamethasone for Relapsed B-cell ALL","Children's Hospital Medical Center, Cincinnati",PHASE1,RECRUITING,2025-05-21,2029-01-01,28.0,"Inotuzumab Ozogamicin, Venetoclax, and Dexamethasone"
NCT06902259,The Effect of Breath Exercıse and Reıkı Applıcatıon,Aslıhan ÖZTÜRK ÇETİN,NA,COMPLETED,2024-03-01,2024-12-01,60.0,randomised controlled trial
NCT06763159,A Study of HS-20124 in Patients with Advanced Solid Tumors,Hansoh BioMedical R&D Company,PHASE1,RECRUITING,2024-10-30,2027-12-31,450.0,HS-20124 (Phase Ia：Dose escalation ); HS-20124 (Phase Ib: Dose expansion)
NCT06630780,Reduction of Postoperative Radiotherapy in Head and Neck Squamous Cell Carcinoma,Sun Yat-sen University,NA,RECRUITING,2024-09-26,2029-12-31,50.0,Head and Neck Cancers
NCT01387880,"Irinotecan, Cetuximab and Everolimus to Patients With Metastatic Colorectal Cancer",Herlev Hospital,PHASE2,COMPLETED,2010-01,2012-03,100.0,Everolimus; Everolimus
NCT05064046,Educating Providers About Lung Screening,Georgetown University,NA,COMPLETED,2021-10-27,2022-07-27,77.0,LuCa + Health Disparity module
NCT07745946,The Effect of Virtual Reality Glasses and Breathing Exercise on Anxiety,Ankara Medipol University,NA,COMPLETED,2025-03-15,2026-04-15,107.0,Breathing exercise; Virtual Reality Glasses
NCT05844046,"Sequential or Up-front Triple Treatment With Durvalumab, Tremelimumab and Bevacizumab for Non-resectable Hepatocellular Carcinoma (HCC) Patients",Enrico De Toni,PHASE2,RECRUITING,2023-04-06,2026-12-31,83.0,"durvalumab, tremelimumab, bevacizumab"
NCT06605846,Otago Exercises on the Risk of Falling in Prostatic Cancer Patients Receiving Androgen Deprivation Therapy,MTI University,NA,COMPLETED,2024-09-23,2025-04-01,110.0,otago excercises; Medical ADT treatment
NCT02942862,Evaluation of New Histoprognostic Criteria in a Retrospective Study of Colon Cancers Operated at Amiens University Hospital,"Centre Hospitalier Universitaire, Amiens",N/A,COMPLETED,2015-02,2015-04,231.0,Orcein staining
NCT00111462,Evaluating Treatment of Anemia in Subjects With Non-Myeloid MalignanciesReceiving Multicycle Chemotherapy,Amgen,PHASE2,COMPLETED,,,,Darbepoetin alfa
NCT07524062,The Application of Infrared Thermography in the Prediction of Skin Healing in Surgery,Universitaire Ziekenhuizen KU Leuven,NA,RECRUITING,2026-06-15,2028-10,120.0,Infrared thermography
NCT06189846,Lumeneye Rectoscope for Assessment on Tumor Response After Total Neoadjuvant Treatment in Rectal Cancer,Bordeaux Colorectal Institute Academy,N/A,COMPLETED,2024-01-04,2026-03-05,82.0,International Cohort
NCT00055146,Study of ONTAK in Patients With B-Cell Chronic Lymphocytic Leukemia (CLL),Eisai Inc.,PHASE2,COMPLETED,2003-03,2006-05,41.0,ONTAK
NCT03421288,Study of Atezolizumab + FLOT vs. FLOT Alone in Patients With GC/GEJ and High Immune Responsiveness,Institut für Klinische Krebsforschung IKF GmbH at Krankenhaus Nordwest,PHASE2,ACTIVE_NOT_RECRUITING,2018-09-14,2027-12-31,677.0,Atezolizumab; 5-Fluorouracil; Calciumfolinat; Oxaliplatin; Docetaxel
NCT06055803,Heart Health After Cancer Treatment (HEART-ACT),"University of California, San Francisco",NA,COMPLETED,2023-11-07,2026-03-31,50.0,Intake Session; Individual Sessions; Group Sessions; Graduation; Exercise
NCT04194203,"A Study of Bevacizumab, Carboplatin, and Paclitaxel or Pemetrexed With or Without Atezolizumab in Chemotherapy-Naïve Patients With Stage IV Non-Squamous Non-Small Cell Lung Cancer (IMpower151)",Hoffmann-La Roche,PHASE3,COMPLETED,2020-04-09,2024-06-27,305.0,Atezolizumab; Placebo; Bevacizumab; Paclitaxel; Pemetrexed; Carboplatin
NCT01801527,Telehealth System to Improve Quality of Life in Breast Cancer Survivors,Universidad de Granada,NA,COMPLETED,2012-03,2014-07,72.0,Telerehabilitation group
NCT05970627,Perioperative Chemotherapy Plus Toripalimab for Epstein-Barr Virus-associated Locally Advanced Gastric or Esophagogastric Junction Adenocarcinoma,Yu jiren,PHASE2,NOT_YET_RECRUITING,2023-07-28,2029-07-28,30.0,Toripalimab; Oxaliplatin; S1
NCT05643027,A Novel Intervention for Patients With Cancer,Dana-Farber Cancer Institute,NA,COMPLETED,2023-03-01,2026-05-11,40.0,Acceptance and Commitment Therapy
NCT02627261,Multiple Myeloma Minimal Residual Disease,Hospices Civils de Lyon,N/A,COMPLETED,2015-11-23,2018-09-02,48.0,blood samples and bone marrow aspirates will be collected
NCT03240861,Genetically Engineered PBMC and PBSC Expressing NY-ESO-1 TCR After a Myeloablative Conditioning Regimen to Treat Patients With Advanced Cancer,Jonsson Comprehensive Cancer Center,PHASE1,TERMINATED,2017-07-26,2023-10-19,5.0,18F-FHBG; Aldesleukin; Busulfan; Cellular Therapy; Computed Tomography; Filgrastim; Fludarabine; Leukapheresis; Plerixafor; Positron Emission Tomography
NCT02040142,HIPEC for Peritoneal Carcinomatosis,Albert Einstein College of Medicine,PHASE2,COMPLETED,2011-11,2024-08-19,51.0,HIPEC; Mitomycin C
NCT02086942,Tolerability and Efficacy of Modified VCD Regimens in Previously Untreated Multiple Myeloma.,Yongping Zhai,PHASE2,UNKNOWN,2013-08,2017-08,94.0,Bortezomib; cyclophosphamide; Dexamethasone
NCT05169970,A Study of Stereotactic Body Radiation Therapy (SBRT) Without Androgen Deprivation Therapy (ADT) in People With Unfavorable Intermediate-Risk Prostate Cancer,Memorial Sloan Kettering Cancer Center,PHASE2,ACTIVE_NOT_RECRUITING,2021-12-09,2027-12,222.0,Stereotactic Body Radiation Therapy (SBRT); Stereotactic Body Radiation Therapy (SBRT)
NCT02146170,"Tissue Procurement and Natural History Study of People With Non-Small Cell Lung Cancer, Small Cell Lung Cancer, Extrapulmonary Small Cell Cancer, Pulmonary Neuroendocrine Tumors, and Thymic Epithelial Tumors",National Cancer Institute (NCI),N/A,RECRUITING,2014-05-28,2029-12-31,2000.0,
NCT06083870,An Early Stage Study to Evaluate Oba01 for Injection in Patients With DR5 Positive LA/mNSCLC,Lu Shun,PHASE1,UNKNOWN,2023-12-13,2026-07,35.0,Oba01
NCT00250770,Colony-Stimulating Factor-1 (CSF-1) and Other Cytokines in Human Endometrial Carcinogenesis,University of New Mexico,N/A,WITHDRAWN,1998-01,,0.0,
NCT03763370,Managed Access Program for Combination Treatment With Belantamab Mafodotin in Multiple Myeloma,GlaxoSmithKline,N/A,AVAILABLE,,,,Belantamab mafodotin 2.5 mg/kg IV Q3Weeks + Vd (BVd); Belantamab mafodotin 2.5/1.9 mg/kg IV Q4Weeks + Pd (BPd)
NCT02985073,A Comparison Between Biological (Veritas®) vs Non Biological Mesh (TIGR®) in Immediate Breast Reconstruction,Vastra Gotaland Region,NA,COMPLETED,2016-11,2022-09,24.0,Veritas®; TIGR®
NCT03857373,Renal Cancer Detection Using Convolutional Neural Networks,Nessn Azawi,N/A,RECRUITING,2019-02-01,2027-01-01,5000.0,
NCT06419673,Serplulimab Plus Chemoradiotherapy for Stage III-IVA Cervical Cancer,"Cancer Institute and Hospital, Chinese Academy of Medical Sciences",PHASE2,ACTIVE_NOT_RECRUITING,2024-05-01,2028-05-31,240.0,Serplulimab; Cisplatin; Carboplatin; Brachytherapy and External Beam Radiotherapy
NCT03328273,A Study of AZD6738 and Acalabrutinib in Subjects With Relapsed or Refractory Chronic Lymphocytic Leukemia (CLL),Acerta Pharma BV,PHASE1,ACTIVE_NOT_RECRUITING,2018-01-31,2026-08-26,12.0,Ceralasertib; Acalabrutinib
NCT01956669,Pazopanib Paediatric Phase II Trial Children's Oncology Group (COG) in Solid Tumors,Novartis Pharmaceuticals,PHASE2,COMPLETED,2014-10-08,2019-11-05,57.0,Pazopanib
NCT03647969,Modified FOLFOX Plus/Minus Nivolumab and Ipilimumab vs. FLOT Plus Nivolumab in Patients With Previously Untreated Advanced or Metastatic Gastric Cancer,Institut für Klinische Krebsforschung IKF GmbH at Krankenhaus Nordwest,PHASE2,COMPLETED,2018-11-07,2024-07-19,262.0,Nivolumab; Ipilimumab; mFOLFOX; FLOT
NCT01349569,Allogeneic GM-CSF Vaccine and Lenalidomide in Treating Myeloma Patients With Near Complete Remission,Sidney Kimmel Comprehensive Cancer Center at Johns Hopkins,PHASE2,COMPLETED,2012-01,2016-10,19.0,Lenalidomide; Allogeneic Myeloma Vaccine; Prevnar-13
NCT03617224,Pembrolizumab and Total Skin Electron Beam Radiotherapy in Mycosis Fungoides and Sézary Syndrome,University of Texas Southwestern Medical Center,PHASE1,WITHDRAWN,2018-07-24,2024-07-24,0.0,TSEBT; TSEBT and pembrolizumab
NCT00004224,Combination Chemotherapy Followed by Radiation Therapy in Treating Children With Localized Ependymoma,Societe Internationale d'Oncologie Pediatrique,PHASE2,COMPLETED,1999-01,2008-03,65.0,cyclophosphamide; etoposide; vincristine sulfate; adjuvant therapy; conventional surgery; radiation therapy
NCT03922724,Allogeneic Hematopoietic Cell Transplantation for Peripheral T Cell Lymphoma,National Cancer Institute (NCI),PHASE2,ACTIVE_NOT_RECRUITING,2019-04-18,2030-10-31,91.0,ATL-RIC; mRIC; allo HCT; RIC; GVHD prophylaxis; IOC
NCT04995523,A Study of AZD2936 Anti-TIGIT/Anti-PD-1 Bispecific Antibody in Participants With Advanced or Metastatic NSCLC,AstraZeneca,PHASE1,ACTIVE_NOT_RECRUITING,2021-09-14,2028-06-01,212.0,AZD2936
NCT00021359,Isotretinoin Plus Dexamethasone in Treating Patients With Multiple Myeloma,Fox Chase Cancer Center,PHASE2,COMPLETED,1999-08,2005-10,17.0,dexamethasone; isotretinoin
NCT00839059,Lenalidomide In Patients With Acute Myeloid Leukemia,University of Ulm,PHASE1,TERMINATED,2009-01,2011-05,14.0,lenalidomide
NCT04341480,The Safety of Chemotherapy for Patients With Gynecological Malignancy in High-risk Region of COVID-19,Tongji Hospital,N/A,UNKNOWN,2020-07-01,2023-01-10,305.0,Chemotherapy
NCT01549379,Dynamic Contrast Enhanced Computed Tomography (CT) for Head and Neck Cancer,London Health Sciences Centre Research Institute OR Lawson Research Institute of St. Joseph's,NA,TERMINATED,2013-07,2014-08,1.0,Dynamic Contrast Enhanced CT scan
NCT00911079,Pilot Study of a Catheter-based Ultrasound Hyperthermia System,"University of California, San Francisco",NA,TERMINATED,2009-12-18,2020-07-23,13.0,Hyperthermia; HDR brachytherapy
NCT00193362,"Study of Paclitaxel, Carboplatin, and Gemcitabine Versus Gemcitabine and Vinorelbine for Non-Small Cell Lung Cancer","SCRI Development Innovations, LLC",PHASE3,COMPLETED,2004-06,2007-09,200.0,Paclitaxel; Carboplatin; Gemcitabine; Vinorelbine
NCT05327946,A Study in People With Advanced Cancer to Test How Well Different Doses of BI 770371 Alone or in Combination With Ezabenlimab Are Tolerated,Boehringer Ingelheim,PHASE1,ACTIVE_NOT_RECRUITING,2022-05-17,2027-03-31,42.0,BI 770371; ezabenlimab
NCT01331746,Proof-of-concept (PoC) Study of APD515,Acacia Pharma Ltd,PHASE2,COMPLETED,2011-09,2012-12,32.0,APD515; Placebo
NCT07453446,Clinical Study of U29 Injection (CD30-CART) in Patients With CD30-Positive Relapsed/Refractory Lymphoma,"Shanghai Unicar-Therapy Bio-medicine Technology Co.,Ltd",PHASE1,WITHDRAWN,2025-03-04,2029-03-31,0.0,CD30 CAR-T Cells
NCT01159288,Trial of a Vaccination With Tumor Antigen-loaded Dendritic Cell-derived Exosomes,"Gustave Roussy, Cancer Campus, Grand Paris",PHASE2,COMPLETED,2010-05-19,2015-12-19,41.0,Dex2
NCT04686188,Exploring the Mechanisms and Dynamics of Clonal Evolution Leading to Recurrence in Prostate Cancer,"Institute of Cancer Research, United Kingdom",N/A,UNKNOWN,2020-11-26,2022-09-01,50.0,
NCT04251403,Novel Approach to Surveillance of Gastric Lesions,New York Presbyterian Hospital,EARLY_PHASE1,UNKNOWN,2020-02,2021-02,10.0,Mucosal Irrigation
NCT06187103,Evaluation of Improved Onboard Patient Imaging,"Varian, a Siemens Healthineers Company",N/A,ACTIVE_NOT_RECRUITING,2024-07-10,2026-12,40.0,HyperSight Imaging
NCT01563861,S9704-S0014-S0313A Studying Genes in Samples From Patients With Limited or Advanced Diffuse Large B-Cell Lymphoma,SWOG Cancer Research Network,N/A,COMPLETED,1997-09-15,2013-10-31,397.0,RNA analysis; gene expression analysis; immunohistochemistry staining method; laboratory biomarker analysis
NCT06236061,Study of Efficacy and Safety of LCZ696/Amlodipine in Grade 1 and 2 Hypertension Patients Uncontrolled by LCZ696 Monotherapy,Novartis Pharmaceuticals,PHASE3,COMPLETED,2024-04-08,2025-12-23,718.0,LCZ; LCZ/AML 200 mg/2.5 mg; LCZ/AML 200 mg/5 mg; LCZ/AML 200 mg/10 mg; Placebo
NCT01774786,A Study of Pertuzumab in Combination With Trastuzumab and Chemotherapy in Participants With Human Epidermal Growth Factor Receptor 2 (HER2)-Positive Metastatic Gastroesophageal Junction or Gastric Cancer,Hoffmann-La Roche,PHASE3,COMPLETED,2013-06-10,2019-12-31,780.0,5-Fluorouracil; Capecitabine; Cisplatin; Pertuzumab; Placebo; Trastuzumab
NCT02836886,VircapSeq Virus Detection in Sézary Syndrome,Columbia University,N/A,COMPLETED,2016-06,2016-10,6.0,
NCT02060370,Sunitinib Scheduling in Metastatic Renal Cell Carcinoma (mRCC),M.D. Anderson Cancer Center,PHASE2,COMPLETED,2014-08,2019-01-02,60.0,Sunitinib; Questionnaire
NCT00328770,De Novo Sirolimus-based Immunosuppression After Liver Transplantation for Hepatocellular Carcinoma,University of Alberta,PHASE2,COMPLETED,1996-12,2006-03,70.0,Sirolimus
NCT00617669,A Phase III Trial of ZD4054 (Zibotentan) (Endothelin A Antagonist) and Docetaxel in Metastatic Hormone Resistant Prostate Cancer,AstraZeneca,PHASE3,COMPLETED,2008-01,2011-07,1494.0,Docetaxel; ZD4054; Placebo
NCT01498783,Phase I Study of 5-Fluorouracil in Children and Young Adults With Recurrent Ependymoma,St. Jude Children's Research Hospital,PHASE1,COMPLETED,2011-12,2014-05,26.0,5-fluorouracil
NCT00477841,Self-Expandable Esophageal Radiation Stent:a Randomized Controlled Trial in Patients With Advanced Esophageal Cancer,"Southeast University, China",PHASE2,COMPLETED,2004-04,2006-12,60.0,Esophageal stent placement; dysphagia scores; complications of therapy; survival time of therapy
NCT07272954,Effects of Ultrasound-Guided Stellate Ganglion Block and Transcutaneous Auricular Vagus Nerve Stimulation on Sleep Quality After Radical Mastectomy for Breast Cancer,Affiliated Hospital of Jiaxing University,NA,NOT_YET_RECRUITING,2026-12-01,2029-12-01,136.0,SGB; taVNS
NCT03213054,A Study of OBP-301 With Radiation Therapy in Patients With Esophageal Cancer,Oncolys BioPharma Inc,PHASE1,UNKNOWN,2017-07-07,2019-06,12.0,OBP-301; Radiation
NCT05941741,IC Plus Low-dose Radiation Plus Cadonilimab in LANPC,Sun Yat-sen University,PHASE3,RECRUITING,2024-01-10,2029-12,380.0,Intensity Modulated Radiation Therapy; Chemotherapy; Immune checkpoint inhibitor; Low-dose radiotherapy
NCT00039754,A Trial of Skeletal Targeted Radiotherapy Using Holmium-166-DOTMP in Patients With Multiple Myeloma,Poniard Pharmaceuticals,PHASE1,TERMINATED,2002-03,,,Holmium-166-DOTMP
NCT01381705,Biomarkers in Predicting Response to Rituximab Treatment in Samples From Patients With Indolent Follicular Lymphoma,ECOG-ACRIN Cancer Research Group,N/A,COMPLETED,2012-02-06,2012-07-06,259.0,rituximab; DNA analysis; gene expression analysis; polymorphism analysis; laboratory biomarker analysis; medical chart review
NCT03657966,DCVAC/OvCa After Standard-of-care Chemotherapy in Women With Relapse of Platinum-sensitive Epithelial Ovarian Cancer,SOTIO a.s.,PHASE2,COMPLETED,2017-11-23,2021-02-25,33.0,DCVAC/OvCa; Standard of Care Chemotherapy
NCT00282022,VNP40101M in Treating Patients With Relapsed or Refractory Locally Advanced or Metastatic Small Cell Lung Cancer,Vion Pharmaceuticals,PHASE2,COMPLETED,2005-09,,87.0,laromustine
NCT04516122,Bone Loss in Melanoma Survivors Receiving Immunotherapy,M.D. Anderson Cancer Center,N/A,TERMINATED,2021-05-10,2025-06-18,12.0,Biospecimen Collection; Dual X-ray Absorptiometry
NCT05753722,A First-in-human Study of PRTH-101 Monotherapy +/- Pembrolizumab in Subjects With Advanced Malignancies,Incendia Therapeutics,PHASE1,RECRUITING,2023-03-03,2027-09-30,270.0,PRTH-101; Pembrolizumab
NCT06125522,TACTIVE-U: A Study to Learn About the Study Medicine (Vepdegestrant) When Given With Other Medicines in People With Advanced or Metastatic Breast Cancer. (Sub-Study C),Pfizer,PHASE1,ACTIVE_NOT_RECRUITING,2024-01-10,2026-12-31,11.0,vepdegestrant; Samuraciclib
NCT00539422,"Role of Cytochrome P450 2D6 (CYP2D6) *4 Polymorphism,in Malignant Breast Diseases",Mansoura University,N/A,COMPLETED,2006-01,2007-04,,pcr and serum markers for breast cancer
NCT01822522,Cabozantinib S-Malate in Treating Patients With Advanced Solid Tumors and Human Immunodeficiency Virus,National Cancer Institute (NCI),PHASE1,COMPLETED,2013-06-21,2021-05-12,36.0,Cabozantinib S-malate; Laboratory Biomarker Analysis; Pharmacological Study
NCT05086822,A Study of Irinotecan Hydrochloride Liposome in Advanced Solid Tumors,"Jiangsu HengRui Medicine Co., Ltd.",PHASE1,COMPLETED,2014-09-09,2017-08-28,32.0,Irinotecan liposome
NCT02924922,Assessment of Oncological and Functional Outcomes After Robot Assisted Partial Nephrectomy Versus Laparoscopic Partial Nephrectomy,Luzerner Kantonsspital,NA,COMPLETED,2016-05,2019-04-01,85.0,Laparoscopic partial nephrectomy; Robot assisted partial nephrectomy; Conventional laparoscopic instruments; Da- Vinci Robot and conventional laparoscopic instruments; Mannitol
NCT07813351,PRESTO: A Phase III Randomised Controlled Trial of Dose-escalated Proton Beam Therapy Versus Standard of Care Radiotherapy for Functioning Pituitary Tumours,"University College, London",PHASE3,NOT_YET_RECRUITING,2026-09,2032-09,82.0,Standard dose Intensity-Modulated Radiation Therapy (IMRT); Standard dose Proton Beam Therapy (PBT); Escalated dose Proton Beam Therapy (PBT)
NCT04198051,The Clinical Study of Adjuvant Chemotherapy on Intestinal and Urethral Flora in Patients With Gastric and Colon Cancer,The First Affiliated Hospital of Dalian Medical University,NA,UNKNOWN,2019-12-20,2021-05-01,120.0,adjuvant chemotherapy
NCT00036751,Imatinib Mesylate in Treating Patients With Stage III or Stage IV Ovarian Epithelial or Primary Peritoneal Cancer,National Cancer Institute (NCI),PHASE2,COMPLETED,2002-04,,40.0,imatinib mesylate; laboratory biomarker analysis
NCT04273451,RadioPathomics Artificial Intelligence Model to Predict Tumor Regression Grading in Locally Advanced Rectal Cancer,"Sixth Affiliated Hospital, Sun Yat-sen University",N/A,UNKNOWN,2020-01-10,2020-12,100.0,
NCT03657251,MMRF CureCloud Research Initiative,Multiple Myeloma Research Foundation,N/A,TERMINATED,2020-07-14,2023-12-31,1105.0,liquid biopsy
NCT01313429,"Tumor Cell Vaccine for Patients Undergoing Surgery for Sarcomas, Melanomas, Germ Cell Tumors, or Malignancies That Have Metastasized to the Lungs, Pleura, or Mediastinum",National Cancer Institute (NCI),PHASE1,TERMINATED,2011-03-04,2020-02-26,19.0,Cyclophosphamide; Allogenic tumor Cell Vaccine (K562); Celecoxib
NCT00509002,Iressa Study in Patients With Salivary Gland Cancer,M.D. Anderson Cancer Center,PHASE2,COMPLETED,2004-05,2016-09,37.0,Gefitinib
NCT00203502,Primary Systemic Therapy in Operable/Locally Advanced Breast Cancer,University of Arkansas,PHASE2,COMPLETED,2005-09,2015-02,40.0,Bevacizumab; Cyclophosphamide; Docetaxel
NCT00438802,Alefacept in Treating Patients With Relapsed or Refractory Cutaneous T-Cell Lymphoma or Peripheral T-Cell Non-Hodgkin's Lymphoma,Mayo Clinic,PHASE1,COMPLETED,2006-03,2019-07-25,23.0,Alefacept
NCT05823402,Use of SPECT-CT for Comparison of Dosimetry Methods in PSMA-targeted Radioligand Therapy (SPECTacular Study),BAMF Health,NA,UNKNOWN,2023-05-01,2024-10-31,30.0,SPECT/CT
NCT06462053,Short-course Radiotherapy Combined With CAPOX and PD-1 Antibody Versus Long-course Chemoradiotherapy Combined With CAPOX for Early Low-lying Rectal Cancer,Fudan University,PHASE2,RECRUITING,2024-04-01,2027-03-01,134.0,Short-course radiotherapy; PD-1 antibody (Toripalimab); Long-course radiotherapy; Oxaliplatin; Capecitabine
NCT03772353,"Pyrotinib, Dalpiciclib(SHR6390) and Endocrine Therapy in Subjects With Dual-receptor Positive(ER+/HER2+) Advanced Breast Cancer",Fudan University,PHASE1,UNKNOWN,2019-05-12,2025-12-10,59.0,Dalpiciclib; Pyrotinib; Letrozole; Fulvestrant
NCT02567253,Intraoperative Intraperitoneal Chemoperfusion to Treat Peritoneal Minimal Residual Disease in Stage III Ovarian Cancer,"University Hospital, Ghent",PHASE2,COMPLETED,2016-03,2021-08-25,56.0,Cytoreductive surgery; IPEC with Cisplatin (75mg/m²); IPEC with Cisplatin (100mg/m²); Hypertherm IntraPEritoneal Chemotherapy with Cisplatin (75mg/m²); HIPEC with Cisplatin (100mg/m²)
NCT07601802,Acute Risk Monitoring for Oncology Therapy Regimen,"University of California, San Francisco",N/A,COMPLETED,2017-07-01,2024-03-31,4740.0,Medical record review
NCT04799002,Topotecan and Melphalan for Retinoblastoma,Sun Yat-sen University,PHASE3,RECRUITING,2021-03-11,2027-12-30,50.0,Topotecan; Melphalan
NCT06197802,Plateau Antibody Levels of a Recombinant (E.Coli) HPV Nonavalent Vaccine Versus Gardasil®9 in Young Women,Xiamen University,N/A,ACTIVE_NOT_RECRUITING,2023-12-30,2025-09-01,392.0,"Recombinant Human Papillomavirus Nonavalent (Types 6,11,16,18,31,33,45,52,58 )Vaccine(E.Coli); Gardasil®9"
NCT03153202,Study to Evaluate the Safety and Preliminary Efficacy of Ibrutinib and Pembrolizumab in Patients With Chronic Lymphocytic Leukemia (CLL) or Mantle Cell Lymphoma (MCL),Joshua Brody,PHASE1,ACTIVE_NOT_RECRUITING,2017-07-14,2026-11,23.0,Ibrutinib; Pembrolizumab
NCT00572013,Rituxan and BEAM With Autologous Peripheral Blood Progenitor Transplant for Indolent Lymphoma,University of Nebraska,PHASE1,COMPLETED,1998-05-12,2009-09-18,32.0,Rituxan; BEAM; Autologous stem cell transplant
NCT01784913,A Phase I/IIa Study of UV1 Vaccine in Patients With Prostate Cancer,Ultimovacs ASA,PHASE1,COMPLETED,2013-04-15,2020-10-23,22.0,UV1 synthetic peptide vaccine and GM-CSF
NCT07455513,A Novel Tobacco Cessation Resource for Smokers With a Diagnosed or Suspected Thoracic Cancer,Ohio State University Comprehensive Cancer Center,NA,ACTIVE_NOT_RECRUITING,2026-02-25,2027-03-31,33.0,Electronic Health Record Review; Informational Intervention; Interview; Referral; Smoking Cessation Intervention; Survey Administration
NCT07490860,"A Restorative Justice-Based Lung Cancer Screening Decision-Making Support Intervention Tailored for Black Individuals to Increase Lung Cancer Screening Among Black Community Members, RESTORE Trial",Fred Hutchinson Cancer Center,NA,RECRUITING,2026-10-15,2026-12-31,45.0,Educational Intervention; Survey Administration; Interview; Electronic Health Record Review
NCT06237920,Stage II-IIIa Urothelial Cancer Randomizing Pre-operative Nivolumab With or Without Relatlimab,The Netherlands Cancer Institute,PHASE2,ACTIVE_NOT_RECRUITING,2024-02-19,2028-08-01,90.0,Nivolumab; Relatlimab
NCT05062720,Local Consolidative Therapy in Colorectal Cancer,Fox Chase Cancer Center,PHASE2,WITHDRAWN,2021-07-29,2025-10-31,0.0,Local consolidative therapy
NCT00165282,Mindfulness Meditation in Bone Marrow Transplantation,Emory University,PHASE2,COMPLETED,2005-04,2011-06,241.0,Mindfulness training; Nurse education
NCT02877082,"Tacrolimus, Bortezomib, & Thymoglobulin in Preventing Low Toxicity GVHD in Donor Blood Stem Cell Transplant Patients",Emory University,PHASE2,TERMINATED,2016-09,2017-07,5.0,Thymoglobulin; Bortezomib; Tacrolimus
NCT03647423,QUILT-3.091 NANT Chordoma Vaccine vs Radiation in Subjects With Unresectable Chordoma.,"ImmunityBio, Inc.",PHASE1,WITHDRAWN,2018-08-31,2021-12-28,0.0,Aldoxorubicin Hydrochloride; ALT-803; ETBX-051; ETBX-061; GI-6301; haNK; Avelumab; Cetuximab; Cyclophosphamide; SBRT
NCT06541080,"Collection of Liquid Biopsy Samples of Neuroendocrine Neoplasms (NEN) Patients - Collection of NET (CollectNET) 2.0, a Study by the BE-FORCE Consortium","University Hospital, Antwerp",N/A,RECRUITING,2022-01-03,2030-12-04,550.0,Shallow Whole Genome Sequencing (sWGS)-GIPXplore; methylation-sensitive restriction enzymes (MSRE)-Single-molecule molecular inversion probes (smMIP)-seq assay
NCT00700180,A Study of Avastin (Bevacizumab) in Combination With Carboplatin-Based Chemotherapy in Patients With Advanced or Recurrent Non-Squamous Non-Small Cell Lung Cancer.,Hoffmann-La Roche,PHASE2,COMPLETED,2008-09,2012-09,303.0,bevacizumab [Avastin]; bevacizumab [Avastin]; Carboplatin-based chemotherapy
NCT03265080,A Study of ADXS-NEO Expressing Personalized Tumor Antigens,"Advaxis, Inc.",PHASE1,TERMINATED,2018-03-28,2020-11-12,13.0,ADXS-NEO; Pembrolizumab
NCT00431080,Randomized Phase III Trial Comparing Sequential Administration of FE75C Followed by Docetaxel Versus Paclitaxel as Adjuvant Chemotherapy in Axillary Lymph Node (+) Breast Cancer,Hellenic Oncology Research Group,PHASE3,COMPLETED,2004-08,2007-10,478.0,Docetaxel; Paclitaxel; Epirubicin; Cyclophosphamide; 5-fluoruracil; Granulocyte-colony stimulating growth factor
NCT01492179,Intravenous or Intra-abdominal Local Anesthetics for Postoperative Pain Management.,"Örebro University, Sweden",PHASE4,COMPLETED,2011-11,2013-06,60.0,Normal saline; Intravenous Lidocaine; Intra-abdominal Lidocaine
NCT07425379,Prehabilitation in Breast Cancer Surgery,Bakirkoy Dr. Sadi Konuk Research and Training Hospital,NA,NOT_YET_RECRUITING,2026-03-01,2028-12-01,54.0,Home-Based Prehabilitation Exercise Program; Usual Care
NCT00994279,"Yoga or Educational Wellness Class for Women With Stage I, Stage II, or Stage III Breast Cancer Undergoing Chemotherapy",Wake Forest University Health Sciences,NA,COMPLETED,2010-01,2011-10-14,40.0,Yoga; Education
NCT07375446,Traditional Chinese Medicine Hand-Foot Soak for Chemotherapy-Induced Peripheral Neuropathy and Hand-Foot Syndrome,Peking University Third Hospital,N/A,NOT_YET_RECRUITING,2026-02-01,2029-01-31,300.0,Traditional Chinese Medicine
NCT07102446,Evaluation of an Opioid Stewardship Program in Non-Cancer Patients,Korea University Guro Hospital,NA,RECRUITING,2025-06-27,2026-06,70.0,Opioid Stewardship Program
NCT05448846,Exercise Program for Colorectal Older Patients,Hospital General Universitario Gregorio Marañon,NA,ACTIVE_NOT_RECRUITING,2022-04-08,2026-06-30,252.0,Enhanced Recovery After Surgery; Home-based multicomponent exercise program (EXE)
NCT04416646,Cabozantinib in the Elderly With Metastatic Renal Cell Carcinoma,Istituto Oncologico Veneto IRCCS,N/A,COMPLETED,2019-02-27,2023-12-31,100.0,Cabozantinib
NCT05881746,Anatomical Resection VS. Nonanatomical Resection for Colorectal Liver Metastases With Gene Mutation or Right-sidedness,Fudan University,NA,NOT_YET_RECRUITING,2023-07-01,2028-07-01,176.0,anatomical liver resection; nonanatomical liver resection
NCT04675346,Exploring Unmet Needs and Attitudes to Skin Self-examination in Melanoma Survivors,Oxford University Hospitals NHS Trust,N/A,COMPLETED,2020-11-18,2022-09-30,252.0,Questionnaire
NCT05106946,Safety and Clinical Activity of ThisCART22 in Patients With r/r Non-Hodgkin's B Cell Lymphoma,"Fundamenta Therapeutics, Ltd.",PHASE1,UNKNOWN,2021-10-25,2024-10-25,20.0,ThisCART22 cells
NCT06192446,Factors Influencing Adherence to Adjuvant Endocrine Therapy,University of Zagreb,N/A,UNKNOWN,2021-09-20,2024-09-20,1000.0,Survey using a questionnaire.
NCT01548846,Impact of Tomotherapy on Xerostomia and Quality of Life of Patients With Cancer of the Upper Aero-digestive Tract,Centre Francois Baclesse,PHASE2,TERMINATED,2012-05,2014-12,11.0,Tomotherapy
NCT00003346,Combination Chemotherapy in Treating Patients With Stage III or Stage IV Melanoma,Memorial Sloan Kettering Cancer Center,PHASE2,COMPLETED,1997-11,2003-02,80.0,acetaminophen; acetylcysteine; carmustine
NCT07310888,Robotic Gastrectomy With 5th Arm,Chinese University of Hong Kong,NA,RECRUITING,2025-12-31,2028-01-31,10.0,Robotic gastrectomy performed with Cornerstone Robotics Sentire Surgical System C1000 Ultra (With Patient Side Single Arm)
NCT05623488,CAR T Cells in Mesothelin-Expressing Breast Cancer,University of Pennsylvania,PHASE1,TERMINATED,2023-02-06,2025-04-07,2.0,huCART-meso cells; Mesothelin Expression Testing
NCT06075888,Metagenomic Sequencing for the Identification of Pathogens in Febrile Neutropenic Patients,Poitiers University Hospital,NA,TERMINATED,2024-01-12,2026-06-15,184.0,"Metagenomic diagnosis (mNGS, DISQVER)"
NCT04397003,Personalized Neoantigen Vaccine in Combination With Durvalumab (MEDI4736) in Extensive Stage Small Cell Lung Cancer,Washington University School of Medicine,PHASE2,ACTIVE_NOT_RECRUITING,2022-03-30,2029-09-30,6.0,Neoantigen DNA vaccine; Durvalumab; TDS-IM v2.0 Device; Peripheral blood draws
NCT00630903,PUVA Versus PUVA + IFN Alpha 2a in Mycosis Fungoides,Madrilenian Group of Cutaneous Lymphomas,PHASE4,TERMINATED,2000-01,,54.0,PUVA (8MOP + UVA) + IFN; PUVA (8-MOP + UVA)
NCT02889003,Second STOP After Pioglitazone Priming in CML Patients,Versailles Hospital,PHASE2,RECRUITING,2016-12,2028-12,26.0,Pioglitazone + TKI
NCT04592003,French Colorectal ESD Cohort in Experts Centers,"University Hospital, Limoges",N/A,RECRUITING,2020-01-01,2026-01-01,1200.0,Endoscopic submucosal dissection
NCT05999227,68Ga-FAPI-04 PET Imaging in Early Response Evaluation of Rectal Cancer Patients Treated With Immunotherapy,"Union Hospital, Tongji Medical College, Huazhong University of Science and Technology",NA,UNKNOWN,2023-06-20,2024-07-31,20.0,68Ga-FAPI-04; 18F-FDG
NCT00268242,Gemcitabine and Mitoxantrone in Treating Patients With Relapsed Acute Myeloid Leukemia,The Cleveland Clinic,PHASE2,TERMINATED,2006-01,2011-07,24.0,Gemcitabine Hydrochloride; Mitoxantrone Hydrochloride
NCT07023042,Kinesio-Taping vs. Usual Care for Malignant Bowel Obstruction With Ascites,National Taiwan University Hospital,NA,COMPLETED,2025-06-17,2026-03-23,38.0,Abdominal Kinesio taping; Standard Care Arm
NCT04626986,Comparison of Microwave Ablation With Breast Conserving Surgery for Breast Tumor,Chinese PLA General Hospital,NA,UNKNOWN,2020-09-18,2023-05-30,300.0,microwave ablation; breast conserving surgery
NCT01263886,Trial of Ombrabulin (AVE8062) in Combination With Taxane and Platinum in Patients With Non-small Cell Lung Cancer,Sanofi,PHASE2,COMPLETED,2011-02,2012-10,176.0,ombrabulin (AVE8062); placebo
NCT00836186,Cytokine Expression During Radiation for Breast Cancer,Sidney Kimmel Comprehensive Cancer Center at Johns Hopkins,NA,COMPLETED,2009-11-13,2019-11-01,82.0,Radiation therapy
NCT01184586,Dupuytren's Disease and Extracorporeal Shockwave Therapy (DupuyShock-2010),Hannover Medical School,PHASE2,UNKNOWN,2011-11,2012-12,60.0,Intervention - ESWT Storz Duolith high energy; CONTROL SHAM-ESWT Storz Duolith [0.01mJ/mm2]
NCT06155370,Construction of Gynecological Tumor Organoids,Peking Union Medical College Hospital,N/A,UNKNOWN,2023-12-01,2024-12-01,200.0,construction of organoids from gynecological tumor
NCT01471470,"Efficacy of Docetaxel, Capecitabine, Cisplatin, and Bevacizumab in Patients With Unresectable Advanced Gastric Cancer",Asan Medical Center,PHASE2,COMPLETED,2010-07,2018-07,31.0,"Docetaxel, Capecitabine, Cisplatin, Bevacizumab"
NCT00266370,A Pathology Reference Laboratory for the Study of Infectious Diseases and Malignant Lymphoma,"National Health Research Institutes, Taiwan",N/A,UNKNOWN,2005-01,2009-12,100.0,
NCT02488070,68Ga-PSMA PET/CT or PET/MRI in Evaluating Patients With Recurrent Prostate Cancer,Stanford University,PHASE1,COMPLETED,2015-06,2016-08,10.0,Computed Tomography; Gallium Ga 68-labeled PSMA Ligand Glu-urea-Lys(Ahx); Magnetic Resonance Imaging; Positron Emission Tomography
NCT04919369,All-Trans Retinoic Acid (ATRA) and Atezolizumab for the Treatment of Recurrent or Metastatic Non-Small Cell Lung Cancer,Dwight Owen,PHASE1,COMPLETED,2021-10-18,2026-07-03,18.0,Atezolizumab; Tretinoin
NCT01189669,n-3 Polyunsaturated Fatty Acids (PUFA) Supplementation in Young Women With Polycystic Ovary Syndrome (PCOS),The Adelaide and Meath Hospital,NA,COMPLETED,2007-09,2008-07,25.0,LC n-3 PUFA (fish oil) Supplement; Placebo (olive oil) supplement
NCT07484269,PULSE Registry: for Patients Receiving Lutetium (177Lu) Vipivotide Tetraxetan,Novartis Pharmaceuticals,N/A,NOT_YET_RECRUITING,2026-08-01,2031-07-31,753.0,
NCT00765869,Randomised Controlled Trial of a Literacy Sensitive Decision Aid for Bowel Cancer Screening,University of Sydney,NA,UNKNOWN,2008-07,2009-02,555.0,Bowel cancer screening decision aid; Bowel cancer screening decision aid; Australian Government Bowel Cancer Screening booklet
NCT00683969,A Study to Assess the Effect of CellCept (Mycophenolate Mofetil) and Reduced Corticosteroids in Controlling Symptoms of Myasthenia Gravis,Hoffmann-La Roche,PHASE3,COMPLETED,2004-08,2007-05,136.0,mycophenolate mofetil (CellCept); placebo
NCT00885183,Adjuvant Acupuncture Care for Breast Cancer Patients Experiencing Side Effects From Chemotherapy,University Hospital of North Norway,NA,TERMINATED,2009-04,2014-06,10.0,Acupuncture therapy
NCT06958783,Chemotherapy-induced Lipid Profile Changes in Women With Early Breast Cancer,Cancer center Stefan Kukura Hospital Michalovce,N/A,COMPLETED,2023-03-05,2025-02-28,56.0,Blood lipid monitoring in breast cancer patients during chemotherapy
NCT06884683,Nivolumab Plus Metformin in Metastatic Renal Cell Carcinoma,Fondazione Policlinico Universitario Agostino Gemelli IRCCS,PHASE2,TERMINATED,2020-09-17,2023-09-13,12.0,Metformin
NCT01005654,Prospective Comprehensive Molecular Analysis of Endocrine Neoplasms,National Cancer Institute (NCI),N/A,RECRUITING,2009-10-07,,2415.0,
NCT03213041,Pembrolizumab and Carboplatin in Treating Patients With Circulating Tumor Cells Positive Metastatic Breast Cancer,Northwestern University,PHASE2,COMPLETED,2017-09-14,2022-03-30,12.0,Carboplatin; Laboratory Biomarker Analysis; Pembrolizumab
NCT05654454,"A Safety and Efficacy Study of Bevacizumab, Paclitaxel, Carboplatin Compared to Avastin® in Non-Small Cell Lung Cancer","Mabscale, LLC",PHASE3,RECRUITING,2023-05-31,2027-03,620.0,Bevacizumab; Paclitaxel; Carboplatin
NCT06659705,Cutting Edge Imaging With PET-FAPI for Earlier Pancreatic Cancer Diagnosis (INDIGO-FAPI),Institut Curie,PHASE2,RECRUITING,2025-12-02,2030-08-08,35.0,68Ga-FAPI-46 for PET / CT scan
NCT03615105,Donor Stem Cell Transplantation Using α/β+ T-lymphocyte Depleted Grafts From HLA Mismatched Donors,Memorial Sloan Kettering Cancer Center,PHASE2,TERMINATED,2018-07-25,2024-03-06,9.0,Hyperfractionated total body irradiation; Thiotepa; Cyclophosphamide; Busulfan; Fludarabine; Melphalan; Clofarabine; HPC(A) stem cell allograft; Rituximab; Rabbit antithymocyte globulin
NCT06590194,PH009-1 in Patients With EGFR Mutation Locally Advanced or Metastatic Non-small Cell Lung Cancer (NSCLC),"Suzhou Puhe Pharmaceutical Technology Co., LTD",PHASE1,UNKNOWN,2024-09-10,2026-08-31,96.0,PH009-1 tablet
NCT03397394,Rucaparib in Patients With Locally Advanced or Metastatic Urothelial Carcinoma,pharmaand GmbH,PHASE2,TERMINATED,2018-06-01,2020-01-15,97.0,Rucaparib
NCT01437566,Study of GDC-0941 or GDC-0980 With Fulvestrant Versus Fulvestrant in Advanced or Metastatic Breast Cancer in Participants Resistant to Aromatase Inhibitor Therapy,"Genentech, Inc.",PHASE2,COMPLETED,2011-10,2016-04,318.0,Fulvestrant; GDC-0941; GDC-0941 Matching Placebo; GDC-0980; GDC-0980 Matching Placebo
NCT05003856,Radiofrequency Ablation for the Treatment of Benign or Low Risk Thyroid Nodule,M.D. Anderson Cancer Center,NA,TERMINATED,2022-08-29,2025-03-27,1.0,Quality-of-Life Assessment; Radiofrequency Ablation
NCT06119256,Clinical Study of EBV-TCR-T Cells for EBV Infection After Allogenic HSCT,Chinese PLA General Hospital,PHASE1,RECRUITING,2023-08-01,2028-12-31,12.0,EBV-TCR-T cells
NCT07564622,Gait in Young Children With NF1,NYU Langone Health,N/A,NOT_YET_RECRUITING,2026-08,2031-01-31,56.0,
NCT00651222,Influence of Hormone Therapy on Heart Attack Incidence in Men Undergoing Prostate Brachytherapy,Prostate Cancer Foundation of Chicago,N/A,COMPLETED,,,,No intervention was required
NCT06165822,A Study to Evaluate Drug-Drug Interaction of TQB3909 Tablets,"Chia Tai Tianqing Pharmaceutical Group Co., Ltd.",PHASE1,UNKNOWN,2023-12,2024-03,40.0,TQB3909 tablets; Itraconazole capsule; Rifampicin capsule
NCT06605222,A Trial of SHR-7787 Injection in Patients With Advanced Solid Tumors,"Shanghai Hengrui Pharmaceutical Co., Ltd.",PHASE1,RECRUITING,2024-10-04,2026-12,201.0,SHR-7787 injection
NCT02033551,A Study Evaluating Veliparib as a Single Agent or in Combination With Chemotherapy in Subjects With Solid Tumors,AbbVie,PHASE1,COMPLETED,2013-12,2016-09,47.0,Veliparib; Carboplatin; Paclitaxel; FOLFIRI
NCT02147951,"Expanded Access Protocol of Talimogene Laherparepvec for Subjects With Unresected, Stage lllB to IVM1c Melanoma",Amgen,N/A,NO_LONGER_AVAILABLE,,,,Talimogene Laherparepvec
NCT01564251,A Study of GDC-0575 Alone and in Combination With Gemcitabine in Participants With Refractory Solid Tumors or Lymphoma,"Genentech, Inc.",PHASE1,COMPLETED,2012-03-23,2018-01-11,104.0,GDC-0575; Gemcitabine
NCT00567229,Lenalidomide and Rituximab in Treating Patients With Recurrent and/or Refractory Multiple Myeloma,Memorial Sloan Kettering Cancer Center,PHASE2,TERMINATED,2007-11,2009-02,3.0,rituximab; lenalidomide; microarray analysis; flow cytometry; laboratory biomarker analysis
NCT02913729,Pre- Versus Postoperative Accelerated Partial Breast Irradiation,The Netherlands Cancer Institute,NA,TERMINATED,2016-11-10,2022-02-28,65.0,partial breast irradiation
NCT00277329,Study of XL999 in Patients With Non-small Cell Lung Cancer,"Symphony Evolution, Inc.",PHASE2,TERMINATED,2005-12,2008-07,9.0,XL999
NCT01414231,Comparison of the OSHO Protocol to a Standard Arm Protocol of the German AML Intergroup in Patients With AML<60a,University of Leipzig,PHASE3,UNKNOWN,2002-04,2014-07,850.0,Cytarabine
NCT00297297,Improved Preoperative Selection of Cold Thyroid Nodules,Herlev Hospital,N/A,UNKNOWN,2008-12,2011-03,100.0,No intervention. Applying gene profiling on needle aspirates
NCT04983810,"A Study to Investigate Fadraciclib (CYC065), in Subjects With Advanced Solid Tumors and Lymphoma","Cyclacel Pharmaceuticals, Inc.",PHASE1,UNKNOWN,2021-07-12,2025-06-30,330.0,Fadraciclib
NCT04001413,Therapy for High-Risk HPV 16-Positive Oropharynx Cancer Patients,Sidney Kimmel Comprehensive Cancer Center at Johns Hopkins,PHASE2,WITHDRAWN,2019-09-17,2021-03-25,0.0,MEDI0457; Durvalumab
NCT05697913,Efficacy of Response-adapted Treatment in Patients With Multiple Myeloma Candidates for Bone Marrow Transplantation,Hospital Galdakao-Usansolo,NA,UNKNOWN,2014-07-01,2024-06-30,66.0,Continued treatment adapted to the response
NCT05244213,Neoadjuvant Immunotherapy in EGFR-mutant Localized NSCLC,Guangdong Provincial People's Hospital,PHASE2,UNKNOWN,2022-06-04,2025-12-01,35.0,Sintilimab; Carboplatin; Nab paclitaxel
NCT01049620,RAD001 in Combination With Capecitabine and Oxaliplatin (XELOX) in Patients With Advanced Gastric Cancer: RAD001+XELOX,Asan Medical Center,PHASE1,COMPLETED,2010-02,2013-09,40.0,"RAD001, Capecitabine, Oxaliplatin"
NCT07231120,"A Phase I Clinical Study Evaluating the Safety, Tolerability, Pharmacokinetic Characteristics, and Preliminary Efficacy of SXRN Injection in Patients With Cancer Cachexia","Jiangsu Nutai Biologics Co., Ltd",PHASE1,RECRUITING,2025-11-17,2026-12-30,54.0,SXRN Injection
NCT01957020,Stereotactic Directional Vacuum-Assisted Breast Biopsy,National Taiwan University Hospital,N/A,COMPLETED,2008-06,2009-01,130.0,
NCT05032820,Upfront Chimeric Antigen Receptor T-Cell to Upgrade Response in Multiple Myeloma,Medical College of Wisconsin,PHASE2,COMPLETED,2022-01-05,2025-02-20,40.0,Lenalidomide; bb2121; Cyclophosphamide; Fludarabine; leukapheresis
NCT04174820,"Child's Study of the Impact of PF Lesion on Motor Skills, Language, Cognitive Functioning and Social Cognition","University Hospital, Angers",N/A,UNKNOWN,2020-11-12,2022-11-01,145.0,Functional Magnetic Resonance Imaging (fMRI)
NCT00030082,Hepatic Arterial Infusion With Melphalan in Treating Patients With Unresectable Liver Cancer,National Cancer Institute (NCI),PHASE1,COMPLETED,2001-07,,,isolated perfusion; melphalan
NCT05202782,Zanubrutinib and CAR T-cell Therapy for the Treatment of Recurrent or Refractory Aggressive B-cell Non-Hodgkin's Lymphoma or Transformed Indolent B-cell Lymphoma,Northwestern University,PHASE2,ACTIVE_NOT_RECRUITING,2022-03-21,2029-10-09,24.0,Chimeric Antigen Receptor T-Cell Therapy; Quality-of-Life Assessment; Questionnaire Administration; Zanubrutinib
NCT06282224,Application of Augmented Reality Neuronavigation in Transnasal Endoscopic Skull Base Surgery,The First Affiliated Hospital of Xiamen University,NA,RECRUITING,2024-01-22,2026-01-11,10.0,Performing endoscopic transnasal skull base surgery with AR-integrated endoscope
NCT04559724,Gait Training Through a Novel Over-ground Wearable Robotic System in People with Pyramidal Hemisyndromes,IRCCS San Raffaele Roma,NA,UNKNOWN,2020-09-01,2025-12-30,30.0,Indego Therapy
NCT03762759,Fluciclovine F18 or Ga68-PSMA PET/CT to Enhance Prostate Cancer Outcomes,Emory University,PHASE2,ACTIVE_NOT_RECRUITING,2019-05-10,2030-05-19,140.0,Computed Tomography; Fluciclovine F18; Gallium Ga68-labeled PSMA-11; Positron Emission Tomography
NCT00433459,Combination Chemotherapy in Treating Young Patients With Hodgkin's Lymphoma,Christine Mauz-Körholz,PHASE3,COMPLETED,2007-01,2013-01,2134.0,cyclophosphamide; dacarbazine; prednisolone; prednisone; procarbazine hydrochloride; vincristine sulfate; fludeoxyglucose F 18; radiation therapy
NCT07365280,Neoantigen-Pulsed Autologous Dendritic Cell Vaccine Combined With Temozolomide for Newly Diagnosed Glioblastoma,ZSky Biotech Inc,PHASE2,NOT_YET_RECRUITING,2026-01-09,2028-12-24,78.0,Personalized Dendritic Cell Vaccine ZSNeo-DC1.1; Temozolomide (TMZ)
NCT00475280,"""Geriatric Assessment Adapted"" Therapy for Ph- ALL Elderly Patients",Gruppo Italiano Malattie EMatologiche dell'Adulto,PHASE2,COMPLETED,2007-11,2020-01-28,102.0,Geriatric assessment adapted therapy; Stem cells autotransplantation
NCT02788279,A Study to Investigate Efficacy and Safety of Cobimetinib Plus Atezolizumab and Atezolizumab Monotherapy Versus Regorafenib in Participants With Metastatic Colorectal Adenocarcinoma (COTEZO IMblaze370),Hoffmann-La Roche,PHASE3,COMPLETED,2016-07-05,2018-12-26,363.0,"Atezolizumab (MPDL3280A), an Engineered Anti-PDL1 Antibody; Cobimetinib; Regorafenib"
NCT00075179,Natrecor in Pulmonary Hypertension,M.D. Anderson Cancer Center,PHASE4,TERMINATED,2003-12-31,2006-03-28,15.0,Nesiritide (Natrecor); Right Heart Catheterization
NCT07160296,Supporting Treatment Resilience With Optimized Nutrition and Guided Exercise in Head and Neck Cancer Patients Undergoing Chemoradiation,Renown Health,NA,RECRUITING,2025-09-15,2026-12-31,30.0,20-Week Lifestyle Program
NCT05247996,"TACE Combined With ""Target Immune"" Therapy for First-line Treatment in the Treatment of Intrahepatic Cholangiocarcinoma",The Central Hospital of Lishui City,NA,UNKNOWN,2022-03-01,2023-12-31,98.0,Transcatheter arterial chemoembolization; Multi-target Drug Therapy; Immunocheckpoint Inhibitor Therapy; Systemic Intravenous Chemotherapy
NCT00453362,A Study of Changes in FDG- and FLT-PET Imaging in Patients With Non-Small Cell Lung Cancer Following Treatment With Erlotinib,"Genentech, Inc.",PHASE1,COMPLETED,2006-12,2010-04-23,88.0,2-deoxy-2-[18F]fluoro-D-glucose (FDG); 3'-deoxy-3'-[18F]fluorothymidine (FLT); erlotinib HCl
NCT05080946,Using Aspirin to Improve Immunological Features of Ovarian Tumors,H. Lee Moffitt Cancer Center and Research Institute,EARLY_PHASE1,SUSPENDED,2021-11-02,2026-12,100.0,Aspirin 325mg; Placebo
NCT04949646,Intraoperative Neuromonitoring of Pelvic Autonomous Nerve Plexus During Total Mesorectal Excision,Larissa University Hospital,NA,RECRUITING,2021-09-19,2028-09-19,44.0,Pelvic Intraoperative Neuromonitoring
NCT00762346,Efficacy and Safety Study of ZOMETA® in Treatment of High-level NTX Non Small Cell Lung Cancer With Bone Metastasis,Sun Yat-sen University,PHASE4,COMPLETED,2008-09,2013-03,156.0,zometa
NCT00955188,Computer-Based Tailored or Standard Information for Colorectal Cancer Screening,University of Michigan Rogel Cancer Center,N/A,COMPLETED,2004-08,2008-05,345.0,computer-assisted intervention; educational intervention; medical chart review
NCT07541703,"Independent, External, Blinded Retrospective Validation of an AI-based Prognostic Assay in ER-Positive/HER2-Negative Early Breast Cancer",Spotlight Medical,N/A,ACTIVE_NOT_RECRUITING,2026-04-01,2028-03-31,2200.0,Locked AI-based prognostic assay
NCT00005842,Trastuzumab Plus R115777 in Treating Patients With Advanced or Metastatic Cancer,National Cancer Institute (NCI),PHASE1,COMPLETED,2000-06,,24.0,trastuzumab; tipifarnib
NCT06726070,Investigation of the Diagnostic Role of miRNAs in PCa and BPH,Alanya Alaaddin Keykubat University,N/A,COMPLETED,2020-06-01,2023-03-02,57.0,
NCT05964270,Telemonitoring Among Patients With Multiple Myeloma,Isala,NA,UNKNOWN,2021-03-01,2024-07-01,150.0,e-coach multipel myeloma (MM)
NCT07825870,Outcomes of Fluoroscopy-Guided Transdiscal Splanchnic Nerve Neurolysis for Upper Abdominal Cancer Pain.,Sahiwal medical college sahiwal,NA,NOT_YET_RECRUITING,2026-09-20,2027-04-20,40.0,Chemical Neurolysis
NCT05907070,Mandala Art and Value Clarification With Parents of Children With Cancer,Akdeniz University,NA,COMPLETED,2023-04-01,2024-06-15,75.0,Mandala group; Value clarification group
NCT02518373,Effect of G17DT in Patients With Stage II/III Colorectal Cancer,Cancer Advances Inc.,PHASE2,COMPLETED,2000-04,2001-02,22.0,G17DT; Omeprazole
NCT03896269,CPX-351 in Treating Patients With Relapsed or Refractory High Risk Myelodysplastic Syndrome or Chronic Myelomonocytic Leukemia,M.D. Anderson Cancer Center,PHASE1,RECRUITING,2019-05-14,2027-12-31,38.0,Liposome-encapsulated Daunorubicin-Cytarabine
NCT07110883,A Clinical Study of SYS6023 in Patients With Advanced Solid Tumors,"CSPC Megalith Biopharmaceutical Co.,Ltd.",PHASE1,RECRUITING,2024-08-15,2028-10-31,400.0,SYS6023
NCT01087983,Lapatinib With Sirolimus or Metformin,M.D. Anderson Cancer Center,PHASE1,COMPLETED,2010-03,2015-09,111.0,Lapatinib; Sirolimus; Metformin
NCT02573441,KEYS to Succeed: Cognitive and Academic Intervention Program for Children and Adolescents Surviving Cancer,The Hospital for Sick Children,NA,COMPLETED,2015-10,2018-05,28.0,Jump Math; Cogmed; Liaison Services
NCT05566041,"A Phase 3, Controlled, Open-label, Global Randomized Study of RRx-001 With a Platinum Doublet or a Platinum Doublet in Small Cell Lung Cancer","EpicentRx, Inc.",PHASE3,ACTIVE_NOT_RECRUITING,2022-08-01,2025-12-31,292.0,RRx-001 + eLOOP Device; Cisplatin/carboplatin plus etoposide
NCT05645341,Artificial Intelligence-assisted Screening of Malignant Pigmented Tumors on the Ocular Surface,Sun Yat-sen University,N/A,COMPLETED,2022-12-05,2023-06-05,535.0,screening system for ocular surface malignant tumors
NCT00063141,"Study of Irinotecan and Cetuximab Versus Irinotecan as Second-Line Treatment in Patients With Metastatic, EGFR-Positive Colorectal Cancer",Eli Lilly and Company,PHASE3,COMPLETED,2003-04,2007-10,1302.0,cetuximab; Irinotecan; Irinotecan
NCT04517305,Pyrotinib Plus Vinorelbine in HER2+ Metastatic Breast Cancer Patients,Fudan University,N/A,COMPLETED,2018-05-15,2021-05-15,97.0,
NCT04942756,"GLYPALCARE STUDY - Multicenter, Randomized Study for Evaluating Continuous Glucose Monitoring (CGM) by Using FreeStyle Libre 2 (FSL2) for Preventing Hyperglycemia/Hypoglycemia Crisis in Advanced Oncological Patients.",Antea Foundation,NA,UNKNOWN,2021-06-30,2022-06-30,118.0,Continuous Glucose Monitoring; Standard Care
NCT04414566,Induction Chemotherapy Plus Radiotherapy Alone in Patients With Locoregionally Advanced Nasopharyngeal Carcinoma,West China Hospital,PHASE3,UNKNOWN,2020-06-01,2025-05-30,562.0,"gemcitabine and cisplatin; docetaxel, cisplatin and fluorouracil; IMRT; IMRT and concurrent cisplatin"
NCT05805956,IMM2902 in Patients With Advanced Solid Tumors Expressing HER2,ImmuneOnco Biopharmaceuticals (Shanghai) Inc.,PHASE1,UNKNOWN,2022-02-15,2024-10,105.0,IMM2902
NCT01915056,A Geriatric Assessment Intervention for Older Cancer Patients Receiving Chemotherapy,University of Rochester,NA,COMPLETED,2013-07,2016-01,80.0,GA-driven Intervention
NCT02197351,Narrow Band Imaging for Gastric Neoplasia,University of Southern California,NA,UNKNOWN,2014-07,2023-12,220.0,White light biopsy; Protocolled; Narrow Band Imaging Guided Biopsy
NCT04754529,Yoga Intervention for the Improvement of Cancer-Related Stress in Cancer Survivors,Roswell Park Cancer Institute,NA,COMPLETED,2021-11-11,2024-06-18,27.0,Quality-of-Life Assessment; Survey Administration; Yoga
NCT05801029,A Study to Investigate Safety and Efficacy of Osimertinib and Amivantamab in Participants With Non-small Cell Lung Cancer With Common Epidermal Growth Factor Receptor Mutations,AstraZeneca,PHASE2,ACTIVE_NOT_RECRUITING,2023-07-18,2027-10-01,60.0,Osimertinib; Amivantamab
NCT03572829,Aprepitant for Nause and Vomiting Induced by Chemoradiotherapy in HNSCC,Chinese Academy of Medical Sciences,PHASE2,COMPLETED,2018-03-01,2020-07-01,44.0,Aprepitant
NCT05098197,A Study of GC101 TIL in Advanced Hepatobiliary-Pancreatic Cancers (10hospital),Shanghai Juncell Therapeutics,EARLY_PHASE1,RECRUITING,2021-09-26,2026-09-25,50.0,Tumor Infiltrating Lymphocyte
NCT04687410,Novel Crown-cut Biopsy Needle (FNB) vs Standard Aspiration Needle (FNA) for EUS-guided Diagnosis of SPLs,"Peter Vilmann MD, DSc, HC, FASGE",NA,UNKNOWN,2020-06-15,2021-06-01,68.0,"ProControl, MediGlobe; TopGain, Medi-Globe"
NCT02181413,A Study of Oral Ixazomib Citrate (MLN9708) Maintenance Therapy in Participants With Multiple Myeloma Following Autologous Stem Cell Transplant,Takeda,PHASE3,COMPLETED,2014-07-16,2023-09-08,656.0,Ixazomib Citrate; Placebo
NCT00641160,Safety Study of Oral Vinorelbine in Subjects With Non-Hematologic Malignancies,Metronome Therapeutics,PHASE1,UNKNOWN,2008-03,2008-11,12.0,vinorelbine tartrate; vinorelbine tartrate; vinorelbine tartrate
NCT04252560,The Impact of Gut Microbiota in Anastomoses Insufficiency After Resection and Direct Anastomosis for Colorectal Cancer.,Uppsala University Hospital,N/A,COMPLETED,2020-01-31,2024-01-31,45.0,"Colectomy, CRS+HIPEC"
NCT06760260,Evaluation of the Safety and Efficacy of Human CI-135 (FLT3) Targeted CAR-T Cells Injection for Subjects with Relapsed/Refractory Acute Myeloid Leukemia,"Hrain Biotechnology Co., Ltd.",EARLY_PHASE1,RECRUITING,2022-01-26,2026-12-31,7.0,Human Derived anti-CI135 CAR-T Injection
NCT00973882,Carboplatin-Etoposide Combination in Hormone-Resistant Prostate Cancers,Centre Leon Berard,PHASE2,COMPLETED,2005-04,2010-01,60.0,Carboplatin; Etoposide
NCT06704724,A Study to Learn About the Study Medicine PF-07985045 When Given Alone or With Other Anti-cancer Therapies in People With Advanced Solid Tumors That Have a Change in a Gene.,Pfizer,PHASE1,TERMINATED,2024-12-10,2026-05-12,30.0,PF-07985045; Gemcitabine; Nab-paclitaxel; Cetuximab; Fluorouracil; Oxaliplatin; Leucovorin; Bevacizumab; Pembrolizumab; Sasanlimab; pemetrexed; Cisplatin; Paclitaxel; Carboplatin; PF-07284892
NCT04102124,A Study of SHR3680 in Combination With SHR3162 in the Treatment of mCRPC,"Jiangsu HengRui Medicine Co., Ltd.",PHASE2,TERMINATED,2019-04-08,2021-08-31,20.0,SHR3680; SHR3162; SHR3680(Placebo); SHR3162(Placebo)
NCT06789224,Validation Study on the Removal of EpCAM-positive Tumour Cells From Blood Collected During Tumour Surgery Using Catumaxomab/Catuvab Device,Lindis Bloodcare GmbH,NA,COMPLETED,2022-02-15,2024-04-14,136.0,CATUVAB
NCT07552324,Study on the Treatment of Double/Triple-hit DLBCL With Chidamide and Lisaftoclax in Combination With Pola-R-CHP,Ruijin Hospital,PHASE2,NOT_YET_RECRUITING,2026-05-01,2028-05-30,28.0,CL-Pola-R-CHP
NCT06299124,"A Phase I Study of RGT-419B in Patients With HR-Positive, HER2-Negative Advanced Breast Cancer or Other Solid Tumors",Regor Pharmaceuticals Inc.,PHASE1,ACTIVE_NOT_RECRUITING,2023-04-17,2026-12-30,40.0,RGT-419B
NCT04215159,Trastuzumab Biosimilar (Samfenet®) Plus Treatment of Physician's Choice (TPC) in Patients With HER2-positive Solid Tumor,Jin-Hee Ahn,PHASE2,UNKNOWN,2019-12-30,2019-12-30,42.0,Trastuzumab biosimilar; Gemcitabine Hydrochloride; Irinotecan Hydrochloride
NCT06651359,Using a mHealth App to Improve Quality-of-Life Outcomes in Black Prostate Cancer Survivors,University of Oklahoma,NA,RECRUITING,2025-08-24,2030-11,248.0,Surveys for Quality of Life; Surveys and mHealth App access
NCT05685680,Outcome of Laparoscopic Total Mesorectal Excision Versus Open Technique in Management of Rectal Carcimoma,Sohag University,NA,UNKNOWN,2022-12-20,2023-12-20,50.0,total mesorectal excision in rectal carcinoma
NCT00164879,Endolaparoscopic Versus Immediate Surgery for Obstructing Colorectal Cancers,Chinese University of Hong Kong,PHASE3,UNKNOWN,2000-01,,70.0,Endoscopic stenting followed by elective laparoscopic resection
NCT00086879,Erlotinib Compared With Temozolomide or Carmustine in Treating Patients With Recurrent Glioblastoma Multiforme,European Organisation for Research and Treatment of Cancer - EORTC,PHASE2,COMPLETED,2004-05,2011-03,110.0,carmustine; erlotinib hydrochloride; temozolomide
NCT05839379,Targeted Pediatric High-Grade Glioma Therapy,Nationwide Children's Hospital,N/A,RECRUITING,2024-08-02,2034-08-28,350.0,
NCT05355779,Needs Assessment to Guide the Development of a Paediatric Survivorship Programme in Hong Kong,The Hong Kong Polytechnic University,N/A,COMPLETED,2022-08-01,2023-12-01,38.0,Not Application as this is a qualitative study
NCT02488096,Improving Prostate Cancer Detection Using MRI-Targeted TRUS-Guided Biopsy,Saskatchewan Health Authority - Regina Area,NA,COMPLETED,2015-12,2019-01,40.0,TRUS-Guided Biopsy; MRI + TRUS-Guided Biopsy
NCT00504296,SB939 in Treating Patients With Locally Advanced or Metastatic Solid Tumors,NCIC Clinical Trials Group,PHASE1,COMPLETED,2007-09-14,2011-06-21,39.0,HDAC inhibitor SB939; immunoenzyme technique; immunohistochemistry staining method; immunologic technique; laboratory biomarker analysis; liquid chromatography; mass spectrometry; pharmacological study
NCT00002796,Phase I-II Study of Fluorouracil in Combination With Phenylbutyrate in Advanced Colorectal Cancer,National Cancer Institute (NCI),PHASE1,TERMINATED,1997-05,,46.0,fluorouracil; sodium phenylbutyrate; indomethacin; recombinant interferon gamma
NCT00004062,Azacitidine to Restore Thyroid Function in Patients With Persistent or Metastatic Thyroid Cancer,Lucille P. Markey Cancer Center at University of Kentucky,PHASE1,COMPLETED,1999-07,2006-08,,azacitidine; liothyronine sodium; iodine I 131
NCT07159646,Athletic Intervention After THoracic surgEry for luNg cAncer: a Pilot Study,Fondazione IRCCS Policlinico San Matteo di Pavia,NA,NOT_YET_RECRUITING,2025-10,2027-09,10.0,exercise interventions
NCT03374488,Pembrolizumab + Epacadostat vs Pembrolizumab + Placebo in Recurrent or Progressive Metastatic Urothelial Carcinoma,Incyte Corporation,PHASE3,COMPLETED,2017-12-22,2020-07-23,84.0,Pembrolizumab; Epacadostat; Placebo
NCT03915288,MODERATE CONTINUOUS TRAINING VERSUS HIIT IN CANCER STADIUM II.,University Tolteca,NA,COMPLETED,2015-11,2019-02,1573.0,Group continuous training at moderate intensity; Group high Intensity Interval Training; Group control
NCT03832803,Less to Hold - A Comparison of Bladder Toxicities (Side Effects) in Patients Undergoing Prostate Radiotherapy Between Patients Treated With Empty Bladder and Those on a Drinking Protocol.,Lancashire Teaching Hospitals NHS Foundation Trust,NA,COMPLETED,2017-03-01,2019-01-25,50.0,Empty bladder; Full bladder
NCT04493827,Distribution and Prognostic Impact of Oncogenic Drivers in Metastatic Lung Adenocarcinoma : a Retrospective Monocentric Study in Nancy University Hospital Center,"Central Hospital, Nancy, France",N/A,COMPLETED,2011-01,2019-12,114.0,
NCT06237803,European Myeloma Network (EMN) Sample Project,European Myeloma Network B.V.,N/A,RECRUITING,2022-12-21,2037-12,6000.0,storage of biological samples
NCT00601003,Study of Nifurtimox to Treat Refractory or Relapsed Neuroblastoma or Medulloblastoma,Giselle Sholler,PHASE2,COMPLETED,2008-01-14,2022-10-28,112.0,Nifurtimox; Cyclophosphamide; Topotecan
NCT01013961,Rituximab and Alemtuzumab in Treating Older Patients With Progressive Chronic Lymphocytic Leukemia,ECOG-ACRIN Cancer Research Group,PHASE2,TERMINATED,2011-04-27,2015-04-14,31.0,alemtuzumab; rituximab
NCT00019461,"Carboxyamidotriazole in Treating Patients With Refractory or Recurrent Ovarian Epithelial, Fallopian Tube, or Primary Peritoneal Cancer",National Cancer Institute (NCI),PHASE2,COMPLETED,1998-04,2007-10,,carboxyamidotriazole; chemotherapy
NCT03727061,Porfimer Sodium Interstitial Photodynamic Therapy With or Without Standard of Care Chemotherapy in Treating Patients With Locally Advanced or Recurrent Head and Neck Cancer,Roswell Park Cancer Institute,PHASE1,TERMINATED,2019-07-10,2024-10-22,5.0,Nivolumab; Porfimer Sodium; Interstitial Illumination Photodynamic Therapy; Quality of Life Assessment
NCT01078961,An Expanded Cohort Trial of Bortezomib and Sorafenib in Advanced Malignant Melanoma,Massachusetts General Hospital,PHASE1,COMPLETED,2010-09,2016-06,11.0,bortezomib; sorafenib
NCT05137561,Robotic-arm Assisted 68 Ga PSMA PET/CT Guided Prostate Biopsy Versus MR Directed Cognitive Fusion TRUS Guided Prostate Biopsy (PROBIOP),"Post Graduate Institute of Medical Education and Research, Chandigarh",PHASE2,COMPLETED,2021-10-25,2024-06-30,217.0,PSMA PET guided prostate biopsy; MRI directed TRUS guided prostate biopsy
NCT06143761,Response to Neoadjuvant Chemoimmunotherapy in Resectable Locally Advanced Oral Cancer,Sun Yat-Sen Memorial Hospital of Sun Yat-Sen University,N/A,COMPLETED,2020-12-01,2022-06-30,206.0,PD-1 inhibitor+carboplatin+albumin-bound paclitaxel
NCT00755261,Phase II Study of Doxorubicin and Avastin® in Sarcoma.,Sidney Kimmel Comprehensive Cancer Center at Johns Hopkins,PHASE2,TERMINATED,2008-09,2010-11,4.0,Avastin; Doxorubicin
NCT04793061,Circulating Tumor DNA as Marker for Response to Antineoplastic Treatment of Metastatic Cancer (FLUIDO),Elisabethinen Hospital,N/A,UNKNOWN,2021-04-01,2022-11-30,200.0,blood sample collection
NCT04796142,Medication Reconciliation in Oncologic Patients,Istituto Romagnolo per lo Studio dei Tumori Dino Amadori IRST S.r.l. IRCCS,NA,COMPLETED,2019-06-12,2023-09-15,100.0,medication reconciliation
NCT07091942,Curative Therapy After Atezolizumab and Bevacizumab Treatment for Unresectable Hepatocellular Carcinoma,National Taiwan University Hospital,N/A,RECRUITING,2025-07-17,2026-06-30,1600.0,
NCT04013542,Ipilimumab and Nivolumab in Combination With Radiation Therapy in Treating Patients With Stage 2-3 Non-small Lung Cancer,M.D. Anderson Cancer Center,PHASE1,ACTIVE_NOT_RECRUITING,2019-09-13,2027-12-31,21.0,Ipilimumab; Nivolumab; Radiation Therapy
NCT02553642,Relationship Between Tumor Mutation Burden and Predicted Neo-antigen Burden in Patients With Advanced Melanoma or Bladder Cancer Treated With Nivolumab or Nivolumab Plus Ipilimumab (CA209-260),Memorial Sloan Kettering Cancer Center,PHASE2,COMPLETED,2015-09-14,2024-04-29,81.0,Nivolumab; Nivolumab plus Ipilimumab
NCT05401942,Real-time Tele-monitoring Versus Routine Monitoring of Breast Cancer Patients Receiving Adjuvant Systemic Therapy,Ain Shams University,NA,UNKNOWN,2022-06,2024-05,150.0,Tele-monitoring through mobile application
NCT04552886,Dendritic Cell Vaccination With Standard Postoperative Chemoradiation for the Treatment of Adult Glioblastoma,The Cooper Health System,PHASE1,COMPLETED,2021-10-11,2023-12-01,17.0,TH-1 Dendritic Cell Immunotherapy
NCT02700386,Shorter Course Radiation for the Treatment of Breast Cancer That Has Spread to Lymph Nodes,"University of Colorado, Denver",PHASE2,COMPLETED,2016-08-11,2024-06-13,108.0,Adjuvant Hypofractionated Radiation
NCT07738770,Analgesic Efficacy of Combined PECS II and PIP Block Versus Thoracic Paravertebral Block Post-Mastectomy,Dharmais National Cancer Center Hospital,NA,RECRUITING,2026-06-29,2026-12-31,72.0,Combined PECS II and Superficial PIP Block; Thoracic paravertebral block (TPVB)
NCT00724386,Concomitant Chemoradiotherapy With Weekly Paclitaxel and Vinorelbine and Granulocyte Colony Stimulating Factor (GCSF) Support in Patients With Advanced Breast Cancer,University of Chicago,PHASE1,COMPLETED,1999-06,2012-11,26.0,Paclitaxel; Vinorelbine; Filgrastim; Radiation
NCT04246970,Prehabilitation and Posttransplant Training Program in Liver Transplantation,"Maria dels Angels Cebria i Iranzo, PT, PhD",NA,ENROLLING_BY_INVITATION,2021-04-01,2026-06,60.0,Prehabilitation; Prehabilitation and posttransplant training program
NCT00053183,Surgery Followed by Radiation Therapy in Treating Patients With Newly Diagnosed Glioblastoma Multiforme,National Cancer Institute (NCI),PHASE1,COMPLETED,2003-10,,,conventional surgery; brachytherapy; radiation therapy
NCT02664883,Myeloid Derived Suppressor Cells Clinical Assay in Finding Kidney Cancer,University of Southern California,N/A,ACTIVE_NOT_RECRUITING,2015-09-08,2026-10-29,37.0,Computed Tomography; Cytology Specimen Collection Procedure; Laboratory Biomarker Analysis; Magnetic Resonance Imaging
NCT01317641,Safety and Pharmacokinetics Study of ODM-201 in Castrate Resistant Prostate Cancer,"Orion Corporation, Orion Pharma",PHASE1,COMPLETED,2011-03,2013-07,136.0,ODM-201
NCT05647941,Neo-adjuvant Chemotherapy Evluation in Gastric Cancer Patients Based on Circulating Exosomal LncRNA-GC1,Chinese PLA General Hospital,N/A,UNKNOWN,2018-01-01,2022-12-30,700.0,Detection of levels of circulating EV-derived lncRNA-GC1
NCT01992341,AMG 386 Drug-Drug Interaction Study With Paclitaxel,Amgen,PHASE1,COMPLETED,2012-07,2014-09,35.0,AMG 386; Paclitaxel
NCT00006454,"Paclitaxel Plus Carboplatin With or Without Topotecan in Treating Patients With Stage IIB, Stage III, or Stage IV Ovarian Epithelial Cancer",AGO Study Group,PHASE3,COMPLETED,1999-12,2006-08,,carboplatin; paclitaxel; topotecan hydrochloride
NCT05133505,Characterisation of TIM-3/Gal-9 Immune Checkpoints in Primary Central Nervous System Diffuse Large B Cell Lymphomas,"University Hospital, Montpellier",N/A,COMPLETED,2002-01-01,2021-11-01,65.0,
NCT05024305,"Safety, Tolerability, PK, PD, Immunogenicity and Efficacy of TWP-102 in Patients With Advanced Malignancies.","Shandong TheraWisdom Biopharma Co., Ltd.",PHASE1,UNKNOWN,2022-03-08,2023-06-30,81.0,TWP-102 injection
NCT01483794,"Epidemiology, Costs and Psychosocial Consequences of Genital Warts in Valparaiso, Chile",Universidad de Valparaiso,N/A,UNKNOWN,2011-11,2012-04,60.0,
NCT05394194,Dosimetric Comparison of Three Radiation Techniques for Hypofractionated Whole Breast Radiotherapy in Early Breast Cancer,Sohag University,N/A,UNKNOWN,2022-07-20,2025-08-01,30.0,
NCT00002556,Combination Chemotherapy With or Without High Dose Cyclophosphamide and Recombinant Interferon Alfa-2b in Treating Patients With Previously Untreated Stage I-III Multiple Myeloma,National Cancer Institute (NCI),PHASE3,COMPLETED,1994-07,,312.0,vincristine sulfate; carmustine; melphalan; cyclophosphamide; prednisone; recombinant interferon alfa-2b; laboratory biomarker analysis
NCT00503256,Genetic Study of Chronic Lymphocytic Leukemia Families,M.D. Anderson Cancer Center,N/A,UNKNOWN,2003-09,2019-09,4000.0,Questionnaire
NCT07477756,"A Real-world Study of Characteristics, Treatment Patterns, and Clinical Outcomes Among Lutetium-177 Vipivotide Tetraxetan Treated Patients",Novartis Pharmaceuticals,N/A,COMPLETED,2024-09-04,2025-03-14,1247.0,
NCT00706966,MRI and Magnetic Resonance Spectroscopy Imaging in Patients Receiving Dutasteride for Benign Prostatic Hypertrophy and Low-Risk Prostate Cancer,"University of California, San Francisco",NA,COMPLETED,2005-06,2011-08,10.0,dutasteride
NCT02181634,Phase II Trial of Nab-Paclitaxel and Gemcitabine for First-Line Treatment of Patients With Cholangiocarcinoma,"PrECOG, LLC.",PHASE2,COMPLETED,2014-12-09,2017-10-01,74.0,Nab-Paclitaxel and Gemcitabine
NCT02637934,"Phase I Pilot Study of Biodistribution, Metabolism and Excretion of Novel Radiotracer [18F]Fluorthanatrace (FTT) by PET/CT",Abramson Cancer Center at Penn Medicine,PHASE1,ACTIVE_NOT_RECRUITING,2016-01-14,2028-08,35.0,[18F]FluorThanatrace; PET/CT imaging sessions
NCT00086034,Study of Motexafin Gadolinium for the Treatment of Non-Hodgkin's Lymphoma,Pharmacyclics LLC.,PHASE2,COMPLETED,,,35.0,Motexafin gadolinium
NCT03584334,18FDG PET for Early Identification of Tumor Exhaust for Immunotherapy in Patients With Locally Advanced or Metastatic Non-Small Cell Bronchopulmonary Carcinoma or Melanoma,Centre Antoine Lacassagne,NA,COMPLETED,2019-04-04,2024-06-26,100.0,18FDG PET
NCT00582764,Quantitative Dynamic Contrast Enhanced Breast MRI,Memorial Sloan Kettering Cancer Center,N/A,COMPLETED,2005-09,2015-07,116.0,perform dynamic contrast enhanced (DCE) MRI
NCT03347864,68Ga-NOTA-RM26 PET/CT in Breast Tumor Patients,Peking Union Medical College Hospital,EARLY_PHASE1,UNKNOWN,2016-10,2018-10,30.0,68Ga-NOTA-RM26
NCT03128164,A Study of HMPL-689 in Patients With Lymphomas Failed of Standard of Care or no Standard of Care Existed,Hutchison Medipharma Limited,PHASE1,COMPLETED,2017-08-08,2023-08-02,200.0,HMPL-689
NCT00361309,SU011248 in Advanced Hepatocellular Carcinoma,Massachusetts General Hospital,PHASE2,COMPLETED,2006-04,2009-03,34.0,SU011248
NCT03686709,Y90 Radioembolization Dose Delivery and Radiation Exposure Assessment,University of Tennessee,NA,RECRUITING,2018-06-19,2019-12-31,20.0,Post therapy PET/CT Imaging
NCT00616109,Sunitinib Maintenance Therapy After Induction Platinum-Based Chemotherapy in Patients With ES-SCLC,University of Michigan Rogel Cancer Center,PHASE2,COMPLETED,2007-09,2011-01,16.0,sunitinib
NCT06195709,ECLECTIC: EstroTEP and Circulating Biomarkers for ER-positive HER2-negative Metastatic Breast Cancer Patients,Institut Curie,PHASE3,RECRUITING,2024-05-27,2030-09-27,300.0,Endocrine therapy; Endocrine therapy combined with the local treatment of FES-negative lesions; Chemotherapy
NCT05553899,Utility of PET-MRI in Surveillance of Paediatric Brain Tumours,Sheffield Children's NHS Foundation Trust,NA,RECRUITING,2024-02-28,2027-06,5.0,PET-MRI
NCT00678132,AZD2281 and Cisplatin Plus Gemcitabine to Treat Solid Tumor Cancers,National Cancer Institute (NCI),PHASE1,COMPLETED,2008-04-24,2010-11-23,23.0,AZD 2281; Cisplatin; Gemcitabine
NCT01729832,Stereotactic Image-Guided Navigation During Breast Reconstruction in Patients With Breast Cancer,Ohio State University Comprehensive Cancer Center,NA,WITHDRAWN,2011-01-10,2012-07,0.0,breast reconstruction; intraoperative imaging
NCT07188532,"Biologically-Adapted, Dose-Escalated Radiotherapy for the Treatment of Ewing Sarcoma, BEAR Trial",Mayo Clinic,NA,RECRUITING,2025-11-24,2029-12-31,141.0,Biospecimen Collection; Chemotherapy; Computed Tomography; Conventional Radiotherapy; Definitive Surgical Resection; Dose-escalated Radiation Therapy; Electronic Health Record Review; External Beam Radiation Therapy; Hypofractionated Radiation Therapy; Magnetic Resonance Imaging; Positron Emission Tomography; Questionnaire Administration; Radiation Therapy
NCT07599098,Effects of a Pilates Studio Program on Quality of Life and Functional Capacity of Women Undergoing Breast Cancer Treatment,Federal University of Maranhao,NA,NOT_YET_RECRUITING,2026-05-15,2026-11-16,50.0,Pilates Studio Program Group
NCT00940498,Study of PF-05212384 (Also Known as PKI-587)Administered Intravenously To Subjects With Solid Tumors,Pfizer,PHASE1,COMPLETED,2010-01,2012-10,78.0,PF-05212384 (also known as PKI-587)
NCT06110793,"A Study of Lenvatinib, Pembrolizumab, and Fulvestrant in People With Breast Cancer",Memorial Sloan Kettering Cancer Center,PHASE1,RECRUITING,2023-12-29,2027-11,56.0,Lenvatinib; Pembrolizuma; Fulvestrant
NCT01542021,Androgen Deprivation Therapy Prior to Prostatectomy for Patients With Intermediate and High Risk Prostate Cancer,Memorial Sloan Kettering Cancer Center,NA,COMPLETED,2012-02-24,2024-09-30,41.0,degarelix injection; degarelix injection; androgen deprivation therapy
NCT04688021,A Single-arm Trial of Prophylactic Tocilizumab for Acute GVHD Prevention After Haploidentical HSCT.,Yi Luo,PHASE2,UNKNOWN,2020-12-03,2024-12-31,46.0,Cytarabine; Busulfan; Cyclophosphamide; Me-CCNU; Rabbit antithymocyte globulin; Tocilizumab; Allogeneic HSCT; Cyclosporin A; Mycophenolate Mofetil; MTX
NCT01525914,Response of Patients on Surveillance for Prostate Cancer to Dutasteride,Sunnybrook Health Sciences Centre,N/A,COMPLETED,2010-05,2010-08,100.0,Dutasteride
NCT04965714,Nivolumab and ADI-PEG 20 Before Surgery for the Treatment of Resectable Liver Cancer,M.D. Anderson Cancer Center,PHASE2,WITHDRAWN,2022-04-13,2023-02-10,0.0,Nivolumab; Pegargiminase; Resection
NCT01024114,Study to Evaluate the Diagnostic Value of a Combined Molecular Breast Imaging/ Breast Tomosynthesis Modality,Mayo Clinic,N/A,WITHDRAWN,2009-07,,0.0,
NCT07017816,"A Phase 0/1 Study of cDNA for TP53, Checkpoint Inhibition and Radiation in Children With Recurrent, Progressive or Refractory CNS Malignancies.",Children's National Research Institute,EARLY_PHASE1,RECRUITING,2025-12-16,2028-05-01,18.0,SGT-53; hypofractionated radiotherapy with immunotherapy; Nivolumab
NCT00578916,Pharmacokinetics and Metabolism of Radiolabeled BMS-690514 in Healthy Male Subjects,Bristol-Myers Squibb,PHASE1,COMPLETED,2008-01,2008-01,17.0,EVRI (BMS-690514)
NCT02218606,Multicenter Trial of Abiraterone Acetate With or Without Cabazitaxel in Treatment of Metastatic Castration Resistant Prostate Cancer,Memorial Sloan Kettering Cancer Center,PHASE2,COMPLETED,2014-08,2023-10-13,81.0,Abiraterone acetate 1000 mg po daily; Cabazitaxel 25 mg/m2 IV; prednisone 5 mg po BID
NCT00085904,Dose-Escalating Study Of SB-485232 Administered Intravenously Every 28 Days To Adults With Solid Tumors Or Lymphomas,GlaxoSmithKline,PHASE1,COMPLETED,2004-04,,12.0,SB-485232
NCT04166604,LONsurf and G-CSF Use: Being On A Right Dose-intensity to Optimize Treatment Efficacy,GERCOR - Multidisciplinary Oncology Cooperative Group,PHASE2,ACTIVE_NOT_RECRUITING,2020-05-20,2025-11,176.0,Trifluridine/Tipiracil
NCT02962804,Combination Radiation and PD-1 Inhibition in Metastatic or Recurrent Renal Cell Carcinoma (RCC),University of Kansas Medical Center,PHASE2,WITHDRAWN,,,0.0,Nivolumab; Radiation
NCT04069884,RecurIndex Guided Avoidance of Regional Nodal Irradiation for Node Positive Breast Cancer,Sun Yat-Sen Memorial Hospital of Sun Yat-Sen University,NA,RECRUITING,2019-08-20,2030-12-31,540.0,regional nodal irradiation; WBI; chestwall XRT
NCT00034684,Study of Farnesyl Protein Transferase Inhibitor (FPTI) in Patients With Leukemia (Study P00701),Merck Sharp & Dohme LLC,PHASE1,COMPLETED,2001-07,2003-10,132.0,Farnesyl Protein Transferase Inhibitor
NCT05878184,Study Evaluating SC291 in Subjects With r/r B-cell Malignancies (ARDENT),Sana Biotechnology,PHASE1,ACTIVE_NOT_RECRUITING,2023-05-02,2038-11-04,16.0,SC291
NCT05183984,Niraparib With beVAcizumab After Complete cytoreductioN in Patients With ovArian Cancer,ARCAGY/ GINECO GROUP,PHASE2,RECRUITING,2022-02-01,2032-02-01,390.0,Chemotherapy; Bevacizumab-Awwb; Niraparib
NCT03992352,Composite Health Assessment Risk Model (CHARM) for Older Adults (BMT CTN 1704),Center for International Blood and Marrow Transplant Research,N/A,COMPLETED,2019-07-19,2023-05-30,1229.0,Age 60+ with planned HCT for Hematologic Malignancy
NCT01659047,"A Phase 2, Single-Arm, Open-Label Study Evaluating the Efficacy and Safety of Single Agent GS 1101 (CAL 101) as Therapy for Previously Treated Chronic Lymphocytic Leukemia",Gilead Sciences,PHASE2,WITHDRAWN,2012-08,2015-12,0.0,GS-1101
NCT05057247,Duvelisib Plus Docetaxel In Recurrent/Metastatic HNSCC,Glenn J. Hanna,PHASE2,COMPLETED,2021-10-14,2024-06-13,26.0,Duvelisib; Docetaxel
NCT04677049,Study of Niacin in Glioblastoma,AHS Cancer Control Alberta,PHASE1,ACTIVE_NOT_RECRUITING,2021-03-18,2027-12,59.0,Niacin CRT
NCT04427449,4SCAR-CD44v6 T Cell Therapy Targeting Cancer,Shenzhen Geno-Immune Medical Institute,PHASE1,TERMINATED,2026-06-01,2026-07-31,100.0,CD44v6-specific CAR gene-engineered T cells
NCT00089349,Alemtuzumab With or Without Methotrexate and Mercaptopurine in Treating Young Patients With Relapsed Acute Lymphoblastic Leukemia,National Cancer Institute (NCI),PHASE2,COMPLETED,2004-07,,25.0,alemtuzumab; methotrexate; mercaptopurine
NCT03504358,A New Prognostic Scoring System for Spontaneous Ruptured Hepatocellular,Huazhong University of Science and Technology,N/A,COMPLETED,2005-01-01,2017-12-31,129.0,Liver resection
NCT00336258,US-Doppler and Procoagulant Microparticles for the Diagnosis of Asymptomatic DVT in Advanced Cancer Patients With Poor Performance Status,Rambam Health Care Campus,N/A,COMPLETED,2006-06,2010-12,100.0,
NCT05338658,Study of PAT in Patients With Solid Tumor Cancers,"Masonic Cancer Center, University of Minnesota",PHASE1,RECRUITING,2023-05-19,2027-01,21.0,Peptide Alarm Therapy (PAT)
NCT00429858,Gemcitabine and S-1 for Locally Advanced Unresectable or Metastatic Pancreatic Cancer,Andrew Ko,PHASE2,TERMINATED,2007-01-22,2010-01-20,21.0,S-1; gemcitabine hydrochloride
NCT04926948,Stereotactic Body Radiation Therapy With Immunotherapy for the Treatment of Mesothelioma,Mayo Clinic,PHASE1,COMPLETED,2021-07-12,2025-05-30,20.0,Immunotherapy; Quality-of-Life Assessment; Stereotactic Body Radiation Therapy
NCT01098955,Smoking Cessation Treatment for Head & Neck Cancer Patients,M.D. Anderson Cancer Center,EARLY_PHASE1,ACTIVE_NOT_RECRUITING,2010-03-24,2027-09-30,51.0,Acceptance and Commitment Therapy; Motivational and Behavioral Counseling; Varenicline
NCT03802955,Study of ADG106 With Advanced or Metastatic Solid Tumors and/or Non-Hodgkin Lymphoma,Adagene (Suzhou) Limited,PHASE1,COMPLETED,2018-12-20,2021-11-01,62.0,ADG106
NCT03106155,Vistusertib (AZD2014) Monotherapy in Relapsed Small Cell Lung Cancer Patients Harboring RICTOR Amplification,Samsung Medical Center,PHASE2,TERMINATED,2017-08-02,2018-06-29,4.0,vistusertib (AZD2014)
NCT03630926,"Evaluation of the NV-VPAC1 Prostate Cancer (PCa) Urine Diagnostic Test in Subjects With Biopsy-confirmed Prostate Cancer, Benign Prostatic Hypertrophy, or Bladder/Kidney Stones.","Intermountain Health Care, Inc.",N/A,UNKNOWN,2018-10-16,2019-12,45.0,NV-VPAC1 PCa Urine Diagnostic Test
NCT05596578,Role of Intrapulmonary Lymph Nodes in Patients With NSCLC and Visceral Pleural Invasion,Luzerner Kantonsspital,N/A,RECRUITING,2023-01-01,2029-12-31,958.0,
NCT07546578,Setting Up ctDNA Analysis on Archived Plasma Samples,Fondazione Policlinico Universitario Agostino Gemelli IRCCS,N/A,RECRUITING,2026-06-08,2027-02-15,50.0,ctDNA
NCT00284778,Pharmaco-economic Study of a Second Line Treatment in Advanced Non Small Cell Lung Cancer,"University Hospital, Limoges",PHASE3,COMPLETED,2006-02,2009-12,150.0,Alimta®; Taxotere®
NCT07798778,Clinical Evaluation of SRT-017 in Patients With PSMA-Positive Metastatic Castration-Resistant Prostate Cancer,Affiliated Hospital of Jiangnan University,EARLY_PHASE1,RECRUITING,2026-07-30,2028-12-31,18.0,SRT-017
NCT02100085,Safety and Efficacy of GX-188E DNA Therapeutic Vaccine Administered by Electroporation After Observation,"Genexine, Inc.",N/A,UNKNOWN,2014-02,2018-01,9.0,GX-188E
NCT01777243,A Study to Evaluate the Safety of GSK2398852 When Co-administered With GSK2315698 in Patients With Systemic Amyloidosis,GlaxoSmithKline,PHASE1,COMPLETED,2013-05-13,2015-12-22,25.0,GSK2398852; GSK2315698
NCT07227415,Symbiotic-GU-08: A Study to Learn About the Medicine Called PF-08634404 Dosed Alone and in Combination With Other Anticancer Therapies in Adults With Locally Advanced or Metastatic Renal Cell Cancer,Pfizer,PHASE1,RECRUITING,2026-02-10,2028-11-01,224.0,PF-08634404; Ipilimumab; Axitinib; Casdatifan
NCT04484415,Efficacy and Safety of Cevira® in Patients With Cervical Histologic High-grade Squamous Intraepithelial Lesions (HSIL),"Asieris MediTech (Hong Kong) Co., Ltd.",PHASE3,UNKNOWN,2020-11-10,2023-12,402.0,Cevira®; Placebo
NCT03912415,Efficacy and Safety of BCD-100 (Anti-PD-1) in Combination With Platinum-Based Chemotherapy With and Without Bevacizumab as First-Line Treatment of Subjects With Advanced Cervical Cancer (FERMATA),Biocad,PHASE3,UNKNOWN,2019-10-01,2024-12-01,316.0,BCD-100; Bevacizumab; Paclitaxel; Cisplatin (or Carboplatin); Placebo
NCT03421015,Genetic Analysis of Prostate Cancer to Identify Predictive Markers of Disease Relapse or Metastatic Evolution,"University Hospital, Lille",N/A,COMPLETED,2017-05-01,2020-07-31,84.0,
NCT06914635,Immunotherapy: Care and Prevention of Infectious and Tumoral Diseases (ImmunoHUB),Fondazione IRCCS Policlinico San Matteo di Pavia,N/A,RECRUITING,2023-05-30,2027-02,40.0,
NCT00815308,Erbitux Combined With Chemo-radiotherapy in Esophageal Squamous Cell Carcinoma,Shandong Cancer Hospital and Institute,PHASE2,COMPLETED,2009-01,2010-07,55.0,cetuximab (Erbitux); Paclitaxel; Cisplatin; Radiation
NCT05053425,Bcl-2 Inhibitors Combined With Azacytidine and Chemotherapy in Elderly Patients With Previously Untreated AML,LanZhou University,NA,UNKNOWN,2021-10-20,2023-03-18,30.0,Venetoclax; Azacitidine; Cladribine; Cytarabine; Idarubicin
NCT02028325,Yellow 560 Microscope for Intraoperative Visualization of Fluorescein Stained Intracranial Lesions,Indiana University,PHASE4,TERMINATED,2013-12,2016-10,136.0,Fluorescein Sodium
NCT00507325,Sample Collection From Melanoma Patients,M.D. Anderson Cancer Center,N/A,TERMINATED,2006-06-13,2022-08-01,131.0,Blood Sample; Tumor Sample
NCT05054725,Combination Study of RMC-4630 and Sotorasib for NSCLC Subjects With KRASG12C Mutation After Failure of Prior Standard Therapies,"Revolution Medicines, Inc.",PHASE2,COMPLETED,2021-12-30,2024-08-29,47.0,RMC-4630; Sotorasib
NCT06946017,Effect of a Fermented Dairy Protein With Prebiotic Fiber on GI Complaints,Arizona State University,NA,RECRUITING,2025-03-31,2027-06-30,114.0,Fermented dairy protein with prebiotic fiber supplement; Control placebo
NCT00804817,Somatic-psychosocial Care Concept for Oncologic Patients Undergoing Hematopoietic Stem Cell Transplantation (HSCT),Martin-Luther-Universität Halle-Wittenberg,NA,COMPLETED,2007-12,2010-08,84.0,Control Group; SCION-HSCT program
NCT05177640,Biodistribution and Dosimetry of 99mTc-Duramycin,"University Hospital, Antwerp",PHASE1,COMPLETED,2021-06-17,2021-12-14,6.0,99mTc-Duramycin
NCT07589517,Dual-Targeting CAR-NK Cells in Biomarker-Selected Advanced Colorectal Cancer,Beijing Biotech,PHASE1,RECRUITING,2026-02-02,2028-03-17,48.0,EB-DUO-CAR-NK-CEA/GCC; Lymphodepletion
NCT02961140,Different Anesthetic Managements of Esophageal Resection and Reconstruction,National Taiwan University Hospital,NA,UNKNOWN,2016-11,2019-11,60.0,Cardiac Output Maximization; Cardiac Output Normalization
NCT05661240,Phase Ⅱ/Ⅲ Clinical Study of Tumor Treating Fields （EFE-P100）Combined With Docetaxel in the Treatment of Stage IV Non-small Cell Lung Cancer Patients With Disease Progression After Platinum-based Chemotherapy and Anti-programmed Death 1（PD-1)/Programmed Cell Death-Ligand 1(PD-L1) Antibody Treatment,"Jiangsu Healthy Life Innovation Medical Technology Co., Ltd",PHASE2,UNKNOWN,2022-12-20,2025-07-31,348.0,Tumor treating fields（EFE-P100）; Docetaxel injection
NCT05489289,A Phase III Study of AK104 as Adjuvant Therapy in HCC With High Risk of Recurrence After Curative Resection,Akeso,PHASE3,RECRUITING,2023-01-05,2027-01-01,570.0,AK104; placebo
NCT02315989,Early-Phase Safety of Proton Therapy Equipment,Chang Gung Memorial Hospital,NA,COMPLETED,2014-08,2015-02,6.0,proton therapy
NCT03862768,Role of Surgery in Patients With Focally Progressive Gastrointestinal Stromal Tumors (GISTs) After Imatinib Treatment,Shanghai Zhongshan Hospital,NA,UNKNOWN,2019-07,2021-12,92.0,surgery; Imatinib 400 MG; Imatinib escalation; Sunitinib
NCT04888468,Phase I Study of pCAR-19B in the Treatment of CD19-positive Relapsed/Refractory B-ALL in Children and Adolescents,"Chongqing Precision Biotech Co., Ltd",PHASE1,COMPLETED,2019-11-05,2021-09-01,9.0,pCAR-19B cells
NCT06573268,Da-vinci sp Versus xi Thyroid Surgery,Inha University Hospital,N/A,COMPLETED,2022-12-01,2024-08-01,270.0,robot surgery device
NCT07218068,Intensive Preventative Dental Program Pilot Study,Wake Forest University Health Sciences,EARLY_PHASE1,COMPLETED,2021-10-19,2024-07-10,13.0,Fluoride varnish; Regular Care; Medical Oncology Care Team
NCT02465268,Vaccine Therapy for the Treatment of Newly Diagnosed Glioblastoma Multiforme,University of Florida,PHASE2,COMPLETED,2016-08-09,2023-11-30,175.0,pp65-shLAMP DC with GM-CSF; unpulsed PBMC and saline; Td; Saline; pp65-flLAMP DC with GM-CSF
NCT02735850,Combination of SABR and L19-IL2 in Patients With Stage IV Lung Cancer (ImmunoSABR),Maastricht Radiation Oncology,PHASE2,WITHDRAWN,2015-12,2021-06,0.0,L19-IL2; SBRT; No intervention
NCT05927844,XH-30002 Capsule Combined With Afatinib Tablets for the Treatment of Squamous Cell Carcinoma,Fujian Cancer Hospital,PHASE1,UNKNOWN,2023-06,2025-06,20.0,XH-30002 capsule; Afatiinb tablet
NCT04893434,Novel Imaging Technique to Assess Gynecologic Cancer,Memorial Sloan Kettering Cancer Center,PHASE1,ACTIVE_NOT_RECRUITING,2021-05-13,2027-05,24.0,Gadobutrol; MRI
NCT03833934,"Study of Plasma NGS for Assessment, Characterization, Evaluation of Patients With ALK Resistance",Addario Lung Cancer Medical Institute,N/A,COMPLETED,2019-01-23,2023-10-31,62.0,
NCT03603964,Guadecitabine Extension Study,"Astex Pharmaceuticals, Inc.",PHASE2,TERMINATED,2018-07-18,2021-10-04,35.0,Guadecitabine
NCT07325864,Molecular Phenotyping of Primitive Lung Cancer and Metastatic Site,European Institute of Oncology,N/A,RECRUITING,2025-12-18,2027-12-31,25.0,
NCT06253364,VETC is an Effective Marker for Postoperative Adjuvant Immunotherapy,Chen Xiaoping,N/A,COMPLETED,2019-01-01,2024-01-31,462.0,PD-1 monoclonal antibody and lenvatinib
NCT04165564,DECAMP 1 PLUS: Prediction of Lung Cancer Using Noninvasive Biomarkers,Boston University,N/A,ACTIVE_NOT_RECRUITING,2020-08-24,2026-12,85.0,Institutional standard of care; Biosamples of airway and blood
NCT01290809,Prophylactic Cranial Irradiation (PCI) Cognitive Tests in Non-small Cell Lung Cancer (NSCLC) Patients,Maastricht Radiation Oncology,N/A,COMPLETED,2011-01,2015-10,170.0,
NCT02464709,Daylight PDT for Actinic Keratoses: a Multicentre Study Comparing Two Photosensitizers (BF-200 ALA Versus MAL),Joint Authority for Päijät-Häme Social and Health Care,PHASE4,COMPLETED,2015-06,2017-10,72.0,Aminolevulinic Acid; Methyl 5-aminolevulinate
NCT01670799,"Availability & Effect of Post-OP Ketorolac on Ovarian, Fallopian Tube or Primary Peritoneal Cancer",New Mexico Cancer Research Alliance,EARLY_PHASE1,COMPLETED,2012-03,2015-12,29.0,Ketorolac
NCT01525199,Diagnosis and Treatment Strategies in Patients With NSCLC With or Without EGFR Mutations.,AstraZeneca,N/A,COMPLETED,2012-05,2013-11,450.0,
NCT00511498,Effect of Nightly Versus Prn Sildenafil on Early Return of Erectile Function Following Laparoscopic Radical Prostatectomy,Johns Hopkins University,NA,COMPLETED,2006-03,2008-10,100.0,Sildenafil
NCT03182998,Decision Aids to Improve Knowledge in Patients With Prostate Cancer,Mayo Clinic,NA,COMPLETED,2017-07-14,2022-02-04,103.0,Internet-Based Intervention; Internet-Based Intervention; Best Practice; Quality-of-Life Assessment; Questionnaire Administration; Survey Administration; Laboratory Biomarker Analysis
NCT05858593,Positive Youth Development in the Metaverse,University of Georgia,NA,COMPLETED,2023-09-16,2024-07-30,32.0,Virtual reality curriculum; No Virtual reality curriculum
NCT06537193,Abbreviated MRI Using Gadoxetic Acid Versus CT for Surveillance of Recurrent HCC After Curative Treatment,Asan Medical Center,NA,RECRUITING,2024-12-12,2028-12-31,455.0,AMRI; CT
NCT02602314,Sustained Treatment-free Remission in BCR-ABL+ Chronic Myeloid Leukemia,Gruppo Italiano Malattie EMatologiche dell'Adulto,PHASE4,UNKNOWN,2016-11-11,2024-02,450.0,Imatinib; Nilotinib
NCT06611306,BEAT-Breast: Trial of DE-iPTV in Patients With Primary Breast Cancer With Brain Metastases Who Are Not Suitable for Stereotactic Radiotherapy.,Imperial College London,NA,NOT_YET_RECRUITING,2025-01-06,2026-12,42.0,DE-iPTV
NCT07757906,Clinical Application of an AI-based Dissection Trajectory Prediction System (ADTPS) in Endoscopic Submucosal Dissection,Qilu Hospital of Shandong University,NA,NOT_YET_RECRUITING,2026-07-29,2027-10-01,160.0,AI-based Dissection Trajectory Prediction System (ADTPS); Conventional ESD Procedure
NCT07776704,Indirect Calorimetry-Guided Parenteral Nutrition Prescribing in Oncology Patients,Fox Chase Cancer Center,NA,RECRUITING,2025-08-21,2029-01,50.0,Indirect Calorimeter; Weight-Based Parenteral Nutrition Dosing
NCT05441384,It's Time to Address Fear of Cancer Recurrence in Family Caregivers: Online Version of the Fear Of Recurrence Therapy,University of Ottawa,NA,COMPLETED,2021-10-01,2024-03-01,20.0,Family Caregiver - Fear Of Recurrence Therapy (FC-FORT)
NCT00701584,The Role of Diet and Lifestyle in Breast Cancer Survival,University College London Hospitals,N/A,UNKNOWN,2005-01,2014-12,3390.0,
NCT07483684,"A Clinical Study to Evaluate Injection TQB2102 for the Treatment of Patients With HER2 IHC3+ Advanced Colorectal Cancer Who Progressed After Treatment With Oxaliplatin, Irinotecan and Fluoropyrimidine-Based Drugs","Chia Tai Tianqing Pharmaceutical Group Nanjing Shunxin Pharmaceutical Co., Ltd.",PHASE3,NOT_YET_RECRUITING,2026-03,2028-12,142.0,TQB2102 Injection; Trifluridine /Tipiracil (TAS-102) tablets / Fruquintinib / Regorafenib tablets
NCT06832384,Intensive Physiotherapy in Children Affected by Posterior Fossa Tumors,IRCCS Eugenio Medea,N/A,RECRUITING,2023-01-19,2026-01-19,40.0,intensive physiotherapy
NCT02838433,Study of Anti-telomerase T CD4 Immunity in Melanoma,Centre Hospitalier Universitaire de Besancon,NA,UNKNOWN,2012-01,2018-07,200.0,biological samples
NCT01011933,Selumetinib in Treating Patients With Recurrent or Persistent Endometrial Cancer,National Cancer Institute (NCI),PHASE2,COMPLETED,2009-09,2016-01,54.0,Diagnostic Laboratory Biomarker Analysis; Selumetinib
NCT07578233,Multiparametric MRI for Bladder Cancer: Validation of VI-RADS for the Detection of Muscle Invasive Bladder Cancer,Ain Shams University,N/A,COMPLETED,2024-08-01,2025-03-01,60.0,Magnetic resonance imaging
NCT00928252,Chemotherapy Response Monitoring With 18F-choline PET/CT in Hormone Refractory Prostate Cancer,Queen's Medical Center,PHASE1,COMPLETED,2009-06,2016-06,25.0,IV fluorine-18 labeled methylcholine before PET/CT
NCT05827549,Evaluation of Treatment Efficacy According to Risk Group in Relapsed Childhood Acute Lymphoblastic Leukemia,Ho Joon Im,PHASE2,RECRUITING,2024-04-04,2032-12-31,90.0,Reinduction(4weeks); Cosolodation 1st(3weeks); Consolidation 2nd(3weeks); Blinatumomab 1st(High Risk Group)_4 Weeks; Blinatumomab 2nd (High Risk Group)_4 Weeks; Blinatumomab-Salvage 1st (Very High Risk Group)_4 Weeks; Blinatumomab-Salvage 2nd (Very High Risk Group)_4 Weeks; Intensification course; Maintenance(12 Weeks/Cycle); Stem Cell Transplantation
NCT03001349,68Ga-DOTA-TOC PET/CT in Imaging Participants With Neuroendocrine Tumors,M.D. Anderson Cancer Center,EARLY_PHASE1,TERMINATED,2017-05-16,2021-02-05,4.0,Computed Tomography; Gallium Ga 68-Edotreotide; Positron Emission Tomography
NCT06242249,Anti-BCMA CAR-NK Therapy in Relapsed or Refractory Multiple Myeloma,Shahid Beheshti University of Medical Sciences,PHASE1,UNKNOWN,2024-04-30,2026-06-30,10.0,Anti-BCMA CAR-NK
NCT04788849,Extended VALidation of HUman Papillomavirus Assays and Collection DEvices for HPV Testing on Self-samples,University of Milano Bicocca,N/A,COMPLETED,2021-03-08,2021-07-31,300.0,BD Onclarity™ HPV assay
NCT07215949,Zilucoplan for Severe gMG Exacerbations,Miriam Freimer,PHASE3,RECRUITING,2026-01-20,2028-04-01,15.0,Zilucoplan®
NCT06156358,Indicators of Anastomotic Leak After Colorectal Surgery,King Abdulaziz University,N/A,COMPLETED,2015-01-01,2023-07-03,441.0,No intervention
NCT03418558,Study of Trastuzumab-emtansine in Patients With HER2-positive Metastatic Colorectal Cancer Progressing After Trastuzumab and Lapatinib.,Fondazione del Piemonte per l'Oncologia,PHASE2,UNKNOWN,2015-07-08,2019-06,13.0,Trastuzumab emtansine
NCT00493155,A Multiple Ascending Dose Study of R1530 in Patients With Advanced Solid Tumors.,Hoffmann-La Roche,PHASE1,COMPLETED,2005-10,2009-02,48.0,RG1530
NCT07660055,Study of [177Lu]Lu-DWJ155 and [68Ga]Ga-DWJ155 in Patients With Solid Tumors,Novartis Pharmaceuticals,PHASE1,RECRUITING,2026-06-16,2032-05-24,156.0,[68Ga]Ga-DWJ155; [177Lu]Lu-DWJ155
NCT04300855,Clinical Trial of Green Tea Catechins in Men on Active Surveillance,H. Lee Moffitt Cancer Center and Research Institute,PHASE2,ACTIVE_NOT_RECRUITING,2020-08-21,2027-02-27,115.0,Sunphenon; Placebo
NCT01526655,Robot Assisted Laparoscopic Hysterectomy vs. Abdominal Hysterectomy in Endometrial Cancer,"University Hospital, Linkoeping",NA,COMPLETED,2012-01-25,2016-07-27,50.0,Abdominal total hysterectomy; Robot assisted laparoscopic hysterectomy
NCT00046826,"Docetaxel, Estramustine, and Thalidomide in Treating Patients With Prostate Cancer Previously Treated With Hormone Therapy",Nuvance Health,PHASE2,COMPLETED,2001-09,2009-10,,docetaxel; estramustine phosphate sodium; thalidomide
NCT03312426,An Investigational Study to Assess the Effect of a Light Meal and a High-Fat Meal on the Absorption of BMS-986205 in Healthy Participants,Bristol-Myers Squibb,PHASE1,COMPLETED,2017-10-09,2017-11-22,32.0,BMS-986205
NCT04212026,Irreversible Electroporation (IRE) Followed by Nivolumab in Patients With Metastatic Pancreatic Cancer.,"University Hospital, Basel, Switzerland",PHASE2,TERMINATED,2020-06-28,2023-07-12,8.0,Nivolumab
NCT05697926,Preclinical Research for Personalized TCR-T Therapy for Head and Neck Cancer,Eye & ENT Hospital of Fudan University,N/A,UNKNOWN,2023-03-01,2026-06-30,100.0,No intervention
NCT06275126,Optimizing Surgical Decisions in Young Adults With Breast Cancer,Weill Medical College of Cornell University,NA,RECRUITING,2024-03-13,2027-08-31,800.0,CONSYDER decision aid
NCT04579978,Tumor Immunotherapy and Microbiome Analysis,Sunnybrook Health Sciences Centre,N/A,UNKNOWN,2018-04-01,2024-12,60.0,
NCT01805778,Preventing Cardiac Sequelae in Pediatric Cancer Survivors,The Hospital for Sick Children,N/A,COMPLETED,2012-12,2018-09,1128.0,
NCT00410878,A Repeated Dose Study of the Metabolism and Action Evaluation of OROS Hydromorphone HCI (Slow Release) Tablets in Patients With Chronic Pain,"Alza Corporation, DE, USA",PHASE1,COMPLETED,,1999-08,22.0,OROS Hydromorphone HCI (slow release)
NCT01217385,Monitoring and Predicting Chemotherapy Response Using DOSI,American College of Radiology Imaging Network,NA,COMPLETED,2011-06,2014-10-06,60.0,DOSI
NCT07225985,Pralatrexate With Bendamustine and Total-Body Irradiation Followed by Donor Stem Cell Transplant for the Treatment of Relapsed or Refractory T-Cell Non-Hodgkin Lymphoma,Fred Hutchinson Cancer Center,PHASE1,RECRUITING,2026-04-27,2030-11-15,50.0,Bendamustine; Pralatrexate; Bone Marrow Aspiration; Bone Marrow Biopsy; Chest Radiography; Computed Tomography; Echocardiography Test; Lumbar Puncture; Magnetic Resonance Imaging; Multigated Acquisition Scan; Peripheral Blood Stem Cell Transplantation; Positron Emission Tomography; Questionnaire Administration; Total-Body Irradiation; Biospecimen Collection
NCT06034015,"A Study to Evaluate the Safety, Tolerability and Pharmacokinetics of Single and Multiple Ascending Doses of APL-1501 Extended Release (ER) Capsules Compared to APL-1202 Immediate Release (IR) Tablets in Healthy Volunteers","Jiangsu Yahong Meditech Co., Ltd aka Asieris",PHASE1,UNKNOWN,2023-09-09,2024-02-07,48.0,APL-1202 and APL-1501 (Single ascending dose); APL-1202 and APL-1501 (Multiple Ascending dose)
NCT02596243,Phase 2 Clinical Trial to Evaluate the Safety and Efficacy of Plasmid DNA Therapeutic Vaccine(GX-188E),"Genexine, Inc.",PHASE2,UNKNOWN,2015-08,2018-08,134.0,GX-188E; Placebo
NCT06245915,"AB-2100, an Integrated Circuit T Cell Therapy in Patients With Recurrent Clear-cell Renal Cell Carcinoma (ccRCC)","Arsenal Biosciences, Inc.",PHASE1,ACTIVE_NOT_RECRUITING,2024-02-26,2028-06-30,37.0,AB-2100
NCT05313815,Moderate Hypofractionated Boost to the Prostate With Pelvic RT in High Risk Prostate Cancer,"University Health Network, Toronto",NA,RECRUITING,2022-07-18,2030-04,100.0,Moderate hypofractionated boost to the prostate with pelvic RT (external beam radiotherapy)
NCT02278315,Dose Escalation Study of I-131-CLR1404 in Patients With Relapsed or Refractory Multiple Myeloma,"Cellectar Biosciences, Inc.",PHASE1,COMPLETED,2015-02,2022-08-10,31.0,I-131-CLR1404; dexamethasone; I-131-CLR1404
NCT01285635,A Study of AT-101 in Combination With Docetaxel in Squamous Cell Carcinoma Of The Head and Neck,University of Michigan Rogel Cancer Center,PHASE2,TERMINATED,2010-06,2015-09,35.0,AT-101; Docetaxel
NCT06440135,Ziftomenib Maintenance Post Allo-HCT,Massachusetts General Hospital,PHASE1,RECRUITING,2024-06-11,2027-09-01,22.0,Ziftomenib
NCT00990535,High Dose Somatostatin Analogues in Neuroendocrine Tumors,Federico II University,PHASE2,COMPLETED,2006-01,2008-12,28.0,Octreotide-LAR
NCT04091035,Prevalence and Risk Factors for Common Diseases,Anna Nordström,N/A,UNKNOWN,2019-11-01,2020-11-01,1000000.0,To describe the incidence of disease and evaluate risk factors
NCT07805135,A Study of HB1801 Versus Docetaxel (Taxotere®) in Patients With Advanced Breast Cancer,"CSPC ZhongQi Pharmaceutical Technology Co., Ltd.",PHASE3,NOT_YET_RECRUITING,2026-08-31,2029-06-01,430.0,HB1801; Docetaxel (Taxotere®)
NCT01228435,IPI-504 in NSCLC Patients With ALK Translocations,Massachusetts General Hospital,PHASE2,TERMINATED,2010-10,2012-02,3.0,IPI-504
NCT03255135,"Initial Experience in Brazilian Single Center With High Intensity Focalized Ultrasound (HIFU) Prostate Cancer Therapy: Morbidity, Oncological and Functional Outcomes.",Hospital de Transplante Doutor Euryclides de Jesus Zerbini,NA,UNKNOWN,2018-05-31,2019-07,130.0,HIFU
NCT02673008,MRD-directed Donor Lymphocyte Infusion for Reduce of Relapse After Allo-HSCT,"Nanfang Hospital, Southern Medical University",PHASE2,COMPLETED,2016-01,2019-12-31,206.0,donor lymphocyte infusion
NCT02531308,Metformin in Combination With Standard Induction Therapy for Large B-cell Lymphoma (DLBCL),Rush University Medical Center,PHASE2,TERMINATED,2015-07,2016-07,5.0,Metformin; Rituximab; Cyclophosphamide; Doxorubicin; Vincristine; Prednisone; pegfilgrastim
NCT04285008,Randomized Controlled Study Comparing Colon Evaluation With The Pure-Vu System To A Standard Colonoscopy In Patients Who Are High Risk For Inadequate Bowel Preparation,Motus GI Medical Technologies Ltd,NA,WITHDRAWN,2020-03-03,2021-04-15,0.0,Pure-Vu System
NCT06469008,A Study of BL-B16D1 in Patients With Recurrent or Metastatic Head and Neck Squamous Cell Carcinoma and Other Solid Tumors,"Sichuan Baili Pharmaceutical Co., Ltd.",PHASE1,RECRUITING,2024-06-27,2026-07,21.0,BL-B16D1
NCT04736576,Study to Evaluate Patient Reported Outcome (PRO) and Physical Activity in Japanese Patients With HR+/HER2- Advanced Breast Cancer Treated With Palbociclib Plus Endocrine Therapy or Endocrine Monotherapy,Pfizer,NA,COMPLETED,2021-02-24,2023-03-24,99.0,Wearable device
NCT06894576,Development of a Risk Stratification Score for Recurrent Venous Thromboembolism and Treatment-related Clinically Relevant Bleeding in Patients With Cancer-associated Thrombosis,Ottawa Hospital Research Institute,N/A,RECRUITING,2024-12-03,2027-12,1000.0,
NCT02059876,Dose-dense (Biweekly) Carboplatin Plus Paclitaxel With or Without Trastuzumab as Neoadjuvant Treatment for Breast Cancer,Guangdong Provincial People's Hospital,PHASE2,UNKNOWN,2013-11,2014-12,60.0,carboplatin and paclitaxel and or without trastuzumab
NCT06631625,Effect of Addition of Dexmedetomidine or Ketamine to Intravenous Infusion of Lidocaine on Proinflammatory Cytokines in Pelvi-abdominal Cancer Surgeries.,Alexandria University,PHASE1,COMPLETED,2023-09-24,2024-09-24,45.0,Lidocaine Intravenous Infusion; Lidocaine and ketamine; lidocaine and dexmedetomidine infusion
NCT06355076,New Urethral Reconstruction in Robot-assisted Laparoscopic Radical Resection,Qilu Hospital of Shandong University,NA,UNKNOWN,2023-02-05,2026-06,94.0,New urethral reconstruction
NCT00530140,Idiotypic Vaccination for Follicular Lymphoma Patients,"Clinica Universidad de Navarra, Universidad de Navarra",PHASE2,UNKNOWN,2007-10,2022-09,100.0,"Follicular lymphoma, patient-specific, soluble protein idiotype vaccine"
NCT06740240,68Ga-FAPI-Biotin PET/CT in Patients With Various Types of Cancer,First Affiliated Hospital of Fujian Medical University,EARLY_PHASE1,RECRUITING,2024-03-01,2026-12-31,30.0,68Ga-FAPI-Biotin; 68Ga-FAPI/18F-FDG
NCT06984289,US Radiomics in Advanced Cervical Cancer,Fondazione Policlinico Universitario Agostino Gemelli IRCCS,N/A,COMPLETED,2025-03-25,2025-05-14,220.0,Radiomic Analysis of Ultrasound Images
NCT01425944,Innovative Approaches to Gauge Progression of Sturge-Weber Syndrome,"Hugo W. Moser Research Institute at Kennedy Krieger, Inc.",N/A,ACTIVE_NOT_RECRUITING,2010-09,2027-02-09,600.0,
NCT02003144,An Open Label Extension Trial of Eculizumab in Relapsing NMO Patients,"Alexion Pharmaceuticals, Inc.",PHASE3,COMPLETED,2015-01-12,2021-07-12,119.0,eculizumab
NCT03656809,Feasibility of Multi-gene Panel Testing at the Time of Diagnosis for Patients With Ovarian Cancer,NYU Langone Health,N/A,COMPLETED,2015-10-15,2020-01-29,125.0,
NCT05405309,RP-3500 and Olaparib in DNA Damage Repair Pathway Deficient Relapsed/Refractory Chronic Lymphocytic Leukemia,University of Utah,PHASE1,TERMINATED,2022-09-23,2025-01-10,5.0,RP-3500; Olaparib
NCT01594398,Study to Assess Food Effect on Pharmacokinetics of Entinostat in Subjects With Breast Cancer or Non-Small Cell Lung Cancer,Syndax Pharmaceuticals,PHASE1,COMPLETED,2012-05,2014-05,14.0,entinostat; entinostat; Erlotinib; Erlotinib; Exemestane; Exemestane
NCT01408563,Reduced Intensity Double Umbilical Cord Blood Transplantation,Massachusetts General Hospital,PHASE2,COMPLETED,2011-12,2017-06,33.0,Fludarabine; Melphalan; Total Body Radiation; Cord Blood
NCT02839863,Utrecht Cohort for Multiple Breast Cancer Intervention Studies and Long-term Evaluation - The UMBRELLA Cohort,UMC Utrecht,N/A,RECRUITING,2013-10,2053-10,10000.0,
NCT04642287,Immunotherapy After Transplantation for Skin Cancer Prevention in Organ Transplant Recipients,Massachusetts General Hospital,PHASE2,WITHDRAWN,2026-01,2030-01,0.0,Calcipotriol Only Product in Cutaneous Dose Form; Vaseline; Topical 5FU
NCT04848493,"National Project on Vaccines, COVID-19 and Frail Patients",Azienda USL Reggio Emilia - IRCCS,N/A,COMPLETED,2021-04-19,2022-12-31,747.0,COVID-19 vaccines
NCT03285893,Oral Cell DNA Adducts in Smokers,University of Minnesota,N/A,COMPLETED,2018-02-01,2021-08-01,281.0,oral cell DNA adducts
NCT04452214,A Study of the Safety and Tolerance of CAN04 and Pembrolizumab in Combination With and Without Carboplatin and Pemetrexed in Subjects With Solid Tumors,Cantargia AB,PHASE1,COMPLETED,2020-09-24,2023-06-28,19.0,CAN04; Pembrolizumab; Carboplatin; Pemetrexed
NCT07502716,Compassionate Use of Ubamatamab,Regeneron Pharmaceuticals,N/A,AVAILABLE,,,,ubamatamab
NCT04253106,Liquid Biopsies for the Personalized Management of Patients with Hereditary Diffuse Gastric Cancer,Assistance Publique - Hôpitaux de Paris,NA,COMPLETED,2020-11-26,2024-04-10,16.0,"Liquid biopsies (blood, gastric fluid)."
NCT06112704,HS-20093 in Patients with Advanced Esophageal Carcinoma and Other Advanced Solid Tumors,Hansoh BioMedical R&D Company,PHASE2,RECRUITING,2024-02-06,2026-12-31,220.0,HS-20093
NCT00062504,Phase 2 Trial Using Talampanel in Patients With Recurrent High Grade Gliomas,"Teva Branded Pharmaceutical Products R&D, Inc.",PHASE2,TERMINATED,2003-07,2006-04,30.0,Talampanel
NCT02773004,"Prospective Study Assessing EndoPredict® Genomic Test Impact on Shared Decision of Adjuvant Chemotherapy in Patients With ER-positive, Her2-negative Early Breast Cancer",UNICANCER,NA,COMPLETED,2016-09,2017-12,203.0,EPClin genomic test
NCT03191604,Impact of NBI on Patients Undergoing Endoscopic Eradication Therapy,Northwestern University,N/A,COMPLETED,2017-11-01,2019-05-10,46.0,Video intervention
NCT04485104,"Assessment of Adjunctive Cannabidiol Oral Solution (GWP42003-P) in Children With Tuberous Sclerosis Complex (TSC), Dravet Syndrome (DS), or Lennox-Gastaut Syndrome (LGS) Who Experience Inadequately-controlled Seizures",Jazz Pharmaceuticals,PHASE3,TERMINATED,2021-05-19,2025-01-28,3.0,GWP42003-P
NCT06729684,Development and Validation of a Personalized Digital Healthcare Model for Managing Side Effects in Breast Cancer Survivors,Samsung Medical Center,NA,RECRUITING,2024-11-13,2025-05-31,72.0,digital health (application and smartwatch)
NCT03302884,Circulating Tumor DNA as an Early Marker of Recurrence and Treatment Efficacy in Ovarian Carcinoma,Institut Paoli-Calmettes,NA,UNKNOWN,2018-10-10,2023-10-30,150.0,biological sampling
NCT06507033,Development of the Wearable Arm Volume Measurement Device and Mobile Application,Ayşe ARIKAN DÖNMEZ,NA,NOT_YET_RECRUITING,2024-09,2027-03,14.0,Mobile application and an arm volume measurement device
NCT07059052,Illness Perception and Quality of Life in Colorectal Cancer With Ascites,Hebei Provincial Hospital of Traditional Chinese Medicine,N/A,COMPLETED,2024-01-01,2025-04-30,218.0,
NCT05634252,Undergraduate Skin Cancer Prevention Trial,University of Utah,PHASE3,ACTIVE_NOT_RECRUITING,2023-04-24,2027-09-04,528.0,Education; Action Plan; UV Photo; MC1R Test
NCT07028047,Evaluation of WGc-043 Injection in Advanced Solid Tumors: Phase I Study,Sun Yat-sen University,PHASE1,NOT_YET_RECRUITING,2025-06-23,2028-06-30,64.0,WGc-043 Injection
NCT00006049,ZD 1839 Plus Chemotherapy in Treating Patients With Non-Small Cell Lung Cancer,AstraZeneca,PHASE3,UNKNOWN,2000-05,,,carboplatin; gefitinib; paclitaxel
NCT00416949,Iodine I 131 in Treating Patients With Thyroid Cancer,Sidney Kimmel Comprehensive Cancer Center at Johns Hopkins,NA,TERMINATED,2006-04,2009-10,9.0,Patient-specific dosimetry
NCT06674538,Clinical Trial to Treat Stage IV Cancer Patients,Moonshot Antibodies,PHASE1,ENROLLING_BY_INVITATION,2024-12-30,2029-01,12.0,Moonshot antibodies
NCT03571438,Evaluation of a Promising New Combination of Protein Kinase Inhibitors on Organotypic Cultures of Human Renal Tumors,"University Hospital, Grenoble",NA,UNKNOWN,2017-10-16,2024-09-30,100.0,CK2 and ATM inhibitors serine/ threonin Kinase combination; Sunitinib; Pazopanib; Temsirolimus
NCT06957938,Comparing Neoadjuvant Chemotherapy Combined With PD-1 Inhibitor Versus Neoadjuvant Chemotherapy in Locally Advanced Laryngeal and Hypopharyngeal Carcinoma,Fudan University,PHASE3,NOT_YET_RECRUITING,2025-04-28,2031-05-01,168.0,Neoadjuvant Chemotherapy (NACT); Neoadjuvant and maintenance Tislelizumab; Concurrent chemo-radiotherapy (CCRT); Surgery and adjuvant (chemo-)radiotherapy
NCT06652438,Revumenib in Combination With Azacitidine + Venetoclax in Patients NPM1-mutated or KMT2A-rearranged AML,Stichting Hemato-Oncologie voor Volwassenen Nederland,PHASE3,RECRUITING,2025-05-05,2032-08-27,448.0,Revumenib; Placebo
NCT04577638,Accelerated Radio-Immunotherapy for Lung Cancer,Center Eugene Marquis,PHASE2,COMPLETED,2021-03-30,2023-04-15,8.0,Nivolumab and Intensity Modulated Radiotherapy (IMRT)
NCT02138448,Implementing Personal Health Records to Promote Evidence-Based Cancer Screening,Virginia Commonwealth University,NA,COMPLETED,2017-01,2020-05-15,46.0,Interactive Preventive Health Record
NCT00077155,Cilengitide (EMD 121974) in Treating Patients With Advanced Solid Tumors or Lymphoma,National Cancer Institute (NCI),PHASE1,COMPLETED,2003-12,,45.0,cilengitide
NCT07097155,Avocado Consumption and Cellular Aging in Breast Cancer Survivors,Institut Investigacio Sanitaria Pere Virgili,NA,RECRUITING,2026-01-12,2027-08,120.0,Daily Avocado Consumption
NCT07379255,Evaluation of Postoperative Adjuvant Chemotherapy Efficacy for Bladder Cancer Based on Organoid Technology.,Qilu Hospital of Shandong University,N/A,RECRUITING,2025-01-01,2030-12-31,266.0,Organoid culture
NCT04069026,A First-in-Humans Dose Finding Study for an Aryl Hydrocarbon Receptor Inhibitor (AhRi) in Patients With Advanced Cancer,Bayer,PHASE1,COMPLETED,2019-08-15,2024-01-17,78.0,BAY2416964; BAY2416964
NCT02882178,Consensus Method to Evaluate the Conformity of Prescription of a Chemotherapy,Institut Bergonié,N/A,COMPLETED,2013-11,2015-04,18.0,
NCT01215578,Predictive Biomarkers of Response to Sunitinib in the Treatment of Poorly-differentiated NEURO-Endocrine Tumors,Assistance Publique - Hôpitaux de Paris,PHASE2,TERMINATED,2008-10,2014-12,33.0,Sutent
NCT00438178,Safety and Efficacy of Obatoclax Mesylate (GX15-070MS) for the Treatment of Hematological Malignancies,Gemin X,PHASE1,COMPLETED,2005-10,,44.0,Obatoclax mesylate (GX15-070MS)
NCT01327885,Phase 3 Study to Compare the Efficacy and Safety of Eribulin With Dacarbazine in Subjects With Soft Tissue Sarcoma,Eisai Inc.,PHASE3,COMPLETED,2011-03-10,2016-08-10,452.0,"Eribulin mesylate 1.4 mg/m^2 intravenous; Dacarbazine of 850 mg/m^2, or 1,000 mg/m^2, or 1,200 mg/m^2 IV"
NCT01715285,"A Study of Abiraterone Acetate Plus Low-Dose Prednisone Plus Androgen Deprivation Therapy (ADT) Versus ADT Alone in Newly Diagnosed Participants With High-Risk, Metastatic Hormone-Naive Prostate Cancer (mHNPC)","Janssen Research & Development, LLC",PHASE3,COMPLETED,2013-02-12,2022-02-13,1209.0,Abiraterone acetate; Prednisone; Androgen deprivation therapy (ADT); Abiraterone acetate Placebo; Prednisone Placebo
NCT05983315,Prospective Assessment of CONECCT's Classification for Colorectal Lesions.,Hospices Civils de Lyon,N/A,COMPLETED,2021-07-01,2022-11-01,750.0,
NCT01116843,Study to Assess Biomarkers in Patients With Resectable Oral Cavity Cancer Randomized to Receive Preoperative Treatment,"University Health Network, Toronto",PHASE1,COMPLETED,2010-05,2014-02,13.0,PF-00299804
NCT04637035,Supportive Oncology Care at Home Post-Discharge,Massachusetts General Hospital,NA,COMPLETED,2021-08-19,2025-12-31,52.0,Supportive Oncology Care at Home
NCT06579625,"The Effect of Health Belief Model-Based Cancer Education on Cancer Information Load, Knowledge and Attitudes Towards Cancer Screenings",Ankara University,NA,UNKNOWN,2024-09-10,2024-10-28,79.0,Cancer education
NCT01209676,IMCgp100 in Advanced Unresectable Melanoma,University of Pennsylvania,EARLY_PHASE1,COMPLETED,2010-09,,1.0,IMCgp100 injection
NCT06838676,ACT001 for the Treatment of Diffuse Intrinsic Pontine Gliomas and H3K27-altered High Grade Gliomas,Nationwide Children's Hospital,PHASE2,RECRUITING,2025-07-10,2035-07,60.0,ACT001
NCT03270176,A Dose-Finding Study of the Second Mitochondrial Activator of Caspases (SMAC) Mimetic Debio 1143 When Given in Combination With Avelumab to Participants With Advanced Solid Malignancies and to Participants With Advanced or Metastatic Non-Small Cell Lung Cancer (NSCLC) After Platinum-Based Therapy,Debiopharm International SA,PHASE1,COMPLETED,2017-10-10,2022-03-22,54.0,Debio 1143; Avelumab
NCT05565417,Study of the Monoclonal Antibody IMT-009 in Patients With Advanced Solid Tumors or Lymphomas,Immunitas Therapeutics,PHASE1,ACTIVE_NOT_RECRUITING,2022-11-28,2026-01,67.0,IMT-009; Fruquintinib
NCT00683917,"Pharmacokinetics, Safety and Efficacy Study of Proellex in Pre-menopausal Women With Symptomatic Uterine Fibroids",Repros Therapeutics Inc.,PHASE2,TERMINATED,2008-05,2009-08,10.0,Proellex 25 mg; Proellex 50 mg; Lupron Depot
NCT03629717,RANKL Inhibition and Breast Tissue Biomarkers,Washington University School of Medicine,EARLY_PHASE1,COMPLETED,2018-06-01,2018-12-03,10.0,Ultrasound-guided core needle biopsy; Denosumab; Blood draw; Calcium; Vitamin D
NCT00330317,Safety and Efficacy of Hormone Therapy With Letrozole in Postmenopausal Women With Breast Cancer,Novartis Pharmaceuticals,PHASE3,COMPLETED,2006-02,2010-11-16,300.0,letrozole
NCT00268840,The Efficacy and Safety of Gemcitabine in Combination With Docetaxel to Treat Pancreatic or Biliary Cancer,ARCAGY/ GINECO GROUP,PHASE2,COMPLETED,2001-08,2006-02,45.0,Docetaxel; Gemcitabine
NCT01884740,Intraarterial Infusion Of Erbitux and Bevacizumab For Relapsed/Refractory Intracranial Glioma In Patients Under 22,Weill Medical College of Cornell University,PHASE1,TERMINATED,2013-06,2018-10,13.0,SIACI of Erbitux and Bevacizumab
NCT05726864,A Study of ELI-002 7P in Subjects With KRAS/NRAS Mutated Solid Tumors,Elicio Therapeutics,PHASE1,ACTIVE_NOT_RECRUITING,2023-04-14,2026-11,158.0,ELI-002 7P
NCT00003698,Chemotherapy in Treating Patients With Solid Tumors,University of Glasgow,PHASE1,COMPLETED,1998-07,2003-12,35.0,fosbretabulin disodium
NCT04390698,Opioid Free Anesthesia in Breast Cancer Surgery,Peking University People's Hospital,NA,COMPLETED,2020-07-01,2022-03-15,80.0,paravertebral block; opioid free anesthesia; sham block; opioid general anesthesia
NCT00310063,Acupressure in Preventing Nausea and Vomiting in Young Cancer Patients Receiving Chemotherapy,Wake Forest University Health Sciences,NA,COMPLETED,2005-04,2007-05,28.0,acupressure therapy; sham intervention
NCT01916187,Imetelstat Given Intravenously Alone and With Standard 13-Cis-Retinoic Acid in Children With Neuroblastoma,NCIC Clinical Trials Group,PHASE1,WITHDRAWN,2013-07-30,2014-01-16,0.0,Imetelstat
NCT04031963,Novel Biophotonics Methodology for Colon Cancer Screening,Endeavor Health,N/A,COMPLETED,2009-09,2013-05,857.0,
NCT00436293,Taxotere + Cisplatin in Nasopharyngeal Carcinoma,Sanofi,PHASE2,COMPLETED,2002-12,2010-03,61.0,Docetaxel; Cisplatin
NCT02019693,A Phase 2 Study of the MET Kinase Inhibitor INC280 in Papillary Renal Cell Cancer,National Cancer Institute (NCI),PHASE2,COMPLETED,2014-01-24,2021-12-17,20.0,INC280
NCT01646593,Regorafenib in Subjects With Gastrointestinal Stromal Tumors (GIST) Who Have Progressed After Standard Therapy,Bayer,N/A,NO_LONGER_AVAILABLE,,,,Regorafenib (BAY73-4506)
NCT06167421,Comparison of Kimura Versus Warshaw Technique for Laparoscopic Spleen-Preserving Distal Pancreatectomy,Fudan University,NA,NOT_YET_RECRUITING,2024-01-01,2027-12-31,240.0,Laparoscopic spleen-preserving distal pancreatectomy using the Kimura technique; Laparoscopic spleen-preserving distal pancreatectomy using the Warshaw technique
NCT01558921,Rectal Cancer And Pre-operative Induction Therapy Followed by Dedicated Operation. The RAPIDO Trial,University Medical Center Groningen,PHASE3,ACTIVE_NOT_RECRUITING,2011-06-21,2026-12-31,920.0,M1 scheme; standard long course chemoradiotherapy
NCT00017121,Inhaled Sargramostim in Treating Patients With Melanoma Metastatic to the Lung,Alliance for Clinical Trials in Oncology,PHASE1,COMPLETED,2002-05,2012-11,40.0,sargramostim
NCT00002621,Interferon Alfa in Treating Children With HIV-Related Cancer,Children's Oncology Group,PHASE2,COMPLETED,1994-12,2005-09,8.0,recombinant interferon alfa
NCT07242014,68Ga-XACP3 PET/CT in Prostate Cancer,The First Affiliated Hospital of Xiamen University,NA,RECRUITING,2025-09-01,2027-10-01,60.0,"Diagnostic Test: standard-of-care imaging (68Ga-PSMA PET/CT), 68Ga-XACP3 PET/CT"
NCT00982514,Thromboembolic Complications Related to Asparaginase in Children With Acute Lymphoblastic Leukemia (ALL) Treated According to NOPHO ALL 2008,Oslo University Hospital,N/A,UNKNOWN,2009-09,2014-12,60.0,
NCT06200116,Evaluation of a Novel Auto Segmentation Algorithm for Normal Structure Delineation in Radiation Treatment Planning,Mayo Clinic,N/A,RECRUITING,2024-12-02,2027-11-30,200.0,Non-Interventional Study
NCT02022904,Prostate Cancer Circulating Tumor Cells Based on Epithelial-Mesenchymal Transition Biology,Duke University,NA,WITHDRAWN,2012-05,2015-06,0.0,Near infrared (NIR) emissive nanotechnology
NCT04221204,A Monotherapy in Subjects With Advanced Solid Tumors,"3D Medicines (Beijing) Co., Ltd.",PHASE1,ACTIVE_NOT_RECRUITING,2019-09-01,2026-12-30,42.0,Highly selective FGFR1-3 inhibitor
NCT05160584,A Study of Real-Life Current Standards of Care in Participants With Relapsed and/or Refractory Multiple Myeloma,"Janssen Pharmaceutica N.V., Belgium",N/A,RECRUITING,2021-11-18,2028-10-30,300.0,No intervention
NCT05346484,"A Study of CF33-hNIS (VAXINIA), an Oncolytic Virus, as Monotherapy or in Combination With Pembrolizumab in Adults With Metastatic or Advanced Solid Tumors",Imugene Limited,PHASE1,TERMINATED,2022-05-17,2026-01-12,66.0,CF33-hNIS; Pembrolizumab; Modified FOLFOX
NCT04298333,Dose-finding Study of BP-C1 in Patients With Stage IV Breast Cancer,Meabco A/S,PHASE1,COMPLETED,2009-06-27,2011-01-04,18.0,BP-C1
NCT06885333,Whole-Brain Tumor Burden Metrics with Inflammatory and Molecular Markers to Predict Postoperative Neurocognitive Decline in Glioma,West China Hospital,N/A,COMPLETED,2016-05-01,2024-12-01,192.0,
NCT04118933,A Study for PD-1 Antibody JS001 in MSI-H Advanced or Recurrent Colorectal Cancer,Xu jianmin,PHASE2,UNKNOWN,2019-07-17,2021-07-17,40.0,JS001
NCT06366347,ALPINE: Maintenance Letrozole/Abemaciclib,Dana-Farber Cancer Institute,PHASE2,RECRUITING,2024-09-25,2029-03-01,32.0,Abemaciclib; Letrozole; Pembrolizumab
NCT03328247,Achieving Self-directed Integrated Cancer Aftercare (ASICA) in Melanoma,University of Aberdeen,NA,COMPLETED,2018-01-12,2020-03-31,240.0,ASICA digital app
NCT04920747,Interest of the Addition of Docetaxel to Standard Treatment in First-line Advanced HER2 Positive Gastroesophageal Adenocarcinoma in Selective Patients,Centre Hospitalier Universitaire de Besancon,N/A,COMPLETED,2021-04-01,2021-05-31,65.0,Taxane
NCT04120649,Different Risk Stratification Models for Prediction of Lymph Node Involvement in Endometrial Carcinoma,Assiut University,N/A,COMPLETED,2020-05-18,2022-08-01,50.0,hysterectomy
NCT00687349,Improving Clinician Communication Skills (ICCS),University of Washington,PHASE3,COMPLETED,2007-04,2013-03,6086.0,Training Program Intervention
NCT01573338,Clinical Study to Evaluate the Maximum Tolerated Dose of BAY1000394 When Given Together With Chemotherapy and the Effectiveness of This Combination Treatment in Shrinking a Specific Type of Lung Tumors (Small Cell Lung Cancer),Bayer,PHASE1,TERMINATED,2013-02-25,2016-06-23,43.0,Roniciclib (BAY1000394); Etoposide; Cisplatin; Carboplatin
NCT02033148,Icotinib Hydrochloride in Treating Patients With Advanced Cancers,Roswell Park Cancer Institute,PHASE1,WITHDRAWN,2014-08,,0.0,icotinib hydrochloride; laboratory biomarker analysis; pharmacological study
NCT01145248,Comparison of Biliary Forceps Biopsy and Brush Cytology,University of Ulm,NA,COMPLETED,2006-01,2009-07,43.0,double-balloon enteroscopy forceps biopsy; Transpapillary brush cytology
NCT05013255,Pioglitazone Therapy Targeting Fatigue in Breast Cancer,West Virginia University,PHASE2,RECRUITING,2021-12-23,2026-12,30.0,Pioglitazone 15mg; Pioglitazone 30 mg
NCT04784026,Dual Task Gait Performance in Pediatric Oncology Patients,Afyonkarahisar Health Sciences University,N/A,UNKNOWN,2021-03-01,2023-03-20,40.0,Gait assessment (single); Dual task gait assessment (motor+motor); Dual tak gait assessment (motor+cognitive)
NCT06791226,Evaluating the Usefulness of 18F-AlF-FAPI PET/ CT in Orbital Neoplasms,Peking University Third Hospital,NA,RECRUITING,2024-07-16,2028-12-31,50.0,"18F-AlF-FAPI PET/CT, 18F-FDG PET/CT"
NCT00423826,Umbilical Cord Blood Stem Cell Transplant in Treating Patients With Hematologic Cancer or Other Disease,Barbara Ann Karmanos Cancer Institute,N/A,NO_LONGER_AVAILABLE,2007-01,2015-01,,Busulfan; Cytarabine; Fludarabine phosphate; mycophenolate mofetil; tacrolimus; allogeneic hematopoietic stem cell transplantation; umbilical cord blood transplantation; total-body irradiation
NCT03190278,Study Evaluating Safety and Efficacy of UCART123v1.2 in Patients With Relapsed/Refractory Acute Myeloid Leukemia,Cellectis S.A.,PHASE1,ACTIVE_NOT_RECRUITING,2017-06-19,2025-12,29.0,UCART123v1.2
NCT02306278,The Effects of Gabapentin Premedication on Neurosurgery,Capital Medical University,NA,COMPLETED,2014-12-14,2016-06,122.0,gabapentin; vitamin capsules
NCT05617885,Neo-DAB: Darolutamide and Abemaciclib in Prostate Cancer,"Praful Ravi, MB BCHir, MRCP",PHASE1,COMPLETED,2023-08-09,2026-06-01,9.0,Darolutamide; Abemaciclib; GNRH-A Leuprolide Acetate; GNRH-A Goserelin; Degarelix
NCT01125085,131I-L19SIP Radioimmunotherapy (RIT) in Combination With External Beam Radiation in Patients With Multiple Brain Metastases From Solid Tumors,Philogen S.p.A.,PHASE2,COMPLETED,2009-10,2013-06,32.0,131I-L19SIP Radioimmunotherapy (RIT) in Combination With Whole Brain Radiation Therapy (WBRT)
NCT03631043,Personalized Vaccine in Treating Patients With Smoldering Multiple Myeloma,M.D. Anderson Cancer Center,EARLY_PHASE1,COMPLETED,2018-12-21,2025-12-10,30.0,Biopsy Specimen Radiography; Lenalidomide; Vaccine Therapy
NCT01378143,Using OCZ103-OS in Patients With Unresectable and Locally Recurrent or Metastatic Colorectal Cancer Undergoing Standard Chemotherapy,Oncozyme Pharma Inc.,PHASE2,COMPLETED,2011-03,2014-07,53.0,"OCZ103-OS [pentamidine bis(2-hydroxyethanesulfonate)], mFOLFOX6 or FOLFIRI"
NCT04276415,DS-6157a in Participants With Advanced Gastrointestinal Stromal Tumor (GIST),Daiichi Sankyo,PHASE1,TERMINATED,2020-05-08,2022-03-11,34.0,DS-6157a
NCT01341535,Comparison of Adaptive Dose Painting by Numbers With Standard Radiotherapy for Head and Neck Cancer.,"University Hospital, Ghent",PHASE2,COMPLETED,2011-09,2021-07-15,100.0,Adaptive dose-painting-by-numbers; standard intensity-modulated radiotherapy (IMRT)
NCT00027625,Gefitinib Plus Temozolomide in Treating Patients With Malignant Primary Glioma,Sidney Kimmel Comprehensive Cancer Center at Johns Hopkins,PHASE1,COMPLETED,2002-01-28,2005-11-01,,gefitinib; temozolomide
NCT05033925,Ficus Septica Leaves Fraction as a Complementary Therapy for Stadium IV Breast Cancer Patients,Gadjah Mada University,PHASE1,UNKNOWN,2021-10-25,2025-12-30,324.0,FADA (active fraction of Ficus septica leaf) 800 mg/day; FADA (active fraction of Ficus septica leaf) 2000 mg/day; Placebo capsule
NCT02375776,Improving Outcomes in Cancer Patients on Oral Anti-Cancer Medications Using a Multi-modal Mobile Health Intervention,Massachusetts General Hospital,NA,COMPLETED,2015-03,2019-12,84.0,"CORA- Device:smartphones"""
NCT06582017,"Safety, PK and Efficacy of QXL138AM in Patients With Solid Tumors and Multiple Myeloma",Nammi Therapeutics Inc,PHASE1,RECRUITING,2024-08-28,2028-05-30,100.0,QXL138AM Injection every 2 weeks by IV Infusion
NCT02301117,A Phase I Study of TAS-102 in Patients With Advanced Solid Tumors With Renal Impairment,"Taiho Oncology, Inc.",PHASE1,COMPLETED,2015-01,2019-06-19,43.0,TAS-102
NCT00017225,Chemotherapy and Radiation Therapy With or Without Peripheral Stem Cell Transplantation in Treating Patients With Neuroblastoma,German Society for Pediatric Oncology and Hematology GPOH gGmbH,PHASE2,COMPLETED,1997-05,2002-02,,filgrastim; carboplatin; cisplatin; cyclophosphamide; dacarbazine; doxorubicin hydrochloride; etoposide; ifosfamide; melphalan; tretinoin; vincristine sulfate; vindesine; autologous bone marrow transplantation; conventional surgery; peripheral blood stem cell transplantation; radiation therapy
NCT03771625,Evaluating Structural and Functional Changes of Brain by fMRI and DTI in Patients With Intracranial Germ Cell Tumors,Beijing Neurosurgical Institute,N/A,UNKNOWN,2019-06-01,2021-11-01,30.0,radiotherapy
NCT04009317,Study of TQ-B3139 Versus Crizotinib in the First Line Treatment of Subjects With Anaplastic Lymphoma Kinase (ALK) Positive Non-Small Cell Lung Cancer (NSCLC),"Chia Tai Tianqing Pharmaceutical Group Co., Ltd.",PHASE3,UNKNOWN,2019-08-13,2022-04-30,260.0,TQ-B3139; Crizotinib
NCT02944617,Probiotic Yogurt Supplement in Reducing Diarrhea in Patients With Metastatic Kidney Cancer Being Treated With Vascular Endothelial Growth Factor-Tyrosine Kinase Inhibitor,City of Hope Medical Center,NA,COMPLETED,2016-11-11,2021-12-19,21.0,Laboratory Biomarker Analysis; Micronutrient-Fortified Probiotic Yogurt; VEGF-TKI
NCT03428217,CANTATA: CB-839 With Cabozantinib vs. Cabozantinib With Placebo in Patients With Metastatic Renal Cell Carcinoma,"Calithera Biosciences, Inc",PHASE2,COMPLETED,2018-04-24,2021-07-16,444.0,CB-839; Cabozantinib; Placebo
NCT05997017,Trial of Nab-Sirolimus in Combination With Letrozole in Patients With Advanced or Recurrent Endometrioid Endometrial Cancer,"Aadi Bioscience, Inc.",PHASE2,RECRUITING,2023-12-28,2027-06,29.0,nab-sirolimus
NCT02216617,Evaluation of the Tolerance of Afatinib in Combination With Docetaxel and Cisplatin in LAHNSCC Induction Chemotherapy,Groupe Oncologie Radiotherapie Tete et Cou,PHASE1,COMPLETED,2014-08-06,2015-09-15,8.0,"Taxotere, Cisplatin, Afatinib"
NCT00193817,Three Field Radical Esophagectomy Versus Two Field Esophagectomy - a Prospective Trial,Tata Memorial Hospital,PHASE3,UNKNOWN,2005-01,2015-12,700.0,Two field vs Three field lymphadenectomy
NCT05316064,Reducing Abundance of Human Papilloma Virus in Women by Taking Probiotic,Universiti Sains Malaysia,PHASE2,WITHDRAWN,2021-12-27,2023-11-28,0.0,probiotic; placebo
NCT01122134,Pharmacokinetics and Pharmacodynamics of Intravenous Artesunate for Severe Malaria Treatment,Makerere University,N/A,UNKNOWN,2010-05,2010-09,20.0,intravenous artesunate
NCT06563934,Gut Microbiota in Liver Cancer (Treated With TKIs In Combination With ICIs),"Xu Yong, MD",PHASE2,NOT_YET_RECRUITING,2024-08-30,2026-11-20,70.0,Oral enterobacterium capsules; Lenvatinib + PD-1 monoclonal antibody; Oral enterobacterium capsules placebo
NCT06050434,Prospective Study to Evaluate Patient Reported Outcomes (PRO) During Rechallenge With Trabectedin in Sarcoma Patients,Institut für Klinische Krebsforschung IKF GmbH at Krankenhaus Nordwest,N/A,TERMINATED,2023-10-31,2024-07-30,7.0,
NCT00530764,A Study of Sativex® for Pain Relief in Patients With Advanced Malignancy.,GW Pharmaceuticals Ltd,PHASE2,COMPLETED,2007-11,2010-01,360.0,Sativex Low Dose; Sativex Medium Dose; Sativex High Dose
NCT04636099,Gastrointestinal Surgery Study Group 2001,The Affiliated Hospital of Qingdao University,NA,UNKNOWN,2020-11-01,2023-11,382.0,CT angiography（CTA）
NCT04659499,Nab-paclitaxel in Combination With Pyrotinib in Postoperative Adjuvant Therapy for HER2-positive Breast Cancer,Peking Union Medical College Hospital,PHASE2,UNKNOWN,2021-01,2025-06,261.0,Nab-paclitaxel in combination with pyrotinib
NCT05978232,NAVAH Impact on Radiation Therapy Completion in Black Breast & Prostate Cancer Patients,Case Comprehensive Cancer Center,NA,COMPLETED,2023-07-01,2025-11-03,30.0,NAVAH
NCT00385398,"QOL-Stereotactic RadioSurgery, Temozolomide + Erlotinib-Rx of 1-3 Brain Metastases in NSCLC",University of Medicine and Dentistry of New Jersey,PHASE2,WITHDRAWN,2008-07,2008-12,0.0,erlotinib hydrochloride; temozolomide; stereotactic radiosurgery
NCT07387198,Neoadjuvant Merkel Cell Carcinoma Therapy (Tx) With the PD-1 Inhibitor Cemiplimab,Institut für Klinische Krebsforschung IKF GmbH at Krankenhaus Nordwest,PHASE2,RECRUITING,2026-05-29,2031-07-31,135.0,Cemiplimab 350 mg i.v. on day 1 of every 21 days cycle for 2 cycles; Placebo NaCl 0.9% solution i.v. on day 1 of every 21 days cycle for 2 cycles.
NCT00580398,Smoking Cessation Intervention for Thoracic Patients,Massachusetts General Hospital,PHASE1,COMPLETED,2008-01,2012-04,49.0,Smoking cessation counseling; varenicline
NCT05030298,"Preoperative Radiosurgery for the Treatment of High Grade Glioma, NeoGlioma Trial",Mayo Clinic,PHASE1,RECRUITING,2023-05-23,2027-09-15,28.0,Radiation Therapy; Radiosurgery; Stereotactic Biopsy; Temozolomide; Tumor Treating Fields Therapy; Magnetic Resonance Imaging; Biospecimen Collection; Biopsy; Therapeutic Conventional Surgery
NCT07630363,PTC-Guided Atorvastatin Plus Axitinib and Toripalimab in Advanced RCC,"Cancer Institute and Hospital, Chinese Academy of Medical Sciences",PHASE1,NOT_YET_RECRUITING,2026-05-14,2030-04-01,40.0,Axitinib; Toripalimab; Atorvastatin
NCT02167893,"Leuplin SR 11.25 mg Injection Kit Specified Drug-use Survey ""Long-term Use Survey in Prostate Cancer Patients (96 Weeks)""",Takeda,N/A,COMPLETED,2005-10,2010-12,11288.0,Leuprorelin acetate
NCT01955421,Erlotinib 100mg qd Versus Gefitinib 250mg qd for EGFR Mutant Nsclc,Sun Yat-sen University,PHASE2,UNKNOWN,2013-07,,224.0,Erlotinib 100mg qd; Gefitinib 250mg qd
NCT03258021,TTFields In GErmany in Routine Clinical Care,NovoCure Ltd.,N/A,UNKNOWN,2017-08-31,2021-07,710.0,TTFields
NCT01811121,MEDICO-ECONOMIC EVALUATION OF SURGERY GUIDED BY FLUORESCENCE FOR THE OPTIMIZATION OF RESECTION OF GLIOBLASTOMAS,Hospices Civils de Lyon,PHASE3,COMPLETED,2013-02,2019-08,170.0,5-aminolévulinique acid (5-ALA); Placebo
NCT06341621,Chemotherapy Omission in ER+/HER2- Breast Cancer With 1-3 Positive Lymph Nodes Receiving Extended Adjuvant Abemaciclib,Fudan University,PHASE3,RECRUITING,2024-04-02,2029-01-01,1900.0,3-year abemaciclib without chemo; treatment of physician's choice
NCT04593914,A Novel Skin Barrier Protectant for Acute Radiodermatitis,Jessa Hospital,NA,WITHDRAWN,2020-09-01,2021-10-01,0.0,Cavilon Advanced Skin Protectant
NCT00400114,"Sutent Following Chemotherapy, Radiation and Surgery For Resectable Esophageal Cancer","University Health Network, Toronto",PHASE2,COMPLETED,2006-09-25,2016-09-19,36.0,Irinotecan; Cisplatin; Radiation; Surgery; sunitinib (Sutent)
NCT04320316,A Trial to Assess the Safety and Efficacy of KRN23 in Epidermal Nevus Syndrome (ENS),University of Alabama at Birmingham,PHASE4,COMPLETED,2020-07-31,2021-08-31,1.0,Crysvita (burosumab-twza) Treatment
NCT07492316,RNA-lipid Particle (RNA-LP) Vaccines for Recurrent/Progressive Medulloblastoma (MB),University of Florida,PHASE1,RECRUITING,2026-04-24,2031-03-31,24.0,"Autologous total tumor mRNA and pp65 full length (fl) lysosomal associated membrane protein (LAMP) mRNA loaded DOTAP liposome vaccine administered intravenously (RNA loaded lipid particles, RNA-LPs)"
NCT03163316,The Role of Magnetic Resonance Imaging in Assessment of Axillary Lymph Nodes Metastasis in Breast Cancer Patients.,Assiut University,N/A,COMPLETED,2017-12-01,2021-07-01,30.0,Unenhanced magnetic resonance imaging.
NCT06207006,E-intervention on Subclinical Fear of Cancer Recurrence,The University of Hong Kong,NA,COMPLETED,2024-05-02,2026-02-11,49.0,eConquerFear-HK; Basic Cancer Care
NCT00033904,Survival Study Of Oncophage® vs. Observation In Patients With Kidney Cancer,Agenus Inc.,PHASE3,COMPLETED,2000-06,2007-04,650.0,autologous human tumor-derived HSPPC-96
NCT02069704,Bioequivalence Study Bevacizumab Biosimilar (BEVZ92) Versus Bevacizumab (AVASTIN®) in First-line Treatment mCRC Patients,mAbxience Research S.L.,PHASE1,COMPLETED,2014-10-29,2017-06,142.0,"Bevacizumab biosimilar (BEVZ92); Avastin® (bevacizumab, reference product)"
NCT00032084,S0002 - A Program to Quit Smoking With or Without Bupropion in Treating Patients With Stage I or II Non-Small Cell Lung Cancer Who Have Undergone Surgery,SWOG Cancer Research Network,PHASE3,TERMINATED,2002-01,2004-02,10.0,smoking cessation intervention; bupropion hydrochloride; nicotine; psychosocial assessment and care
NCT04393584,FOLFIRINOX vs FLOT Chemotherapy for Resectable Gastric or Esophagogastric Junction Adenocarcinoma,Blokhin's Russian Cancer Research Center,PHASE2,UNKNOWN,2019-01-29,2026-01-01,538.0,Irinotecan; 5-FU; Leucovorin; Oxaliplatin; Docetaxel
NCT06773533,Registry of Adjuvant Hormone-blockade Breast Cancer Patients Evaluated for Bone Mineral Metabolism,IRCCS Azienda Ospedaliero-Universitaria di Bologna,N/A,RECRUITING,2021-12-18,2039-12-31,3000.0,
NCT03094884,Pulsed Low Dose Rate Radiation With Concurrent Chemotherapy for Non-Small Cell Lung Cancer and Esophageal Cancer,Fox Chase Cancer Center,PHASE1,UNKNOWN,2017-02-24,2025-05-01,40.0,Pulsed Low Dose Radiation; Carboplatin; Paclitaxel
NCT01495884,"The Myocet/Lapatinib Study. ICORG 10-03, V5",Cancer Trials Ireland,PHASE1,TERMINATED,2011-03,2014-10,11.0,non-pegylated liposomal doxorubicon (Myocet™); Lapatinib (Tyverb™)
NCT00442533,Safety and Efficacy Study of In-111 Pentetreotide to Treat Neuroendocrine Tumors,Radio Isotope Therapy of America,PHASE2,COMPLETED,2005-08,2015-12-28,200.0,Indium-111 pentetreotide
NCT00487552,Magnetic Anastomosis Device Relief of Malignant Gastric Outlet Obstruction,Cook Group Incorporated,NA,TERMINATED,2008-01,2011-04,18.0,Cook Magnetic Anastomosis Device (MAD) with Stent
NCT06784752,Study to Evaluate the Efficacy and Safety of [177Lu]Lu-DOTA-TATE in Patients With Grade 1 and Grade 2 Advanced GEP-NET,Novartis Pharmaceuticals,PHASE3,RECRUITING,2025-05-30,2034-01-23,240.0,[177Lu]Lu-DOTA-TATE; Octreotide LAR
NCT05687747,Single Centre Prospective Evaluation of 68Gallium-FAPI PET/MRI in Hepatocellular Carcinoma,"National University Hospital, Singapore",PHASE1,RECRUITING,2023-08-18,2026-02,100.0,"Radiolabelled tracer, 68Gallium-FAPI-46 PET/MRI"
NCT06082947,αβT Cell/CD19+ B Cell Depletion for Alternative Donor Allogeneic Hematopoietic Cell Transplantation (HSCT),Nationwide Children's Hospital,NA,RECRUITING,2023-12-18,2030-12-01,50.0,CliniMACS®
NCT05102747,Stereotactic Radiotherapy in Oligometastatic Brain Disease: a Randomised Phase III Study Comparing Hypofractionated Stereotactic Radiation Therapy (3*10 Gy) to the Historical Single-dose Radiosurgery (1*20 to 25 Gy) With Medico-economic Evaluation.,Centre Francois Baclesse,NA,RECRUITING,2023-01-12,2031-01,504.0,Hypofractionated SRT (stereotactic radiotherapy); Historical single-dose SRS (stereotactic radiosurgery)
NCT06779747,Evaluation of Different Diagnostic Therapeutic Strategies in Patients with Thyroid Pathology,IRCCS Azienda Ospedaliero-Universitaria di Bologna,N/A,RECRUITING,2021-12-30,2041-12-30,5850.0,
NCT00248547,Aprepitant in Preventing Nausea and Vomiting in Patients Who Are Undergoing a Stem Cell Transplant,OHSU Knight Cancer Institute,NA,COMPLETED,2004-05,2009-01,40.0,aprepitant; dexamethasone; ondansetron; placebo
NCT00556049,Combination Sunitinib and Gemcitabine in Sarcomatoid and/or Poor-risk Patients With Metastatic Renal Cell Carcinoma,Massachusetts General Hospital,PHASE2,COMPLETED,2007-12,2014-12,72.0,Gemcitabine; Sunitinib
NCT03687749,Presentation of First Time Attenders at Lymphedema Clinics,Universitaire Ziekenhuizen KU Leuven,N/A,COMPLETED,2017-02-01,2020-12-31,46.0,
NCT04423549,Predictive Value of a mRNA Signature and Liquid Biopsy in Diffuse Large B Cell Lymphoma,Sun Yat-sen University,N/A,UNKNOWN,2020-06,2021-06,800.0,
NCT05628038,The Combination of Hypofractionated Radiotherapy and Immunotherapy in Locally Recurrent Rectal Cancer,Fudan University,PHASE2,RECRUITING,2022-11-30,2025-12-01,93.0,PD-1 antibody; Capecitabine; 5FU; folinic acid; Oxaliplatin; Irinotecan; Raltitrexed; Cetuximab; Bevacizumab; Radiation
NCT03242538,Prehabilitation for Pelvic Cancer: Changes in Setup Variability,"University of Massachusetts, Worcester",NA,COMPLETED,2017-06-23,2019-01-17,9.0,Pelvic Exercise
NCT02066038,Intermittent and Maintenance of Erlotinib in Combination With Pemetrexed/Carboplatin in Ⅲb/IV Non Small Cell Lung Cancer With Epidermal Growth Factor Receptor (EGFR) Mutation,Sun Yat-sen University,PHASE2,UNKNOWN,2014-01,2016-03,60.0,Erlotinib
NCT00943449,4SC-201 (Resminostat) and Sorafenib in Advanced Hepatocellular Carcinoma,4SC AG,PHASE2,COMPLETED,2009-07,2013-09,57.0,4SC-201; Sorafenib
NCT03600649,Clinical Trial of SP-2577 (Seclidemstat) in Patients With Relapsed or Refractory Ewing or Ewing-related Sarcomas,"Salarius Pharmaceuticals, LLC",PHASE1,UNKNOWN,2018-06-04,2025-12,50.0,Seclidemstat; Cyclophosphamide; Topotecan
NCT05787938,Role of MRI in Assessment of the Urinary Bladder Wall Post Transurethral Tumor Resection,Assiut University,N/A,UNKNOWN,2023-04-01,2024-12-01,58.0,MRI
NCT00073138,A Study of ABT-751 in Patients With Colorectal Cancer,Abbott,PHASE2,COMPLETED,2003-08,2005-02,40.0,ABT-751
NCT02250638,Longitudinal Pancreatic Cancer Study,"Fujirebio Diagnostics, Inc.",N/A,COMPLETED,2014-05,2021-06-30,140.0,CA 19-9 Assay
NCT02301858,Identification of Predictive and Prognostic Markers for Lung Cancer With Metastases,Janna Berg,NA,UNKNOWN,2013-12,2025-12,100.0,Genome analysis of tissue samples.
NCT06814548,"Immune Checkpoint Inhibitors (ICIs) Retreatment in Second-line Treatment of Advanced Gastric Cancer: a Retrospective, Real-world Study",Yongxu Jia,N/A,NOT_YET_RECRUITING,2025-02-10,2025-05-31,200.0,ICIs(Immune checkpoint inhibitors)
NCT00417248,Cisplatin/Etoposide/Radiotherapy Followed by Consolidation Sorafenib for Inoperable Stage III Non-Small Cell Lung Cancer,"Nasser Hanna, M.D.",PHASE1,TERMINATED,2007-06,2008-04,8.0,Cisplatin; Etoposide; Radiotherapy; Sorafenib
NCT01759355,Hybrid PET/MR in the Therapy of Cervical Cancer,UNC Lineberger Comprehensive Cancer Center,N/A,COMPLETED,2012-10,2020-05-28,18.0,FDG PET/MR
NCT00400348,Safety and Efficacy Study of Panzem® Nanocrystal Colloidal Dispersion in Patients With Ovarian Cancer,"CASI pharmaceuticals, Inc.",PHASE2,COMPLETED,2006-10,2008-11,18.0,Panzem Nanocrystal Colloidal Dispersion (NCD)
NCT00656955,Follow-Up Study of Kidney Cancer Patients,National Cancer Institute (NCI),N/A,COMPLETED,2008-04-17,2020-06-17,1002.0,
NCT07176455,Temporal Transformation Mechanism and Intervention Strategies of Frail-related Dietary Behaviors in Older Gastric Cancer Survivors,Nanjing Medical University,N/A,ENROLLING_BY_INVITATION,2025-07-01,2026-06-30,438.0,Anti-frailty dietary behavior intervention
NCT03717155,Study of Avelumab and Cetuximab Plus Gemcitabine and Cisplatin in Participants With NSCLC,"Merck KGaA, Darmstadt, Germany",PHASE2,COMPLETED,2018-10-30,2021-05-27,43.0,Avelumab; Cetuximab; Gemcitabine; Cisplatin; Carboplatin
NCT03415126,A Study of ASN007 in Patients With Advanced Solid Tumors,Asana BioSciences,PHASE1,COMPLETED,2018-01-19,2020-06-30,49.0,ASN007: ascending doses; ASN007 RD
NCT06433726,"A Phase l Study of By101921, an Oral PARP7 Inhibitor, in Patients With Advanced Solid Tumors","Chengdu Baiyu Pharmaceutical Co., Ltd.",PHASE1,UNKNOWN,2024-03-11,2025-12-31,60.0,BY101921 tablets
NCT03881826,Investigation of the Gut Microbiota in Patients With Acute Myeloid Leukemia,Université Catholique de Louvain,NA,COMPLETED,2015-12-04,2020-11-10,60.0,collection of clinical data and biological samples
NCT06425926,Safety and Tolerability Study of GIM-531 in Advanced Solid Tumors,Georgiamune Inc,PHASE1,RECRUITING,2024-05-09,2027-11,117.0,GIM-531; Anti-PD-1 monoclonal antibody
NCT03499678,Lung Cancer Screening Using DNA Methylation Changes in Circulated Tumor and PBMC DNA,HKGepitherapeutics,N/A,TERMINATED,2018-07-01,2019-07-19,81.0,
NCT00496678,Trial of Patient Navigation-Activation,University of Rochester,PHASE4,COMPLETED,2007-04,2010-08,900.0,Navigation; Standard of Care
NCT03502785,INO-5401 + INO-9012 in Combination With Atezolizumab in Locally Advanced Unresectable or Metastatic/Recurrent Urothelial Carcinoma,Inovio Pharmaceuticals,PHASE1,COMPLETED,2018-07-24,2025-05-09,35.0,INO-5401; INO-9012; Atezolizumab; CELLECTRA® 2000
NCT07770243,AI-Based Symptom Management for Post-Treatment Breast Cancer Survivors,Hong Kong Metropolitan University,NA,NOT_YET_RECRUITING,2026-08-10,2027-03-31,36.0,AIMS platform
NCT05114915,A Study to Evaluate the Safety and Efficacy of Docetaxel for Injection (Albumin-bound)in Different Dose Regimens in Patients With Advanced Solid Tumors,"CSPC ZhongQi Pharmaceutical Technology Co., Ltd.",PHASE1,UNKNOWN,2022-01-07,2023-10,144.0,Albumin-bound docetaxel
NCT06138015,Effect of Time-restricted Eating on Cognitive Function and Other Biopsychosocial Factors in Menopausal Women Undertaking a 12-week Exercise Programme,Poznan University of Physical Education,NA,COMPLETED,2021-08-01,2023-07-01,80.0,Exercise and Time-Restricted Eating; Exercise only
NCT03439215,PF-06463922 for Crizotinib Pretreated ROS1 Positive Non-small-cell Lung Cancer,Fondazione Ricerca Traslazionale,PHASE2,UNKNOWN,2017-06-13,2022-06,20.0,Lorlatinib
NCT05384015,"Study of Pembrolizumab, Lenvatinib and Chemotherapy Combination in First Line Extensive-stage Small Cell Lung Cancer",Fundación GECP,PHASE2,ACTIVE_NOT_RECRUITING,2022-11-07,2027-12-30,46.0,Lenvatinib; Pembrolizumab; Etoposide; Carboplatin
NCT02704715,Postoperative Pain in Orbital Disease and Ocular Tumor,Sun Yat-sen University,NA,UNKNOWN,2016-02,2018-12,200.0,"general anesthesia,orbital operation"
NCT04752215,A Study Evaluating Different Doses of BI 765049 When Given Alone and When Given With Ezabenlimab to Patients With Advanced Solid Tumors Expressing the Protein B7-H6 on the Cell Surface,Boehringer Ingelheim,PHASE1,COMPLETED,2021-05-18,2024-12-17,67.0,BI 765049; ezabenlimab
NCT00939315,"Multimodal Diagnostic Assessment of Cerebral Gliomas With FET & FCH PET/CT, and Magnetic Resonance Imaging/Spectroscopy",University of Lausanne Hospitals,N/A,COMPLETED,2009-07,2016-01,51.0,
NCT01693835,"""Cancersensor"": Circadian Rhythms","Institut National de la Santé Et de la Recherche Médicale, France",N/A,COMPLETED,2012-08,2014-06,32.0,
NCT05965908,Effect of Liraglutide in Obese Women With Polycystic Ovary Syndrome,Beni-Suef University,PHASE3,COMPLETED,2024-08-01,2025-12-30,183.0,liraglutide; Metformin
NCT04415008,Efficacy of HAD Induction With Intensified Cytarabine in Newly-diagnosed CEBPA Double Mutated Acute Myeloid Leukemia,"Institute of Hematology & Blood Diseases Hospital, China",PHASE2,ACTIVE_NOT_RECRUITING,2020-06-01,2027-06-01,61.0,HAD induction with intermediate dose cytarabine
NCT06089408,Weighted Blanket Use to Reduce Anxiety in Oncology Patients,Ohio State University Comprehensive Cancer Center,NA,RECRUITING,2023-08-01,2027-12-31,114.0,Best Practice; Supportive Care; Survey Administration
NCT06332508,Pulsed Electromagnetic Fields (PEMFs) - A Highly Selective Breast CAncer Treatment pLatform (PASCAL),"National University Hospital, Singapore",PHASE1,COMPLETED,2022-12-30,2025-08-08,14.0,Pulsed electromagnetic fields (PEMFs); Pulsed electromagnetic fields (PEMFs); Device: Pulsed electromagnetic fields (PEMFs); Drug: Anthracycline OR Taxane
NCT04264208,"HDR Brachytherapy 68-Ga-RM2 PET, 68-Ga-PSMA-11 PET &Multi Parametric MRI in Prostate Cancer",Andrei Iagaru,PHASE2,TERMINATED,2020-02-05,2022-12-14,4.0,68-Ga RM2.; 68-Ga PSMA11; PET/MRI
NCT05097625,Head and Neck Early Relapse Detection Study (HERD),"University College, London",N/A,UNKNOWN,2023-07-12,2026-07-15,200.0,
NCT04108676,Effect of Omeprazole on PK of Fluzoparib in Healthy Male Subjects,"Jiangsu HengRui Medicine Co., Ltd.",PHASE1,COMPLETED,2019-09-07,2019-11-18,16.0,Fluzoparib; Omeprazole
NCT03002376,An Exploratory Tumor Biopsy-driven Study to Understand the Relationship Between Biomarkers and Clinical Response in Melanoma Patients Receiving REGN2810 (Anti-PD-1),Regeneron Pharmaceuticals,PHASE1,COMPLETED,2017-04-10,2020-03-19,47.0,REGN2810
NCT04923776,Liver Directed RT + Chemo-immunotherapy for ES-SCLC,"Brian Henick, MD",PHASE2,TERMINATED,2021-09-20,2023-12-23,2.0,Carboplatin; Etoposide; Atezolizumab; Stereotactic Body Radiation Therapy (SBRT)
NCT02040376,Metformin for Brain Repair in Children With Cranial-Spinal Radiation for Medulloblastoma,The Hospital for Sick Children,PHASE3,COMPLETED,2014-06-13,2017-12-15,24.0,Metformin; Placebo
NCT03567044,Immune Effects in Patients Treated With Whole Breast Irradiation,University of Virginia,NA,UNKNOWN,2018-10-01,2020-03,50.0,Blood Draw
NCT03945734,Expressive Helping for Chinese-Speaking Cancer Patients and Survivors,New York University,NA,COMPLETED,2019-05-20,2020-12-30,60.0,Expressive Helping
NCT04616534,"Testing the Addition of an Anti-cancer Drug, Elimusertib (BAY 1895344) ATR Inhibitor, to the Chemotherapy Treatment (Gemcitabine) for Advanced Pancreatic and Ovarian Cancer, and Advanced Solid Tumors",National Cancer Institute (NCI),PHASE1,ACTIVE_NOT_RECRUITING,2021-06-01,2027-05-20,14.0,Biopsy Procedure; Biospecimen Collection; Diagnostic Imaging Testing; Elimusertib; Gemcitabine
NCT01605734,TACE Combinated With Sorafenib in Treating Patients With Unresectable Hepatocellular Carcinoma,Shandong Cancer Hospital and Institute,PHASE2,UNKNOWN,2012-07,2015-12,120.0,TACE; sorafenib combined with TACE
NCT02118064,Phase II Study to Evaluate G17DT in Combination With Irinotecan in Patients With Colorectal Carcinoma,Cancer Advances Inc.,PHASE2,COMPLETED,2001-03,,161.0,G17DT-Irinotecan
NCT00364364,Safety Study to Determine the Appropriate Dose of Antibody Against Tumor Cells to Best Target Patients With Pancreatic Cancer.,Sidney Kimmel Comprehensive Cancer Center at Johns Hopkins,EARLY_PHASE1,TERMINATED,2007-05,2008-08,2.0,Radiolabeled humanized PAM4 IgG
NCT00812864,Pharmacokinetic Study of Capecitabine in Elderly Cancer Patient (≥ 75 Years),"University Hospital, Limoges",PHASE4,COMPLETED,2009-01,2012-11,20.0,Capecitabine
NCT01678664,Everolimus After (Chemo)Embolization for Liver Metastases From Digestive Endocrine Tumors,Federation Francophone de Cancerologie Digestive,PHASE2,COMPLETED,2012-12,2019-04,74.0,Everolimus; embolization; Doxorubicin
NCT03988309,STRATA: Safe Testing of Risk for AsymptomaTic MicrohematuriA,Pacific Edge Limited,NA,COMPLETED,2019-09-11,2024-07-24,554.0,Cxbladder
NCT00636909,Nonmyeloablative Allo SCT for the Treatment of Hematologic Disorders,Beth Israel Deaconess Medical Center,PHASE2,COMPLETED,1999-07,,25.0,Cyclophosphamide; fludarabine; cyclosporine; methotrexate; G-CSF
NCT00602199,ABT-510 in Treating Patients With Metastatic Melanoma,Mayo Clinic,PHASE2,COMPLETED,2004-11,2005-06,42.0,ABT-510; immunoenzyme technique; immunohistochemistry staining method; laboratory biomarker analysis; pharmacological study; biopsy
NCT00003399,Peripheral Stem Cell Transplantation Plus Combination Chemotherapy in Treating Patients With Multiple Myeloma,"University of Maryland, Baltimore",PHASE2,COMPLETED,1998-09,2002-09,,carmustine; cisplatin; cyclophosphamide; dexamethasone; etoposide; melphalan; paclitaxel; in vitro-treated peripheral blood stem cell transplantation
NCT01906632,Gene Expression Profiling of Malignant Tumor Predict the Therapeutic Response of DC-CIK Immunotherapy,Capital Medical University,NA,COMPLETED,2013-05,2023-06-30,50.0,DC-CIK Immunotherapy
NCT00237198,Study of Safety and Efficacy of Letrozole Monotherapy as Second-line Endocrine Therapy in Postmenopausal Patients With Advanced Breast Cancer Who Received Previous Anti-estrogen Treatment,Novartis Pharmaceuticals,PHASE2,COMPLETED,2004-03,,47.0,Letrozole
NCT02159898,EndoMAXX Endoluminal Valve Technology (EVT) Compared to EndoMAXX,"Merit Medical Systems, Inc.",NA,COMPLETED,2015-01,2016-12,60.0,EndoMAXX Endoluminal Valve Technology (EVT); EndoMAXX
NCT05673798,Development and Validation of Nomogram Predicting Survival in Chinese SCLC Patients,The Second Hospital of Shandong University,N/A,COMPLETED,2016-09-01,2022-11-30,569.0,initial chemotherapy response
NCT03598998,Pembrolizumab and Pralatrexate in Treating Patients With Relapsed or Refractory Peripheral T-Cell Lymphomas,City of Hope Medical Center,PHASE1,ACTIVE_NOT_RECRUITING,2019-02-04,2027-02-18,13.0,Pembrolizumab; Pralatrexate
NCT00606398,Combined Resection of Colorectal Metastases,"University Health Network, Toronto",PHASE2,COMPLETED,2007-06,2014-01,56.0,surgical resection for patients with both intra- and extra-hepatic metastases
NCT07528898,Neoadjuvant SHR-A1811 Combined With Pertuzumab in HER2-Positive Breast Cancer: An Exploratory Clinical Study.,Hebei Medical University Fourth Hospital,PHASE2,NOT_YET_RECRUITING,2026-05,2029-07,100.0,SHR-A1811; Pertuzumab; trastuzumab; Chemotherapy
NCT02679963,Trial Evaluating Maintenance Olaparib in Patients With Platinum-sensitive Advanced Non-small Cell Lung Cancer,"Gustave Roussy, Cancer Campus, Grand Paris",PHASE2,TERMINATED,2016-02-05,2022-03-25,180.0,Olaparib; Placebo
NCT04551287,Artificial Intelligence Enables Precision Diagnosis of Cervical Cytology Grades and Cervical Cancer,Sun Yat-Sen Memorial Hospital of Sun Yat-Sen University,N/A,COMPLETED,2019-07-01,2020-12-14,16164.0,
NCT05519293,Phase I/IIa Study of H002 in NSCLC With Active EGFR Mutation,RedCloud Bio,PHASE1,UNKNOWN,2022-12-15,2025-02-28,76.0,H002
NCT01064921,Ph I Vorinostat in the Treatment of Advanced Staged Oropharyngeal Squamous Cell Carcinoma,Ohio State University Comprehensive Cancer Center,PHASE1,COMPLETED,2010-01-19,2017-11-08,27.0,vorinostat; cisplatin; radiation therapy; Correlative Studies
NCT01878214,Promoting Smoking Cessation in Carpenters,Washington University School of Medicine,NA,COMPLETED,2012-04,2014-03,442.0,Targeted messaging; Standard messaging
NCT05189314,RFA of Benign Thyroid Nodules: Clinical Outcomes and Quality of Life Study,Columbia University,N/A,RECRUITING,2019-08-30,2028-08,100.0,Thyroidectomy; Radiofrequency Ablation
NCT01597414,"Elderly Metastatic Breast Cancer: Pertuzumab-Herceptin vs Pertuzumab-Herceptin-Metronomic Chemotherapy, Followed by T-DM1",European Organisation for Research and Treatment of Cancer - EORTC,PHASE2,COMPLETED,2013-06,2022-11,80.0,Pertuzumab + trastuzumab; Pertuzumab + trastuzumab + metronomic chemotherapy
NCT03113214,PET/CT-directed Hyperfractionated Radiation Dose Escalation in Esophageal Cancer,"Shanghai General Hospital, Shanghai Jiao Tong University School of Medicine",NA,COMPLETED,2017-02-02,2019-02-02,27.0,radiochemotherapy 1; radiochemotherapy 2; radiochemotherapy 3; radiochemotherapy 4; radiochemotherapy 5; radiochemotherapy 6
NCT03033316,A Evaluation of the Safety of Oncocort IV Pegylated Liposomal Dexamethasone Phosphate in Patients With Progressive Multiple Myeloma,Enceladus Pharmaceuticals BV,PHASE1,TERMINATED,2017-01,2020-08,7.0,Dexamethasone
NCT04483206,Personalized Autologous Transplant for Multiple Myeloma,Emory University,PHASE1,RECRUITING,2021-05-20,2027-12-31,90.0,Autologous Hematopoietic Stem Cell Transplantation; Melphalan; Questionnaire Administration
NCT07310784,A Phase II Trial of LM103 in Advanced Melanoma,"Suzhou BlueHorse Therapeutics Co., Ltd.",PHASE2,RECRUITING,2025-12-16,2028-12-31,92.0,"LM103 TILs Injection; Dacarbazine, temozolomide, paclitaxel, carboplatin/cisplatin"
NCT00002684,Combination Chemotherapy in Patients With Advanced Urinary Tract Cancer,Memorial Sloan Kettering Cancer Center,PHASE2,COMPLETED,1995-05,2007-10,40.0,cisplatin; ifosfamide; paclitaxel
NCT01985984,Outcome Prediction in Head&Neck Cancer Patients After Radiotherapy,Maastricht Radiation Oncology,N/A,RECRUITING,2012-07,2030-01,1000.0,Radiation alone; Radiation in combination with systemic therapy
NCT06530784,Cryoablation Combined With PD-1 Antibody and Bevacizumab for Hepatocellular Carcinoma,Shanghai Zhongshan Hospital,PHASE2,UNKNOWN,2024-07-31,2026-05-31,36.0,Cryoablation; PD-1 antibody and bevacizumab
NCT04080284,Trial of Maintenance With Niraparib- Uterine Serous Carcinoma,Northwell Health,PHASE2,COMPLETED,2019-12-30,2025-01-01,22.0,Niraparib
NCT06431633,Study of Treatment With Sacituzumab and Zimberelimab for Patients With Lung Cancer Confined to the Chest and Previously Operated on Who Were Not Disease-free.,Fundación GECP,PHASE3,RECRUITING,2025-02-04,2031-11-30,129.0,Zimberelimab; Sacituzumab govitecan; Cisplatin; Carboplatin
NCT01544504,Exploratory Study of Topical Norepinephrine in Breast Cancer Patients Receiving Radiotherapy,"ProCertus BioPharm, Inc",PHASE1,WITHDRAWN,2012-03,2012-05,0.0,Norepinephrine
NCT05069584,TransPERineal Fusion Biopsy Versus transrECTal,GCS Ramsay Santé pour l'Enseignement et la Recherche,NA,COMPLETED,2022-01-17,2023-05-12,270.0,Biopsy
NCT05627752,Docetaxel Alone or in Combination With Enzalutamide for mCRPC Previously Treated With Abiraterone at mHSPC Stage,Zhongnan Hospital,PHASE2,UNKNOWN,2024-06-01,2025-12-31,120.0,Enzalutamide 40 MG; Docetaxel injection
NCT04729647,Immature Granulocyte Count and Delta Neutrophil Index Factors for Axillary Metastasis of Breast Cancer,Kahramanmaras Sutcu Imam University,NA,COMPLETED,2015-02,2020-02,83.0,Mastectomy
NCT01830647,An Observational Study of Avastin (Bevacizumab) in Patients With Metastatic Cancer of the Colon or Rectum,Hoffmann-La Roche,N/A,COMPLETED,2013-04,2016-04,35.0,
NCT03999749,A Phase II Study of the Interleukin-6 Receptor Inhibitor Tocilizumab in Combination With Ipilimumab and Nivolumab in Patients With Unresectable Stage III or Stage IV Melanoma,NYU Langone Health,PHASE2,ACTIVE_NOT_RECRUITING,2019-06-11,2030-04-07,71.0,Ipilimumab; Nivolumab; Tocilizumab
NCT06266338,Study of Pembrolizumab and Lenvatinib in Metastatic and Recurrent Cervix Cancer (LenPem Cervix),University of Texas Southwestern Medical Center,PHASE2,RECRUITING,2024-03-11,2027-10-31,30.0,Pembrolizumab; Lenvatinib
NCT05382338,A Study of Treatment for Medulloblastoma Using Sodium Thiosulfate to Reduce Hearing Loss,Children's Oncology Group,PHASE3,RECRUITING,2023-02-20,2029-12-31,225.0,Audiometric Test; Auditory Brainstem Response; Biospecimen Collection; Cisplatin; Cyclophosphamide; Lomustine; Magnetic Resonance Imaging; Quality-of-Life Assessment; Radiation Therapy; Sodium Thiosulfate; Survey Administration; Vincristine
NCT02639858,Study to Evaluate the Efficacy and Safety of Docetaxel Polymeric Micelle (PM) in Recurrent or Metastatic HNSCC,Samyang Biopharmaceuticals Corporation,PHASE2,UNKNOWN,2015-10,2020-09,31.0,Docetaxel-PM
NCT00106158,Safety Study of NY-ESO-1 Protein Vaccine to Treat Cancer Expressing NY-ESO-1,Ludwig Institute for Cancer Research,PHASE1,COMPLETED,2004-06,2006-12,9.0,protein vaccination
NCT05085548,ProAgio in Previously Treated Advanced Pancreatic Cancer and Other Solid Tumor Malignancies,"ProDa BioTech, LLC",PHASE1,COMPLETED,2021-10-29,2026-04-10,46.0,"ProAgio Dose Levels (DL) 1,2,3; ProAgio Dose Levels (DL) 4,5,6; ProAgio Dose Levels 4a,5a,6a"
NCT01985126,An Efficacy and Safety Study of Daratumumab in Patients With Multiple Myeloma Who Have Received at Least 3 Prior Lines of Therapy (Including a Proteasome Inhibitor [PI] and Immunomodulatory Drug [IMiD]) or Are Double Refractory to a PI and an IMiD,"Janssen Research & Development, LLC",PHASE2,COMPLETED,2013-09-27,2017-05-30,124.0,Daratumumab 16 mg/kg (Part 1); Daratumumab 8 mg/kg (Part 1); Methylprednisolone; Acetaminophen; Diphenhydramine; Daratumumab (Part 2)
NCT06420726,Resistance Exercise and Creatine in Colorectal Cancer,University of South Carolina,NA,COMPLETED,2023-09-01,2025-09-15,27.0,Resistance Exercise
NCT00152178,The Comparative Trial of UFT + TAM With CMF + TAM in Adjuvant Therapy for Breast Cancer (CUBC),"Taiho Pharmaceutical Co., Ltd.",PHASE3,COMPLETED,1996-07,2008-08,680.0,"UFT (uracil, tegafur) and tamoxifen; CMF(cyclophosphamide, methotrexate, fluorouracil) and tamoxifen"
NCT01736215,An Observational Study to Predict the Response of Erythropoietin Treatment in Participants With Cancer Related Anemia Receiving Chemotherapy,"Janssen-Cilag Ltd.,Thailand",N/A,TERMINATED,2010-11,2012-02,33.0,Erythropoietin: Observational study
NCT03330015,Patient's Experience and Choice Between Investigations for Endometrial Cancer in Postmenopausal Bleeding,Chinese University of Hong Kong,N/A,COMPLETED,2016-06-03,2017-09-26,206.0,
NCT03690115,Study of Ponatinib (Iclusig) for Prevention of Relapse After Allogeneic Stem Cell Transplantation (allo-SCT) in FLT3-ITD AML Patients,Versailles Hospital,PHASE2,COMPLETED,2019-12-02,2024-12-31,23.0,Ponatinib 30 MG
NCT02802215,Metformin for Prevention Gestational Diabetes in Pregnant Women With Polycystic Ovarian Syndrome,Ain Shams University,PHASE2,UNKNOWN,2016-01,2016-09,80.0,metformin; placebo (folic acid )
NCT02781935,Diffusion-Weighted MRI for Liver Metastasis,European Organisation for Research and Treatment of Cancer - EORTC,N/A,COMPLETED,2016-11,2023-09-27,233.0,DW-MRI
NCT00199108,Treatment of Acute Lymphoblastic Leukemia or Aggressive Lymphoma With Relapse in Central Nervous System With Depocyt,Goethe University,PHASE2,COMPLETED,2004-04,2008-06,20.0,Depocyt; Dexamethasone
NCT03061708,Trial of Single Agent AZD2014 in RICTOR Amplified GC Patients as Second-line Therapy,Samsung Medical Center,PHASE2,TERMINATED,2017-02-01,2018-11-16,1.0,AZD2014
NCT03640325,The PRISM Intervention for Adolescents and Young Adults Receiving Hematopoietic Cell Transplantation,Seattle Children's Hospital,NA,COMPLETED,2019-04-01,2024-03-31,143.0,PRISM (Promoting Resilience in Stress Management)
NCT01144325,Minimally Invasive Esophagectomy (MIE) in Prone Versus Left Decubitus Position,Fudan University,PHASE2,UNKNOWN,2010-07,2016-12,2.0,thoracoscopic esophagectomy
NCT06730204,Standardized Nutritional Management of Pediatric Patients With Solid Tumors,Children's Hospital of Fudan University,NA,RECRUITING,2023-07-01,2026-12-31,400.0,Standardized nutritional management; Standardized nutritional management + short peptide ONS
NCT02109952,Biomechanics of Metastatic Defects in Bone,Beth Israel Deaconess Medical Center,N/A,UNKNOWN,2009-01,2025-12-31,245.0,
NCT05153447,A Multicomponent Technology Supported Care Delivery for Older Patients With Hematologic Malignancies (The M-Tech Study),Kah Poh Loh,NA,WITHDRAWN,2024-01-01,2025-12-31,0.0,M-Tech; Usual Care
NCT07184047,Frailty Scales for Predicting Chemotherapy Toxicity in Older Adults With Gastrointestinal Cancers,Ankara Etlik City Hospital,N/A,COMPLETED,2024-01-15,2026-02-19,72.0,Adjuvant Chemotherapy (Standard of Care)
NCT04296149,Beta- Probe and Surgery in GEP NET: Evaluation of a New Probe,European Institute of Oncology,PHASE2,COMPLETED,2017-02-16,2019-12-31,5.0,Y90-DOTA-Tyr3-Octreotide
NCT00970138,Apatinib Versus Placebo as a Third Line Treatment in Patients With Advanced or Metastatic Gastric Cancer,Fudan University,PHASE2,COMPLETED,2009-06,2010-12,141.0,apatinib tablet
NCT02238938,Piecemeal Versus En Bloc Resection of Large Rectal Adenomas,Universitätsklinikum Hamburg-Eppendorf,NA,TERMINATED,2014-04,2022-05-30,110.0,en-bloc resection; piecemeal resection
NCT00002838,Combination Chemotherapy Plus Peripheral Stem Cell Transplantation in Treating Patients With Refractory Chronic Lymphocytic Leukemia,M.D. Anderson Cancer Center,PHASE1,COMPLETED,1995-12,2002-07,13.0,Filgrastim (G-CSF); Cyclophosphamide; Fludarabine Phosphate; Peripheral Blood Stem Cell Transplantation
NCT00138138,Psychostimulants for Fatigue in Prostate Cancer,Memorial Sloan Kettering Cancer Center,PHASE2,COMPLETED,2002-10,2006-08,120.0,Ritalin
NCT04620538,Volatile Organic Compounds for the Assessment of Liver Disease,Imperial College London,N/A,COMPLETED,2021-04-01,2026-03-26,56.0,Breath Analysis
NCT05990738,DAREON™-9: A Study to Test How Well Different Doses of BI 764532 Are Tolerated by People With Small Cell Lung Cancer When Taken Together With a Single Agent Chemotherapy,Boehringer Ingelheim,PHASE1,ACTIVE_NOT_RECRUITING,2024-02-14,2027-04-30,69.0,BI 764532; Topotecan; Single agent chemotherapy
NCT05534438,A Study on Adding Precisely Targeted Radiation Therapy (Stereotactic Body Radiation Therapy) to the Usual Treatment Approach (Drug Therapy) in People With Breast Cancer,Memorial Sloan Kettering Cancer Center,PHASE2,RECRUITING,2022-09-06,2026-09-06,46.0,Stereotactic body radiotherapy
NCT04523038,Nordic Cystectomy Study II - Albumin,Turku University Hospital,N/A,UNKNOWN,2020-08-30,2025-08-30,1700.0,S-Albumin
NCT06229158,Assessment of the Quality and Sexual Health Needs of Patients with Advanced-stage Cancer,Hospices Civils de Lyon,N/A,RECRUITING,2024-02-05,2025-04,120.0,Sexual satisfaction questionnaire for patients; Sexual satisfaction questionnaire for patients' life partner
NCT02697058,Phase II of BAX2398/5-FU/Calcium Levofolinate in Pancreatic Cancer,Institut de Recherches Internationales Servier,PHASE2,COMPLETED,2016-03-30,2018-08-28,84.0,BAX2398 + 5-FU/calcium levofolinate; 5-FU/calcium levofolinate
NCT07126158,Stereotactic Body Radiotherapy Plus FAK and RAF/MEK Inhibition in Advanced Pancreatic Adenocarcinoma,Washington University School of Medicine,PHASE2,RECRUITING,2026-04-10,2030-04-30,36.0,Stereotactic body radiotherapy; Defactinib; Avutometinib
NCT03262948,Nab-Paclitaxel Versus Paclitaxel Plus Carboplatin in Advanced Squamous Cell Non Small Cell Lung Cancer,"CSPC ZhongQi Pharmaceutical Technology Co., Ltd.",PHASE3,UNKNOWN,2017-12-01,2020-10-01,388.0,nab-paclitaxel; Paclitaxel; Carboplatin
NCT05220748,"RM-1995 Photoimmunotherapy, as Monotherapy or Combined With Pembrolizumab, in Patients With Advanced CuSCC and HNSCC","Rakuten Medical, Inc.",PHASE1,WITHDRAWN,2022-03-24,2023-01-30,0.0,RM-1995; Pembrolizumab
NCT06262555,Novel Light Delivery Method for Performing Transbronchial Photodynamic Therapy for Peripheral Lung Cancer,Taoyuan General Hospital,NA,UNKNOWN,2024-03,2024-12-31,3.0,Transbronchial PDT peripheral lung tumor ablation
NCT07125755,Comparing Postoperative Adjuvant Cisplatin Concurrent Chemoradiotherapy With Adjuvant Radiotherapy Alone for Intermediate-risk Head and Neck Squamous Cell Carcinoma,Sun Yat-sen University,PHASE3,RECRUITING,2025-08-15,2031-08-15,386.0,Cisplatin
NCT02911155,Cancer and Other Disease Risks in U.S. Nuclear Medicine Technologists,National Cancer Institute (NCI),N/A,COMPLETED,2016-09-21,2020-05-01,229.0,
NCT01396655,PET in Breast Cancer Receiving Neoadjuvant Chemotherapy,Seoul National University Hospital,PHASE2,COMPLETED,2006-07,2011-06,78.0,docetaxel (75 mg/m2) and doxorubicin (50 mg/m2)
NCT00195026,Infrared Imaging (Breast Scan IR) for Early Breast Cancer Detection,Weill Medical College of Cornell University,N/A,COMPLETED,2005-03,,200.0,Infrared Breast Scan
NCT07373626,Physical Activity Trends in Cancer Survivors Treated at the 'MOvement and REhabilitation' Clinic,Azienda USL Reggio Emilia - IRCCS,N/A,RECRUITING,2025-09-01,2027-02-28,50.0,
NCT05718726,Post Splenectomy Infections After Surgery for Peritoneal Malignancies (OPSI),Hampshire Hospitals NHS Foundation Trust,N/A,RECRUITING,2021-03-25,2031-02-01,300.0,"Questionnaire, interview or observation study"
NCT01631526,Vitamin D Loading Dose in Advanced Lung Cancer,Jewish General Hospital,NA,COMPLETED,2012-06,2016-02,80.0,vitamin D
NCT01504126,"Propranolol Hydrochloride and Chemotherapy in Treating Patients With Ovarian, Primary Peritoneal, or Fallopian Tube Cancer",M.D. Anderson Cancer Center,EARLY_PHASE1,COMPLETED,2012-03-09,2019-08-15,32.0,Chemotherapy; Propranolol Hydrochloride; Quality-of-Life Assessment; Therapeutic Conventional Surgery
NCT07761026,AXIS MG Patient Registry,Autoimmune Neurology Alliance,N/A,RECRUITING,2026-03-19,2036-03,1000.0,
NCT04992026,The Efficacy and Safety of Prostatectomy for Castration-Naive Oligometastatic Prostate Cancer,The Affiliated Nanjing Drum Tower Hospital of Nanjing University Medical School,PHASE2,COMPLETED,2021-01-01,2024-12-02,130.0,robot assisted laparoscopic prostatectomy + enlarged pelvic lymph node dissection; 1.Abiraterone Acetate Tablets; Prednisone Acetate Tablets; Luteinizing Hormone-Releasing Hormone Analog
NCT01987726,Comprehensive Gene Sequencing in Guiding Treatment Recommendations Patients With Metastatic or Recurrent Solid Tumors,Ohio State University Comprehensive Cancer Center,N/A,COMPLETED,2013-09-03,2021-06-28,150.0,cytology specimen collection procedure; laboratory biomarker analysis
NCT07126678,"Fixed-Duration Zanubrutinib, Bendamustine, and Obinutuzumab (ZBG) in Treatment-Naïve Advanced Stage Follicular Lymphoma",The First Affiliated Hospital with Nanjing Medical University,NA,RECRUITING,2025-07-15,2028-12-30,15.0,"zanubrutinib, bendamustine, and obinutuzumab"
NCT02969278,Groin Sentinel Node Biopsy and 18FDG-PET/CT in cN0 Vulvar Cancer Patients Candidate to Standard Lymphadenectomy,Catholic University of the Sacred Heart,NA,UNKNOWN,2013-07,2017-07,50.0,18FDG-PET/TC; Sentinel node biopsy
NCT02161978,Vascular Dysfunction and Antiangiogenic Therapy,"University Hospital, Angers",N/A,COMPLETED,2012-02-09,2018-12-12,93.0,
NCT05855278,The Role of PET/MRI in Predicting the Outcome of Definitive Chemoradiotherapy for Esophageal Cancer Patients,Chang Gung Memorial Hospital,NA,COMPLETED,2019-08-13,2022-06-30,22.0,PET/MRI
NCT00956878,Cancer Pain Single Nucleotide Polymorphisms (SNPs),Erasmus Medical Center,N/A,COMPLETED,2008-09,2012-12,243.0,
NCT00039078,Radiolabeled Glass Beads (TheraSphere®) in Treating Patients With Primary Liver Cancer That Cannot Be Removed by Surgery,Allan Tsung,PHASE2,WITHDRAWN,2000-08,2000-08,0.0,yttrium Y 90 glass microspheres
NCT05495685,iDentification and vAlidation Model of Liquid biopsY Based cfDNA Methylation and pRotEin biomArKers for Pancreatic Cancer (DAYBREAK Study),Changhai Hospital,N/A,UNKNOWN,2022-03-24,2024-06-30,450.0,
NCT02273843,A Trial on Different Dosages of Vitamin D in Preterm Infants With Late-onset Sepsis,Mansoura University Children Hospital,PHASE1,COMPLETED,2013-09,2015-08,50.0,High-dose vitamin D 3; Conventional-Dose Vitamin D 3
NCT07216443,Trial of Orca-T Following Reduced Intensity or Nonmyeloablative Conditioning in Patients With Acute Myeloid Leukemia or Myelodysplastic Syndrome,"Orca Biosystems, Inc.",PHASE2,RECRUITING,2025-12-09,2028-12,80.0,Orca-T
NCT02161315,Steroid Aromatase Inhibitors Versus Progestogens for nSAID-resistanced Late Stage Breast Cancer,Tianjin Medical University Cancer Institute and Hospital,N/A,UNKNOWN,2014-04,2016-12,80.0,
NCT02160015,"Lenalidomide, Ibrutinib, and Rituximab in Treating Patients With Relapsed or Refractory Chronic Lymphocytic Leukemia or Small Lymphocytic Lymphoma That Is Metastatic or Cannot Be Removed by Surgery",National Cancer Institute (NCI),PHASE1,ACTIVE_NOT_RECRUITING,2014-05-20,2027-08-19,12.0,Biospecimen Collection; Bone Marrow Biopsy; Computed Tomography; Electrocardiogram; Ibrutinib; Lenalidomide; Magnetic Resonance Imaging; Rituximab
NCT00354835,Combination Chemotherapy and Radiation Therapy in Treating Patients With Newly Diagnosed Rhabdomyosarcoma,Children's Oncology Group,PHASE3,COMPLETED,2006-12-26,2022-12-31,481.0,Cyclophosphamide; Dactinomycin; Irinotecan Hydrochloride; Laboratory Biomarker Analysis; Questionnaire Administration; Radiation Therapy; Vincristine Sulfate
NCT02449135,Nano Drug Interventional Therapy Using Digital Subtraction Angiography（DSA） for Pancreatic Carcinoma,"Fuda Cancer Hospital, Guangzhou",N/A,NO_LONGER_AVAILABLE,,,,interventional therapy
NCT00186108,A Pilot Study Evaluating Oral Triamcinalone in Patients With Androgen Independent Prostate Cancer,Stanford University,PHASE1,COMPLETED,2002-10,2005-09,23.0,Oral Triamcinalone
NCT03581708,Venous Thromboembolism in Advanced Lung Cancer,Guangdong Provincial People's Hospital,N/A,UNKNOWN,2018-07,2022-06,1400.0,lung cancer
NCT04469725,KN046 (a Humanized PD-L1/CTLA4 Bispecific Single Domain Fc Fusion Protein Antibody) in Subjects With Thymic Carcinoma,"Jiangsu Alphamab Biopharmaceuticals Co., Ltd",PHASE2,TERMINATED,2020-12-02,2023-07-07,95.0,KN046
NCT00032825,Ketoconazole Plus Docetaxel to Treat Prostate Cancer,National Cancer Institute (NCI),PHASE1,COMPLETED,2002-03-19,2011-06-13,674.0,Ketaconazole; Docetaxel
NCT03357276,Mix Vaccine for Metastatic Colorectal Cancer,"Fuda Cancer Hospital, Guangzhou",PHASE1,COMPLETED,2017-11-30,2019-08-30,30.0,Mix vaccine
NCT06903325,A Prospective Multicentre Clinical Study of Dynamic Monitoring of Plasma ctDNA Methylation Markers to Predict Recurrence of Colorectal Cancer After Complete Resection of Peritoneal Metastases,Fudan University,N/A,RECRUITING,2023-10-01,2027-10-31,50.0,"As an observational study, we did not intervene"
NCT01140776,Clinical Evaluation of OSNA Breast Cancer System in Breast Cancer Patients Receiving Neoadjuvant Therapy,"Sysmex America, Inc.",N/A,TERMINATED,2010-11,2012-07,100.0,
NCT02701517,Cyclosporine Plus Methotrexate or Alemtuzumab,Grupo Español de Linfomas y Transplante Autólogo de Médula Ósea,PHASE2,TERMINATED,2003-09,2009-11,72.0,Cyclosporine + METHOTREXATE; Cyclosporine + CAMPATH-1H
NCT04065217,The Effectiveness of Diode Laser 980-nm in Iraqi Face Hemangioma: a Randomized Within Patients Trial,Noor Taha Ismaeel,NA,COMPLETED,2018-10-14,2019-08-15,15.0,Diode laser 980-nm
NCT01117740,Pleural Catheters Versus Thoracoscopic Pleurodesis,M.D. Anderson Cancer Center,N/A,COMPLETED,2010-04,2016-04,445.0,MDASI Questionnaire
NCT01090089,Combination of Lenalidomide and Dexamethasone in Treatment of Multiple Myeloma,Gesellschaft fur Medizinische Innovation - Hamatologie und Onkologie mbH,PHASE3,COMPLETED,2010-03-01,2020-01-31,348.0,"Lenalidomide, Dexamethasone; Lenalidomide, Dexamethasone, PBSCT"
NCT04152889,A Study to Evaluate Camrelizumab in Combination With Docetaxel +S-1 as Adjuvant Treatment Therapy in Stage III Gastric Cancer,RenJi Hospital,PHASE2,UNKNOWN,2020-04-14,2022-12,20.0,Camrelizumab; S-1; Docetaxel
NCT00554489,Physical Activity in Older Patients With Acute Myeloid Leukemia Undergoing Chemotherapy,Wake Forest University Health Sciences,NA,COMPLETED,2007-07,2011-04,26.0,exercise intervention
NCT01410968,"A Feasibility and Safety Study of Vaccination With Poly-ICLC and Peptide-pulsed Dendritic Cells in Patients With Metastatic, Locally Advanced, Unresectable, or Recurrent Pancreatic Adenocarcinoma",Carolyn Britten,PHASE1,COMPLETED,2011-08,2015-05,12.0,vacc. w/ Poly-ICLC & peptide-pulsed dendritic cells
NCT00710268,Study to Assess Safety & Tolerability of AZD2281 in Combination With Bevacizumab in Patients With Advanced Solid Tumours,AstraZeneca,PHASE1,COMPLETED,2008-06,2009-11,18.0,AZD2281; Bevacizumab
NCT01358968,A Drug Interaction Study to Assess the Effect of LY2603618 on the Metabolic Pathway of Desipramine,Eli Lilly and Company,PHASE1,COMPLETED,2011-06,2012-12,20.0,LY2603618; Desipramine; Pemetrexed; Gemcitabine
NCT03608540,Endomina as an Aid for Endoscopic Full Thickness Resection,Erasme University Hospital,NA,TERMINATED,2018-07-09,2021-10-25,4.0,Endomina
NCT05933668,Mutant KRAS G12V-specific TCR Transduced T Cell Therapy for Advanced Solid Tumor,Peking University,PHASE1,UNKNOWN,2023-07,2026-07,11.0,YK0901 cells
NCT00001150,"Induction of Suction Blisters in Patients With Urticaria, Blistering Diseases, Inflammatory Dermatoses and Neoplastic Disorders, and in Normal Volunteers",National Cancer Institute (NCI),N/A,COMPLETED,1976-10,2004-03,2000.0,
NCT03456791,Human Epididymis Protein 4 in Endometrial Carcinoma,Ain Shams University,N/A,COMPLETED,2017-12-01,2018-07-30,84.0,Human epididymis protein 4
NCT04500704,"Almonertinib Plus Chemotherapy as First-line Treatment in Patients With EGFR Concomitant Non-EGFR Driver Gene Mutant, Locally Advanced or Metastatic NSCLC","Cancer Institute and Hospital, Chinese Academy of Medical Sciences",PHASE3,UNKNOWN,2020-10,2023-10,166.0,Almonertinib; Almonertinib plus carboplatin and pemetrexed
NCT00269984,A Study to Determine the Safety and Effectiveness of Epoetin Alfa Versus Placebo in Patients With Persistent Anemia Caused by Advanced Cancer,"Johnson & Johnson Pharmaceutical Research & Development, L.L.C.",PHASE2,COMPLETED,,1990-06,56.0,Epoetin alfa
NCT06474533,Fluoroethyltyrosine for the Evaluation of Intracranial Neoplasm,Thomas Hope,N/A,RECRUITING,2024-06-21,2028-08-31,199.0,Fluorethyltyrosine (18-F); Positron Emission Tomography (PET)
NCT06815133,Effectiveness and Safety of Zilucoplan Treatment for French Patients With Myasthenia Gravis Over 3 Months,Centre Hospitalier Universitaire de Nice,N/A,RECRUITING,2025-03-01,2026-03-03,55.0,Zilbrysq
NCT06750952,"Ivonescimab Combined with Chemotherapy As First-line Treatment of Relapsed or Metastatic Thymic Cancer: a Prospective, Single Arm, Phase II Trial",Sun Yat-sen University,PHASE2,NOT_YET_RECRUITING,2024-12-20,2028-12-20,24.0,Ivonescimab Combined With Chemotherapy
NCT04780347,Albumin-bound Paclitaxel Combination With Capecitabine Versus Capecitabine Monotherapy in Paclitaxel/Docetaxel-resistant Advanced Breast Cancer,Fudan University,PHASE2,UNKNOWN,2020-12-15,2023-02-25,92.0,Albumin-bound paclitaxel plus capecitabine; capecitabine
NCT07048249,Single Arm Romiplostim to Prevent CIT,"Children's Hospital Medical Center, Cincinnati",EARLY_PHASE1,RECRUITING,2024-01-26,2028-01-01,26.0,Romiplostim (AMG-531)
NCT00011349,Early Stage Prostate Cancer Cohort,US Department of Veterans Affairs,N/A,COMPLETED,2001-01,2010-01,1116.0,
NCT03477149,EASYX-1 : A Multicenter Study on Safety and Efficacy of Easyx Liquid Embolization Agent Used in Five Separate Indications,Assistance Publique - Hôpitaux de Paris,NA,COMPLETED,2018-03-30,2020-03-11,50.0,Easyx
NCT01572038,A Study of Pertuzumab in Combination With Trastuzumab (Herceptin) and a Taxane in First-Line Treatment in Participants With Human Epidermal Growth Factor 2 (HER2)-Positive Advanced Breast Cancer,Hoffmann-La Roche,PHASE3,COMPLETED,2012-06-01,2019-09-20,1436.0,Docetaxel; Nab-paclitaxel; Paclitaxel; Pertuzumab; Trastuzumab
NCT01111058,Everolimus Versus Placebo in Head and Neck Cancer,University of Chicago,PHASE2,TERMINATED,2010-04,2018-10,52.0,Everolimus (RAD 001); Placebo
NCT07660458,Parental Distress and Treatment Adherence in Pediatric Recurrent Medulloblastoma,West China Hospital,N/A,WITHDRAWN,2025-06-01,2027-07-30,0.0,Not applicable- observational study
NCT01324258,Trial of GSK1120212 and GSK1120212 in Combination With GEM in Japanese Subjects With Solid Tumors,GlaxoSmithKline,PHASE1,COMPLETED,2011-01-24,2013-07-08,19.0,GSK1120212; Gemcitabine
NCT05548348,First-line Furmonertinib in Advanced NSCLC Patients With EGFR Uncommon Mutation,Chongqing University Cancer Hospital,PHASE2,UNKNOWN,2022-09-26,2025-10-31,30.0,"Furmonertinib 160 mg, Q.D."
NCT00982748,Yoga Breathing for Fatigue in Patients Undergoing Chemotherapy,"University of California, San Francisco",NA,COMPLETED,2008-10,2009-12,25.0,Pranayama (Yoga Breathing) Techniques
NCT05162248,Microsatellite Instability in Colorectal Cancers,"Sultan Abdulhamid Han Training and Research Hospital, Istanbul, Turkey",N/A,COMPLETED,2021-04-01,2021-08-01,231.0,Microsatellite instability analysis
NCT07062055,BITS-TO-HCC Study: HAIC+Iparomlimab/Tuvonralimab + Bevacizumab + Surgery/SBRT for BCLC-C HCC With PVTT and/or Oligometastases,Shandong Cancer Hospital and Institute,PHASE2,RECRUITING,2025-07-25,2029-07-25,54.0,Anti-VEGF; Immunotherapy; Local Therapy; hepatic arterial infusion chemotherapy (HAIC); Surgical Resection
NCT07744126,"A Study to Assess Adverse Events, Change in Disease Activity and Optimal Dose of Intravenous (IV) Telisotuzumab Adizutecan With IV Pembrolizumab for First-Line Treatment of Adult Participants With Recurrent or Metastatic Head and Neck Squamous Cell Carcinoma",AbbVie,PHASE2,NOT_YET_RECRUITING,2026-09-30,2029-10,150.0,Telisotuzumab Adizutecan; Pembrolizumab; Carboplatin; Cisplatin; Fluorouracil
NCT00924326,CAR T Cell Receptor Immunotherapy for Patients With B-cell Lymphoma,National Cancer Institute (NCI),PHASE1,COMPLETED,2009-02-17,2021-11-17,43.0,Fludarabine; Cyclophosphamide; Anti-cluster of differentiation 19 (CD19)-CAR PBL; Aldesleukin; Fludarabine; Cyclophosphamide
NCT02380378,Registry of Philadelphia-Negative Myeloproliferative Neoplasms,Hospital Israelita Albert Einstein,N/A,UNKNOWN,2015-03,2025-04,500.0,
NCT07278778,Cancer Care Companion,Washington University School of Medicine,NA,RECRUITING,2026-02-04,2027-08-31,40.0,Cancer Care Companion
NCT06728878,Analysis of Lymph Node Metastasis and Tumor Deposit in the Short Gastric Mesentery Following Total Gastrectomy for Gastric Cancer,Jichao Qin,N/A,RECRUITING,2024-05-01,2027-12-31,150.0,
NCT00616785,Combination Chemotherapy and Radiation Therapy in Treating Patients With Stage III Non-Small Cell Lung Cancer That Cannot Be Removed by Surgery,Yonsei University,PHASE2,UNKNOWN,2007-06,,41.0,cisplatin; etoposide; irinotecan hydrochloride; radiation therapy
NCT03327285,C-CAR011 Treatment in Subjects With ALL After HSCT,Peking University People's Hospital,NA,UNKNOWN,2018-03-01,2021-04-30,40.0,C-CAR011
NCT04076943,Evaluation of Efficacy and Safety of Roxadustat for the Treatment of Chemotherapy Induced Anemia,Kyntra Bio,PHASE2,COMPLETED,2019-08-20,2021-04-23,92.0,Roxadustat
NCT01938443,A Dose Escalation Study to Assess Safety of GSK2256098 (FAK Inhibitor) in Combination With Trametinib (MEK Inhibitor) in Subjects With Advanced Solid Tumors,GlaxoSmithKline,PHASE1,COMPLETED,2013-11-18,2016-06-23,34.0,GSK2256098; Trametinib
NCT00603915,A Study of Gemcitabine and Cisplatin/Carboplatin Plus Erlotinib in Patients With Nasopharyngeal Cancer,"University Health Network, Toronto",PHASE2,COMPLETED,2006-06,2011-04,20.0,Gemcitabine; Carboplatin/Cisplatin; erlotinib
NCT06414915,Surufatinib Combined With Tislelizumab in Advanced Lung Cancer With Neuroendocrine Differentiation,"National Cancer Center, China",PHASE2,NOT_YET_RECRUITING,2024-06-01,2027-06-01,29.0,Surufatinib; Tislelizumab
NCT03857815,Stereotactic Body Radiation Therapy Combined With Anti-PD-1 Antibody in Patients With Hepatocellular Carcinoma,Shanghai Zhongshan Hospital,PHASE2,UNKNOWN,2019-03-25,2022-02-28,30.0,anti-PD-1 antibody
NCT00959335,Relative Bioavailability Study of Bicalutamide 50 mg Tablet and Casodex Following a 50 mg Dose in Healthy Subjects Under Fasting Conditions,Sandoz,PHASE1,COMPLETED,2006-08,2006-08,36.0,"Bicalutamide 50 mg Film-Coated Tablets (Casodex) (Astrazeneca Pharmaceutical LP, USA); Bicalutamide 50 mg Film-Coated Tablets (Sandoz Inc., USA)"
NCT01753908,Broccoli Sprout Extract in Treating Patients With Breast Cancer,Roswell Park Cancer Institute,EARLY_PHASE1,COMPLETED,2013-05-21,2018-08-23,30.0,Broccoli Sprout Extract; Laboratory Biomarker Analysis; Pharmacological Study; Placebo
NCT03406208,Resiliency Training for Adults With Neurofibromatosis Via Live Videoconferencing,Massachusetts General Hospital,NA,COMPLETED,2017-10-01,2022-02-28,228.0,Stress and Symptom Management Program 1; Stress and Symptom Management Program 2
NCT06722508,Exercise and Nutritional Prehabilitation for Head and Neck Cancer Patients,"University of California, Davis",NA,RECRUITING,2024-05-09,2026-12,20.0,exercise and nutritional prehabilitation
NCT01410708,TORI 104 Pre-Surgical Dasatinib,AHS Cancer Control Alberta,PHASE2,WITHDRAWN,,,0.0,Dasatinib
NCT07090317,Iparomlimab and Tuvonralimab in HNSCC,Shanghai Ninth People's Hospital Affiliated to Shanghai Jiao Tong University,PHASE2,RECRUITING,2025-07-29,2028-08-01,30.0,Iparomlimab and Tuvonralimab
NCT06914440,Neoadjuvant SBRT Followed by Nab-Paclitaxel Combined With Toripalimab in HR+/HER2- Breast Cancer,Xijing Hospital,PHASE2,RECRUITING,2025-06-05,2030-12,27.0,Stereotactic Body Radiation Therapy (SBRT); Toripalimab; Neoadjuvant Chemotherapy; Surgery; Adjuvant Chemotherapy; Adjuvant Radiotherapy; Endocrine therapy
NCT01628640,Viral Therapy in Treating Patient With Refractory Liver Cancer or Advanced Solid Tumors,Mayo Clinic,PHASE1,COMPLETED,2012-08-03,2019-04-19,17.0,Laboratory Biomarker Analysis; Pharmacological Study; Recombinant Vesicular Stomatitis Virus-expressing Interferon-beta
NCT04918940,Efficacy of COVID-19 Vaccination in Patientstreated With Anti-CD20 for Follicular Lymphoma or Mantle Cell Lymphoma,Centre Henri Becquerel,NA,COMPLETED,2021-05-21,2022-06-27,20.0,Determination of COVID-19 vacciantion efficacy
NCT06763289,"Comparison of Multi-omics Models for Early Nasopharyngeal Carcinoma Screening: cfDNA Methylation, EBV DNA, and Serological Double-antibodies Detection","First Affiliated Hospital, Sun Yat-Sen University",N/A,ACTIVE_NOT_RECRUITING,2024-12-25,2027-06-30,700.0,
NCT02404389,"Safety, Tolerability, and Efficacy Study of LFX453 in Actinic Keratosis Patients",Novartis Pharmaceuticals,PHASE2,COMPLETED,2015-03-05,2016-01-27,82.0,Investigational Treatment; Active comparator
NCT01641068,Memory and Thinking Skills Workshop to Improve Cognition in Gynecologic and Breast Cancer Survivors With Cognitive Symptoms,University of Washington,NA,COMPLETED,2012-09-12,2018-01-01,20.0,Cognitive Intervention; Educational Intervention; Functional Magnetic Resonance Imaging; Memory Intervention; Quality-of-Life Assessment; Questionnaire Administration
NCT07617168,The Effect of Education Brain Tumors,Istanbul University - Cerrahpasa,NA,RECRUITING,2026-03-25,2027-12-31,72.0,structured training based on the Life Model in Nursing
NCT00072150,Phase II Trial Of PS-341 (Bortezomib) In Patients With Previously Treated Advanced Urothelial Tract Transitional Cell Carcinoma,National Cancer Institute (NCI),PHASE2,COMPLETED,2003-10,,40.0,bortezomib
NCT02094950,Acupuncture Feasibility Trial for Dyspnea in Lung Cancer,Abramson Cancer Center at Penn Medicine,PHASE1,COMPLETED,2014-03,2015-07-15,12.0,Acupuncture
NCT02254889,Pain After Endoscopic Submucosal Dissection,Gangnam Severance Hospital,NA,COMPLETED,2011-04,2014-12,156.0,proton pump inhibitor
NCT04741789,"Managed Access Programs for INC280, Capmatinib",Novartis Pharmaceuticals,N/A,NO_LONGER_AVAILABLE,,,,Capmatinib
NCT01403168,Comparative Evaluation of Osteopathy Treatment Efficacy in Pain Support After Breast Surgery in Oncology,Centre Leon Berard,NA,TERMINATED,2011-04,2015-04,28.0,OSTEOPATHY + conventional analgesic treatments; Conventional analgesic treatments
NCT05524168,SBRT Combined With PD-1 Antibody and Chemotherapy in Oligometastatic Nasopharyngeal Carcinoma,Sun Yat-sen University,PHASE2,ACTIVE_NOT_RECRUITING,2022-11-25,2026-12,41.0,SBRT; Camrelizumab; Gemcitabine; Cisplatin
NCT00489268,"Micro-Layer Ablation of Barrett's Metaplasia- A Two-Phase, Multi-Center Trial - Extension of Follow-up to 5 Years","Covidien, GI Solutions",NA,COMPLETED,2003-11,2009-10,102.0,HALO Ablation System
NCT05385068,A Phase II Trial to Explore Niraparib and Anlotinib Maintenance Retreatment in Platinum-Sensitive Recurrent Ovarian Cancer Patients Previously Treated With PARPi,Peking Union Medical College Hospital,PHASE2,UNKNOWN,2022-06,2024-09,35.0,Niraparib
NCT05879250,WP1066 and Radiation Therapy in Treating Patients With Newly Diagnosed Glioblastoma,Northwestern University,PHASE2,RECRUITING,2024-05-22,2028-12-27,39.0,Biospecimen Collection; Magnetic Resonance Imaging; Radiation Therapy; STAT3 Inhibitor WP1066; Surgical Procedure
NCT00091091,Long-Term Effects of Treatment in Patients Previously Treated for Childhood Hodgkin's Lymphoma,Children's Oncology Group,N/A,COMPLETED,2004-12,,530.0,medical chart review; questionnaire administration; management of therapy complications
NCT06566391,Ipilimumab and Nivolumab Followed by Adjuvant Nivolumab in Locally Advanced or Limited Metastatic Melanoma,European Institute of Oncology,PHASE2,UNKNOWN,2019-03-05,2024-12-31,35.0,Ipilimumab
NCT04616274,Pharmacokinetics of Venetoclax in Patients With Chronic Lymphocytic Leukemia,National Taiwan University Hospital,N/A,UNKNOWN,2020-07-01,2025-12-31,500.0,Venetoclax
NCT03897374,Strategic Targeting for Optimal Prevention of Cancer,ClinLogic LLC,N/A,RECRUITING,2025-03-26,2028-12-31,120000.0,Genetic Testing
NCT03308474,Myeloma Registry Platform (MYRIAM),iOMEDICO AG,N/A,RECRUITING,2017-09-25,2028-12,2200.0,Routine care as per site standard.
NCT07475390,99mTc-1-thio-D-glucose SPECT/CT Versus 18F-Fluoroethyl-l-tyrosine PET/CT in Brain Tumor Imaging,Tomsk National Research Medical Center of the Russian Academy of Sciences,NA,ACTIVE_NOT_RECRUITING,2026-02-15,2028-05-31,40.0,99mTc-1-thio-D-glucose; 18F-FET
NCT01900652,A Study of Emibetuzumab in Non Small Cell Lung Cancer (NSCLC) Participants,Eli Lilly and Company,PHASE2,COMPLETED,2013-08,2016-03,111.0,Emibetuzumab; Erlotinib
NCT04707547,Immune Profile and Prognosis of Malignant Liver Tumors With Radiofrequency Ablation (RFA) Therapy,Taipei Medical University WanFang Hospital,PHASE4,COMPLETED,2019-10-16,2020-07-23,5.0,immunotherapy with Nivolumab; Radiofrequency Ablation
NCT07368049,MR 7700 Multinuclear Application Clinical Study,Philips Clinical & Medical Affairs Global,NA,NOT_YET_RECRUITING,2026-01-05,2026-08-31,100.0,MR Scanning with Phosphorus nucleus + Sodium nucleus
NCT03338049,All in One Study: A Prospective Trial of Electromagnetic Navigation for Biopsy of Pulmonary Nodules,Veran Medical Technologies,NA,COMPLETED,2018-02-14,2019-12-01,150.0,Veran System
NCT06838338,JAB-21822 Combined With Chemotherapy and Bevacizumab in Second-line KRAS G12C CRC,Jian Li,PHASE1,ACTIVE_NOT_RECRUITING,2025-03-20,2026-08,30.0,JAB-21822; standard second-line chemotherapy; Bevacizumab
NCT04706338,Transcranial Magnetic Stimulation in the Rehabilitation of Postoperative Motor Dysfunction.,Beijing Neurosurgical Institute,NA,UNKNOWN,2021-01-15,2022-01-01,30.0,TMS treatment
NCT06030258,IN10018 Combination Therapy in Treatment-naïve ES-SCLC,"InxMed (Shanghai) Co., Ltd.",PHASE1,RECRUITING,2023-10-30,2025-12-24,120.0,IN10018; Tislelizumab; Carboplatin; Etoposide
NCT07408258,"Safety, Pharmacokinetics (PK), and Efficacy of ONC-783 in Advanced Solid Tumors","OncoC4, Inc.",PHASE1,RECRUITING,2026-08-10,2028-08-01,20.0,ONC-783
NCT01533948,Axitinib in Treating Patients With Melanoma That is Metastatic or Cannot Be Removed by Surgery,Roswell Park Cancer Institute,PHASE2,TERMINATED,2012-01,2015-07,25.0,axitinib; laboratory biomarker analysis
NCT01058655,"RAD001 and AV-951 in Patients With Refractory, Metastatic Colorectal Cancer",Dana-Farber Cancer Institute,PHASE1,COMPLETED,2010-02,2015-04,56.0,Everolimus; Tivozanib
NCT02640755,"Absorption, Metabolism, Excretion and Pharmacokinetics of a Single Dose [14C]AZD2014 Followed by a Multiple Dose Phase",AstraZeneca,PHASE1,COMPLETED,2016-01-28,2017-07-06,4.0,[14C]AZD2014; Multiple dose AZD2014; Fulvestrant; Paclitaxel
NCT03404726,"A Study to Investigate BAY2402234, a Dihydroorotate Dehydrogenase (DHODH) Inhibitor, in Myeloid Malignancies",Bayer,PHASE1,TERMINATED,2018-03-29,2021-01-26,40.0,BAY2402234
NCT03551626,Study of Dabrafenib+Trametinib in the Adjuvant Treatment of Stage III BRAF V600+ Melanoma After Complete Resection to Evaluate the Impact on Pyrexia Related Outcomes,Novartis Pharmaceuticals,PHASE3,COMPLETED,2018-08-29,2021-09-16,552.0,Dabrafenib; Trametinib
NCT07822126,Accurate Planning and Guidance of Bronchoscopy for Lung Cancer Management,Penn State University,N/A,NOT_YET_RECRUITING,2026-09-24,2027-05-31,6.0,Virtual Navigation System
NCT00994526,Processed Meat and Colon Carcinogenesis,"Institut National de Recherche pour l'Agriculture, l'Alimentation et l'Environnement",NA,COMPLETED,2009-10,2010-01,18.0,Ham; Ham + calcium; Ham + vitamin E
NCT06002126,Optimization of Cervical Cancer Screening Among Women Living With HIV in Latin American Countries,Weill Medical College of Cornell University,NA,ACTIVE_NOT_RECRUITING,2023-08-02,2027-03-31,1001.0,Xpert HPV; QIAsure Methylation Test
NCT00400478,"A Multicentre, Randomized Phase III Study of Rituximab as Maintenance Treatment Versus Observation in Patients With Aggressive B-cell Lymphoma: NHL-13",Arbeitsgemeinschaft medikamentoese Tumortherapie,PHASE3,COMPLETED,2006-01,2013-03,683.0,Rituximab
NCT04533243,Opioid Titration With 12.5 ug/h Fentanyl Transdermal Patch vs Orally Morphine for Opioid-naïve Patients With Moderate Cancer Pain,Fujian Cancer Hospital,PHASE3,UNKNOWN,2020-09-01,2022-08-31,209.0,2.5ug/h transdermal fentanyl; Oral immediate-released morphine
NCT00968643,"Spinal Cord Compression. ICORG 05-03, V6",Cancer Trials Ireland,PHASE3,COMPLETED,2006-01,,126.0,radiation therapy
NCT06576115,"Gemcitabine, Nab-paclitaxel Plus the TheraBionic P1 (an Amplitude-Modulated Radiofrequency Electromagnetic Fields) Device to Treat Metastatic Pancreatic Cancer",Barbara Ann Karmanos Cancer Institute,PHASE2,RECRUITING,2025-02-28,2027-07,30.0,Nab paclitaxel; Gemcitabine; TheraBionic P1
NCT06721715,Textbook Outcomes After Oesophagectomy in Regional Australia,Launceston General Hospital,N/A,NOT_YET_RECRUITING,2024-12,2024-12,100.0,
NCT01264315,Safety And Efficacy Of Lenalidomide As Maintenance Therapy In Patients With Newly Diagnosed Multiple Myeloma Following A Tandem Autologous-Allogeneic Transplant,Fondazione EMN Italy Onlus,PHASE2,COMPLETED,2008-09,2023-02,53.0,Lenalidomide
NCT02542215,Cobiprostone for the Prevention of Oral Mucositis in Subjects With Head and Neck Cancer Receiving Concurrent Radiation and Chemotherapy,"Sucampo Pharma Americas, LLC",PHASE2,TERMINATED,2015-06,2016-07,47.0,Cobiprostone; Placebo; Standard Care - Chemotherapy; Standard Care - Radiation
NCT04136535,Pemetrexed and Carboplatin With or Without Anlotinib Hydrochloride for Osimertinib-resistant Non-squamous NSCLC,Fudan University,PHASE2,RECRUITING,2021-11-18,2026-12-31,105.0,Pemetrexed; Carboplatin; Anlotinib
NCT03744208,SCT200 Injection in Patients With Head and Neck Squamous Cell Carcinoma,Shi Yuankai,PHASE2,UNKNOWN,2018-12-30,2020-05-28,30.0,Anti-EGFR monoclonal antibody
NCT05955508,A Proof-of-Concept Trial to Study the Safety and Activity of Linvoseltamab in Adult Participants With Smoldering Multiple Myeloma at High Risk of Developing Multiple Myeloma,Regeneron Pharmaceuticals,PHASE2,ACTIVE_NOT_RECRUITING,2024-01-30,2033-01-25,40.0,Linvoseltamab
NCT00006425,Breast Imaging Studies in Women at High Genetic Risk of Breast Cancer: Menstrual Cycle Study,National Cancer Institute (NCI),N/A,COMPLETED,2000-12-19,2008-10-03,20.0,
NCT02851225,Coordinate Regulation of Transfusions by Uploading,"University Hospital, Toulouse",NA,COMPLETED,2019-08-02,2021-05-11,60.0,telemedicine transmission of biological results
NCT02665676,Embryonal Tumors of Infancy & Childhood: South Egypt Cancer Institute Experience,Assiut University,N/A,UNKNOWN,2019-07-01,2024-04,420.0,
NCT06444776,Therapy-Associated Saliva and Taste Change Evaluation (TASTE) in Head & Neck Cancer Patients Undergoing Radiotherapy,"Sonja Stieb, MD",N/A,RECRUITING,2022-12-19,2027-12,150.0,"Repetitive (semi-)objective and subjective taste, smell, and saliva analysis"
NCT06447376,Study of Cytokine Release Syndrome Prophylaxis and Treatment With Siltuximab Prior to Epcoritamab,Taylor Brooks,PHASE1,RECRUITING,2025-01-14,2028-09-01,20.0,Siltuximab; Epcoritamab; Gemcitabine and oxaliplatin
NCT03946917,JS001 Combined With Regorafenib in Patients With Advanced Colorectal Cancer,Sun Yat-sen University,PHASE1,UNKNOWN,2019-03-12,2021-11-20,44.0,JS001; regorafenib tablet
NCT04744935,Optical Coherence Tomography Guided Laser Treatment of Basal Cell Carcinoma,Christopher Zachary,NA,ACTIVE_NOT_RECRUITING,2021-01-13,2027-02-17,40.0,1064 nm long-pulse Nd:YAG laser
NCT01886508,A Multicentre Trial of Nerve-Spring Radical Hysterectomy vs. Radical Hysterectomy for Cervical Cancer,"Nanfang Hospital, Southern Medical University",NA,UNKNOWN,2013-07,2020-12,240.0,Nerve-spring radical hysterectomy; radical hysterectomy
NCT06005025,Examination of the Effect of Counselling and Follow-up After Breast Cancer Awareness Education,Tarsus University,NA,COMPLETED,2023-04-01,2024-03-15,160.0,Reminder message
NCT02696525,Circulating Tumor DNA Detection in Surveillance of Surgical Lung Cancer Patients,Peking University People's Hospital,N/A,UNKNOWN,2018-12,2021-12,145.0,
NCT05428176,A High Intensity Electronic Health Intervention for the Reduction of Learning Disparities in Childhood Cancer Survivors,City of Hope Medical Center,NA,ACTIVE_NOT_RECRUITING,2022-09-10,2027-06-30,332.0,Best Practice; Internet-Based Intervention; Quality-of-Life Assessment; Questionnaire Administration
NCT07168876,Colon Cancer Liquid Biopsy Investigation of Methylation-based Biomarkers Evaluation Using Delta-HLD (CLIMBED),"Epiliquid Holding, Inc",N/A,RECRUITING,2024-04-04,2028-12,3200.0,
NCT02735317,Efficacy and Safety of FORRAD® for the Management of Radiation-induced Mucositis in Patients With Nasopharyngeal Carcinoma Receiving IMRT,Yun-fei Xia,PHASE2,UNKNOWN,2016-04,2017-06,90.0,"Oral Ulcer Gargle (FORRAD®); Quadruple mixture, composed of dexamethasone, gentamicin, vitamin B12, and procaine"
NCT07407517,Adjuvant Intensification for LAR,Fudan University,PHASE3,NOT_YET_RECRUITING,2026-02-01,2033-02-01,904.0,Everolimus 10 mg daily
NCT06494540,NIS to Examine the Effectiveness of TDC in Patients With Metastatic Non-squamous NSCLC and High-risk Genetic Alterations,AstraZeneca,N/A,RECRUITING,2024-06-28,2029-12-31,600.0,
NCT02595840,Biomarker Study Accompanying the AIO-TRK-0114 Study (MARBLE),Universität Duisburg-Essen,PHASE2,TERMINATED,2015-11-25,2017-11-20,4.0,Afatinib; Pemetrexed
NCT01468389,Taxanes or Platinum in Combination With Capecitabine Followed by Capecitabine Alone as First Line Treatment for Patients With Advanced Adenocarcinoma of Stomach or Esophagogastric Junction,The Affiliated Hospital of the Chinese Academy of Military Medical Sciences,PHASE3,UNKNOWN,2011-11,2013-06,300.0,Capecitabine; capecitabine
NCT01004640,Study of Blood and Bone Marrow Samples in Patients With Chronic Myelogenous Leukemia Enrolled on a CALGB Clinical Trial,Alliance for Clinical Trials in Oncology,N/A,UNKNOWN,1998-12-15,,60.0,DNA analysis; Southern blotting; cytogenetic analysis; polymerase chain reaction
NCT06587789,Ribociclib in Combination With Adjuvant Endocrine Therapy for Patients With Early High-risk HR+HER2- Breast Cancer,"Second Affiliated Hospital, Zhejiang University, School of Medicine",N/A,RECRUITING,2024-01-01,2027-01-01,286.0,Ribociclib
NCT06329089,Reoperative Sentinel Lymph Node Biopsy in Patients With Recurrent Ipsilateral Breast Cancer,Hospital Clinic of Barcelona,N/A,UNKNOWN,2024-01-01,2025-12-31,97.0,Reoperative Sentinel Lymph Node Biopsy
NCT02000050,Phase II Study of Up-front Chemotherapy and Neo-adjuvant Short-course Radiotherapy for Resectable Rectal Carcinoma (COLORE),Istituto Romagnolo per lo Studio dei Tumori Dino Amadori IRST S.r.l. IRCCS,PHASE2,COMPLETED,2013-10-11,2019-03-15,52.0,FOLFOX4; Tomotherapy; TME (Total Mesorectal Excision)
NCT00693550,Contact Allergies to Dental Metal as a Possible Risk Factor for Oral Cancer,Mayo Clinic,N/A,COMPLETED,2000-08,2009-01,115.0,metal patch tests
NCT00537368,First Study of the Safety of CNTO 888 in Patients With Solid Tumors,"Centocor, Inc.",PHASE1,COMPLETED,2007-09,2010-03,44.0,CNTO 888
NCT00308750,First Line Chemotherapy Treatment of Advanced Non-Small Cell Lung Cancer (NSCLC),Eli Lilly and Company,PHASE2,COMPLETED,2006-03,2009-07,218.0,enzastaurin; pemetrexed; docetaxel; carboplatin
NCT06786091,Late Side-effects After Cervical Cancer Treatment - Prevention and Treatment,St. Olavs Hospital,NA,COMPLETED,2025-02-04,2026-07-01,25.0,Pelvic floor muscle training rehabilitation
NCT03129074,Study of Varlitinib Plus Capecitabine in Patients With Advanced or Metastatic Biliary Tract Cancer,ASLAN Pharmaceuticals,PHASE2,WITHDRAWN,2018-05,2020-09,0.0,Varlitinib; Capecitabine
NCT02734004,A Phase I/II Study of MEDI4736 in Combination With Olaparib in Patients With Advanced Solid Tumors.,AstraZeneca,PHASE1,ACTIVE_NOT_RECRUITING,2016-03-17,2026-09-17,264.0,Olaparib; MEDI4736; Bevacizumab
NCT01458704,Cancer Genome Analysis,Seoul National University Hospital,N/A,UNKNOWN,2011-08,,100.0,next generation sequencing
NCT03096184,A Study of Apatinib Plus Tegafur Gimeracil Oteracil in Recurrent/Metastatic Head and Neck Cancers,Shanghai Ninth People's Hospital Affiliated to Shanghai Jiao Tong University,PHASE2,UNKNOWN,2016-12-23,2019-05-01,38.0,Apatinib Mesylate Tablets; Tegafur Gimeracil Oteracil Potassium Capsules
NCT00689884,Feasibility and Cost Analysis of PBSC Mobilization Using Pegfilgrastim in Hematologic Malignancies,Dartmouth-Hitchcock Medical Center,NA,TERMINATED,2007-01,2009-01,7.0,Pegfilgrastim
NCT05554133,Precision Optical Guidance for Oral Biopsy,M.D. Anderson Cancer Center,NA,RECRUITING,2023-06-15,2027-03-31,90.0,High Resolution Microendoscope (HRME); Optical Mapping Scope; Proflavine hemisulfate
NCT00693433,Temsirolimus and Dexamethasone in Treating Patients With Recurrent or Refractory Multiple Myeloma,National Cancer Institute (NCI),PHASE1,COMPLETED,2008-12,,15.0,dexamethasone; temsirolimus; laboratory biomarker analysis
NCT05941104,"The Effect of Frailty on Blood Biology Indicators, Quality of Life and Survival of Patients With Radical Prostatectomy",Anhui Provincial Hospital,N/A,UNKNOWN,2023-07-15,2025-12-31,100.0,frailty
NCT02572804,Comparing Rectus Sheath Catheter to Epidural Post Cystectomy,Vancouver Coastal Health,NA,UNKNOWN,2015-09,2017-06,160.0,Epidural; Rectus Sheath Catheters
NCT02944604,The Efficacy and Safety of PEG-rhG-CSF（Pegylated Recombinant Human Granulocyte Colony Stimulating Factor)in Patients With Breast Cancer Who Were Treated With Intensive Chemotherapy,Peking University,PHASE4,COMPLETED,2016-09-08,2017-09-30,240.0,PEG-rhG-CSF
NCT03671252,Prospectively Randomized Control Clinical Trial of FOLFOXIRI Preoperative Chemotherapy Alone on Rectal Cancer in Local Advance Comparing to Oral Capecitabine Combined With Long-term Radiation,Sun Yat-sen University,PHASE3,RECRUITING,2018-11-16,2028-09-25,776.0,FOLFOXIRI; XELOX; Chemoradiotherapy; TME operation; efficacy evaluation
NCT07413952,Limertinib Plus Radiotherapy for EGFR-Mutant NSCLC With Brain Metastases,The First Affiliated Hospital of Guangzhou Medical University,PHASE2,NOT_YET_RECRUITING,2026-04-01,2029-12-31,45.0,Limertinib Plus Radiotherapy
NCT00002552,"Chemotherapy Plus Bone Marrow Transplantation in Treating Patients With Refractory Non-Hodgkin's Lymphoma, Hodgkin's Disease, or Multiple Myeloma",Barbara Ann Karmanos Cancer Institute,PHASE2,COMPLETED,1993-10,2003-10,40.0,filgrastim; sargramostim; carmustine; cyclophosphamide; cytarabine; etoposide; leucovorin calcium; methotrexate; perfosfamide; therapeutic hydrocortisone; allogeneic bone marrow transplantation; autologous bone marrow transplantation; in vitro-treated bone marrow transplantation; peripheral blood stem cell transplantation; syngeneic bone marrow transplantation; radiation therapy
NCT00867347,Radiation Therapy or Surgery in Treating Patients Receiving Chemotherapy for Bladder Cancer,"Institute of Cancer Research, United Kingdom",PHASE3,COMPLETED,2007-07,2017-04,45.0,therapeutic conventional surgery; radiation therapy
NCT07103447,Prospective Multicenter Single-arm Trial: AK112 + Nab-paclitaxel/Carboplatin Neoadjuvant for TNBC,Shuangyue Liu,PHASE2,NOT_YET_RECRUITING,2025-09-10,2028-12-31,54.0,"AK112, Carboplatin, Paxlitaxel"
NCT01265147,Intensity-modulated Radiation Therapy Combined With Cisplatin or Nedaplatin Chemotherapy in Nasopharyngeal Carcinoma,Daping Hospital and the Research Institute of Surgery of the Third Military Medical University,PHASE2,UNKNOWN,2011-01,2017-12,20.0,Cisplatin; Nedaplatin
NCT01776138,Study of Outcomes After Surgery/Treatment to Treat Bladder Cancer,UNC Lineberger Comprehensive Cancer Center,N/A,COMPLETED,2012-07-23,2021-09-02,103.0,Collect Blood and Survey Instruments
NCT07628738,A Prospective Clinical Study on Reduced-intensity Radiotherapy for Stage I/II Low-risk Nasal-type NK/T-cell Lymphoma Achieving Complete Remission After Chemotherapy,Ruijin Hospital,PHASE2,RECRUITING,2026-07-01,2034-05-01,39.0,reduced-intensity radiotherapy
NCT06981858,A Single-Arm Exploratory Study of Enlansibumab Sequentially Combined With Concurrent Chemoradiotherapy for Locally Advanced Cervical Cancer,Chongqing University Cancer Hospital,PHASE2,NOT_YET_RECRUITING,2025-05-15,2029-02-01,34.0,Enlonstobart Injection
NCT03706248,Paired Analysis of Sensitivity for Colorectal Cancer Using COLVERA : PASCAL,Clinical Genomics Pathology,N/A,COMPLETED,2018-07-28,2019-07-15,65.0,Blood Draw
NCT06221748,DV Combined With Cadonilimab in Subjects With HER2-expressing Gastric Cancer and Gastroesophageal Junction Adenocarcinoma After Progression on First-line Therapy,"RemeGen Co., Ltd.",PHASE2,RECRUITING,2024-02-22,2027-12,90.0,Disitamab Vedotin Injection; Cadonilimab Injection; Paclitaxel Injection
NCT04919226,Lutetium 177Lu-Edotreotide Versus Best Standard of Care in Well-differentiated Aggressive Grade-2 and Grade-3 GastroEnteroPancreatic NeuroEndocrine Tumors (GEP-NETs) - COMPOSE,ITM Solucin GmbH,PHASE3,ACTIVE_NOT_RECRUITING,2021-12-21,2027-09,259.0,177Lu-Edotreotide (Peptide Receptor Radionuclide Therapy) PRRT; CAPTEM (Capecitabine and Temozolomide); Amino-Acid Solution; Everolimus; FOLFOX (Folinic acid + Fluorouracil + Oxaliplatin)
NCT03727126,Robotic Versus Thoracolaparoscopic Esophagectomy for Esophageal Cancer,GEM Hospital & Research Center,NA,UNKNOWN,2018-11-01,2021-01-01,40.0,Robotic esophagectomy; Thoracolaparoscopic esophagectomy
NCT04322578,Crizotinb or Standard Chemotherapy in Met Exon 14 Skipping Advanced NSCLC,Hunan Province Tumor Hospital,PHASE2,UNKNOWN,2020-03-24,2026-03-24,120.0,Crizotinib; Pemetrexed
NCT06718543,Neoadjuvant Short-Course Radiotherapy With or Without Chemotherapy and AK112 in Locally Advanced Rectal Cancer,fan li,PHASE2,RECRUITING,2025-02-10,2027-10-31,100.0,AK112 with SCRT and CapeOX; AK112 with SCRT
NCT05961215,Scalp Cooling to Prevent Hair Loss in Patients Undergoing Stem Cell Transplantation for Multiple Myeloma,Cedars-Sinai Medical Center,NA,COMPLETED,2023-08-10,2025-02-03,31.0,Penguin Cold Cap
NCT07708415,The Correlation of Postoperative Polyp Recurrence and Colorectal Cancer,Gansu Provincial Hospital,N/A,NOT_YET_RECRUITING,2026-07-01,2026-12-31,3000.0,Endoscopic polypectomy
NCT03782415,Study to Evaluate Ibudilast and TMZ Combo Treatment in Newly Diagnosed and Recurrent Glioblastoma,MediciNova,PHASE1,COMPLETED,2018-12-29,2023-08-07,64.0,MN-166; Temozolomide
NCT05062135,Progesterone Action on Endometrium of PCOS,University of Sao Paulo General Hospital,NA,COMPLETED,2014-02-10,2019-04-21,36.0,Progesterone 400 Mg Vaginal Suppository on PCOS
NCT04955808,"Biospecimen Collection in Identifying Genetic Changes in Patients With Breast, Prostate, Colorectal, Liver, or Kidney Cancer or Multiple Myeloma Undergoing Surgery",National Cancer Institute (NCI),N/A,SUSPENDED,2017-02-07,2026-12-31,2400.0,Biospecimen Collection; Laboratory Biomarker Analysis
NCT03840408,Mitochondria-targeted System Therapy Combined With Radiofrequency Ablation for Early-stage Non-small Cell Lung Cancer,Shanghai 10th People's Hospital,NA,UNKNOWN,2019-01-31,2024-01-31,1753.0,Mitochondria-targeted System Therapy Combined With Radiofrequency Ablation; Surgery
NCT06326008,"Safety, Tolerability, and Pharmacokinetics of Donor-derived CD19 CAR Therapy Bridged Allo-HSCT and Sequential Donor-derived CD22 CAR Therapy for r/r B-ALL: a Clinical Trial",Beijing GoBroad Hospital,PHASE1,RECRUITING,2026-03-15,2026-12-30,48.0,Donor-derived CD19 CAR Therapy Bridged Allo-HSCT and Sequential Donor-derived CD22 CAR Therapy
NCT02630108,TACE Combined With Synchronous Radiofrequency /Microwave Ablation to Treat Large and Huge Hepatocellular Carcinoma,Shanghai Zhongshan Hospital,PHASE3,UNKNOWN,2015-12,2018-04,280.0,Thermal Ablation; EADM; Ultra-fluid lipiodol; Gelatin sponge articles
NCT05062525,Immune Response to COVID-19 Vaccine in Immunotherapy (IO) and Non-IO Treated Cancer Patients,"University Health Network, Toronto",N/A,COMPLETED,2021-09-28,2021-09-28,53.0,
NCT07223125,A Study of JNJ-89862175 for Treatment of Advanced Solid Tumors,"Janssen Research & Development, LLC",PHASE1,RECRUITING,2025-10-10,2028-08-15,360.0,JNJ-89862175
NCT02947425,TARGeted Intraoperative radioTherapy (TARGIT) Registry Database,"University College, London",N/A,UNKNOWN,2013-07,2022-07,2000.0,
NCT00354276,VNP40101M Followed by Cytarabine in Treating Older Patients With Acute Myeloid Leukemia,Vion Pharmaceuticals,PHASE2,UNKNOWN,2006-05,,85.0,cytarabine; laromustine
NCT05057676,Autoimmune Intervention Mastery Course Study,Terry L. Wahls,NA,ACTIVE_NOT_RECRUITING,2021-12-01,2027-12-01,400.0,Immediate Autoimmune Intervention Mastery Course (AIM); Immediate Question and Answer sessions. (AIM Q and A sessions); Delayed Autoimmune Intervention Mastery Course (delayed AIM course); Delayed AIM Question and Answer sessions
NCT07689240,Testing the Investigational Medication Pembrolizumab After Kidney Removal for Patients With Non-Clear Cell Renal Cell Carcinoma,National Cancer Institute (NCI),PHASE3,NOT_YET_RECRUITING,2027-02-10,2032-01-01,400.0,Biospecimen Collection; Bone Scan; Computed Tomography; Echocardiography Test; Magnetic Resonance Imaging; Patient Observation; Pembrolizumab; Positron Emission Tomography
NCT03937440,The Effect of Deep Neuromuscular Block on the Perioperative Stress Response Reduction and Postoperative Recovery Enhancement in Robot-assisted Stomach Cancer Surgery,Yonsei University,NA,COMPLETED,2019-07-03,2019-12-15,46.0,Deep neuromuscular block with 'rocunium®'; Moderate neuromuscular block with 'rocunium®'
NCT00358540,Dose Finding Study Of Oral Eltrombopag In Patients With Sarcoma Receiving Adriamycin And Ifosfamide,GlaxoSmithKline,PHASE1,COMPLETED,2006-06-01,2010-10-22,18.0,eltrombopag
NCT02000089,The Cancer of the Pancreas Screening-5 CAPS5)Study,Johns Hopkins University,PHASE3,RECRUITING,2014-01-06,2029-06,9000.0,Secretin; MRI; Tumor marker gene test with CA19-9
NCT06327568,Anal Cancer and/or Precancer Screening: Performance Analysis of the BD Onclarity™ HPV Assay on Anal Specimens,European Institute of Oncology,N/A,RECRUITING,2022-06-17,2029-06-17,200.0,
NCT03051750,Comparison of Techniques for Breast Cancer-Related Lymphedema.,Violeta Pajero Otero,NA,COMPLETED,2016-02-01,2016-12-21,43.0,Complex Physical Therapy plus Pressotherapy; Kinesio Taping
NCT03971591,Men Moving Forward: A Lifestyle Program for African-American Prostate Cancer Survivors,Medical College of Wisconsin,NA,COMPLETED,2019-06-01,2026-05-30,125.0,Immediate Guided Lifestyle Program Intervention
NCT00902291,A Study of AGS-1C4D4 Given in Combination With Gemcitabine in Subjects With Metastatic Pancreatic Cancer,Astellas Pharma Inc,PHASE2,COMPLETED,2009-04,2012-04,205.0,AGS-1C4D4; Gemcitabine
NCT06783491,Efficacy of the Use of Neoadjuvant With/Without Hyperthermic Intraperitoneal Chemotherapy in the Treatment of Locally Advanced Colon Cancer,Maimónides Biomedical Research Institute of Córdoba,PHASE3,RECRUITING,2026-05-26,2030-12-31,1083.0,"Mitomycin (MM); FOLFOX (5-fluorouracil, Leucovorin, Oxaliplatin); Cytoreductive surgery"
NCT01717391,[F-18] Fluorothymidine PET/CT Imaging for Pelvic Cancers,John M. Buatti,PHASE2,COMPLETED,2012-10-01,2017-04-30,36.0,fluorothymidine F 18
NCT06480591,Evaluation of the Pathobiology of CALR-mutated MPN Cells,Wake Forest University Health Sciences,N/A,RECRUITING,2025-01-21,2027-09,35.0,Blood Draw
NCT07213791,A Study of LY4337713 in Participants With FAP-Positive Solid Tumors,Eli Lilly and Company,PHASE1,RECRUITING,2025-10-22,2033-03,241.0,LY4337713
NCT01097018,Perifosine Plus Capecitabine Versus Placebo Plus Capecitabine in Patients With Refractory Advanced Colorectal Cancer,AEterna Zentaris,PHASE3,COMPLETED,2010-04,2012-04,468.0,Capecitabine; Perifosine; Placebo
NCT04860154,Photodynamic Therapy for Cholangiocarcinoma,Hepatopancreatobiliary Surgery Institute of Gansu Province,NA,COMPLETED,2021-04-17,2024-11-19,86.0,Hematoporphyrin
NCT00003754,Thalidomide and Cyclophosphamide in Treating Children With Recurrent or Refractory Childhood Cancers,Memorial Sloan Kettering Cancer Center,PHASE2,COMPLETED,1998-09,2001-07,,cyclophosphamide; thalidomide
NCT04551105,Evaluation of TaiHao Breast Ultrasound Diagnosis Software,TaiHao Medical Inc.,NA,COMPLETED,2020-08-15,2020-11-01,16.0,Reader Group X - Session 1; Reader Group Y - Session 1; Reader Group X - Session 2; Reader Group Y - Session 2
NCT06173505,Study of Vudalimab or Pembrolizumab in Combination With Chemotherapy as First-line Treatment in Patients With Advanced NSCLC,"Xencor, Inc.",PHASE1,TERMINATED,2023-12-27,2025-12-29,28.0,Vudalimab + Carboplatin + Pemetrexed; Pembrolizumab + Carboplatin + Pemetrexed
NCT00083005,"Docetaxel, Estramustine, and Thalidomide in Treating Patients With Androgen-Independent Metastatic Adenocarcinoma of the Prostate",National Institutes of Health Clinical Center (CC),PHASE2,COMPLETED,2004-03,2007-12,60.0,docetaxel; estramustine phosphate sodium; thalidomide
NCT05715905,Analyzing Clinical Trial Experiences of Colon Cancer Patients,Power Life Sciences Inc.,N/A,UNKNOWN,2024-02,2026-02,500.0,
NCT00322205,Bio-behavioral Lung Cancer Prevention Program,National Institutes of Health (NIH),PHASE4,COMPLETED,1999-06,2002-03,555.0,zyban
NCT00003605,Rituximab Plus Cyclophosphamide in Treating Patients With Indolent Stage III or Stage IV Non-Hodgkin's Lymphoma,Hoag Memorial Hospital Presbyterian,PHASE2,WITHDRAWN,1998-05,2000-01,0.0,rituximab; cyclophosphamide
NCT05801705,"Comparative Evaluation of Efficacy and Safety of Toremifene, Tamoxifen, and Aromatase Inhibitor Plus Ovarian Function Suppression in Hormone Receptor-Positive Early Breast Cancer Among Non-Low-Risk Premenopausal Women: A Real-World Study",Sun Yat-Sen Memorial Hospital of Sun Yat-Sen University,N/A,UNKNOWN,2023-06-01,2023-12-30,700.0,"Aromatase inhibitor; ovarian function suppression (Oophorectomy, Ovarian irradiation, Gonadotropin-releasing hormone agonist); Tamoxifen; toremifene"
NCT00323505,"A Phase II Trial Comparing the Quality of Life, Tolerability and Toxicity of PEG Intron With INTRON® A in Patients With Multiple Myeloma",Royal Marsden NHS Foundation Trust,PHASE2,COMPLETED,2001-03,2004-12,,Pegylated Interferon; Interferon-alpha2a
NCT00485966,Study Evaluating Effects of CX-3543 in Patients With Relapsed or Refractory B-Cell Chronic Lymphocytic Leukemia,Cylene Pharmaceuticals,PHASE2,WITHDRAWN,2007-06,2008-06,25.0,CX-3543
NCT02662166,MRI in Clinical Staging and Estimation of Treatment Response in Bladder Cancer,Turku University Hospital,NA,COMPLETED,2014-07,2020-05-01,50.0,MR imaging
NCT00405366,"Sorafenib in Treating Patients Undergoing Surgery for Stage II, Stage III, or Stage IV Kidney Cancer",UNC Lineberger Comprehensive Cancer Center,EARLY_PHASE1,COMPLETED,2006-11,2015-07,30.0,sorafenib tosylate
NCT00003466,Temozolomide in Treating Patients With Progressive Low-Grade Glioma,Duke University,PHASE2,COMPLETED,1998-03,2005-07,100.0,temozolomide
NCT07169656,Observation Study on Reducing the Risk of Liver Cancer Associated With Hepatitis B (Zhiyuan) Project.,The First Affiliated Hospital of Zhengzhou University,N/A,RECRUITING,2024-06-03,2032-12-31,15000.0,"ETV,TDF,TAF,TMF; Peginterferon α-2b injection"
NCT03207256,Extension Trial of Ublituximab and TGR-1202 in Combination or as Single Agents in Subjects Currently Receiving Treatment on Ublituximab and/or TGR-1202 Trials,"TG Therapeutics, Inc.",PHASE2,TERMINATED,2017-08-09,2022-06-24,51.0,TGR-1202; TGR-1202 + Ublituximab
NCT05206656,Safety and Efficacy of Eribullin or Eribulin Combined With Anlotinib in Metastatic Breast Cancer,Hunan Cancer Hospital,PHASE2,COMPLETED,2020-10-09,2022-07-20,80.0,Eribulin Mesylate; Anlotinib
NCT01309256,Multi-institutional Study on the Assessment of Robotic Surgery for Gastric Cancer,Yonsei University,N/A,COMPLETED,2011-03,2013-02,1650.0,
NCT01376856,Characteristics of Mediastinal Lymph Node With False Positive FDG PET/CT Results in Lung Cancer Staging : Relation With TB and Latent TB Infection,Yonsei University,N/A,TERMINATED,2011-06,2011-11,33.0,
NCT06272656,Evaluation of AKR1B10 as a New Marker for Interventional Therapy of Hepatocellular Carcinoma,Hebei Medical University Third Hospital,N/A,UNKNOWN,2024-04-01,2025-06-30,200.0,
NCT04260256,A Study Using [18F]F AraG PET to Evaluate Response to Checkpoint Inhibitor Therapy(CkIT) in Patients With Solid Tumors,"CellSight Technologies, Inc.",PHASE2,TERMINATED,2022-03-01,2026-03-01,9.0,[18F]F-AraG
NCT00002522,Combination Chemotherapy Followed by Bone Marrow or Peripheral Stem Cell Transplantation in Treating Patients With Relapsed or Refractory Hodgkin's Lymphoma,Temple University,PHASE2,COMPLETED,1993-02,2002-02,,cisplatin; cyclophosphamide; etoposide; autologous bone marrow transplantation; bone marrow ablation with stem cell support; peripheral blood stem cell transplantation; syngeneic bone marrow transplantation; radiation therapy
NCT05462951,Clinical Trial of Molecular Biomarkers in Women With Uterine Cervix Cancer,Denise Fabian,N/A,COMPLETED,2023-01-03,2025-06-09,19.0,Standard
NCT03528629,A Study of IMAB362 in Japanese Subjects With Locally Advanced or Metastatic Gastric or Gastro-esophageal Junction (GEJ) Adenocarcinoma,Astellas Pharma Inc,NA,COMPLETED,2018-06-08,2020-06-09,18.0,Zolbetuximab
NCT03102229,Real-time Activity Monitoring to Prevent Admissions During RadioTherapy,Montefiore Medical Center,NA,COMPLETED,2016-07,2017-09,40.0,Enhanced Supportive Care - Status Checks; Enhanced Supportive Care - Referrals
NCT04855929,A Study Evaluating Safety and Therapeutic Activity of ANV419 in Patients with Advanced Cancer.,Anaveon AG,PHASE1,COMPLETED,2021-05-25,2024-07-18,55.0,ANV419; Ipilimumab
NCT03386929,Survival Prolongation by Rationale Innovative Genomics,Worldwide Innovative Network Association,PHASE1,TERMINATED,2017-11-29,2022-12-29,15.0,Avelumab; Axitinib; Palbociclib
NCT07609329,Preoperative Immunonutrition in Patients With Bone and Soft Tissue Sarcomas,"St. Anne's University Hospital Brno, Czech Republic",NA,RECRUITING,2026-04-01,2028-12-31,100.0,Forticare Advanced oral nutritional supplement
NCT05009329,A Study of JAB-21822 in Adult Patients With Advanced Solid Tumors Harboring KRAS p.G12C Mutation in China,"Allist Pharmaceuticals, Inc.",PHASE1,ACTIVE_NOT_RECRUITING,2021-07-26,2026-12,315.0,JAB-21822; JAB-21822; JAB-21822
NCT05087251,The Transitions Project: Efficacy Trial,Massachusetts General Hospital,NA,ACTIVE_NOT_RECRUITING,2021-09-30,2026-06-30,100.0,Five Psycho-educational Session(s); One Psycho-educational Session(s)
NCT05888129,Clinical Outcomes of Surgery After Neoadjuvant Chemotherapy in Locally Advanced Pancreatic Cancer,Asan Medical Center,N/A,COMPLETED,2017-01-01,2022-12-31,1.0,surgery after neoadjuvant chemotherapy
NCT05934331,A LM-302 Combination With Other Anti-Tumor Therapies Phase ll Study,"LaNova Medicines Zhejiang Co., Ltd.",PHASE2,RECRUITING,2023-07-27,2028-07-01,276.0,"LM-302; Toripalimab; Capecitabine; Tegafur, Gimeracil and Oteracil Potassium Capsules; Nivolumab; Apatinib; Gemcitabine"
NCT02365831,Observation of Medical Treatments in MBC HER2-negative Patients,Consorzio Oncotech,N/A,UNKNOWN,2015-05,2017-12,1500.0,Observation of treatment management
NCT04586231,A Study of Belzutifan (MK-6482) in Combination With Lenvatinib Versus Cabozantinib for Treatment of Renal Cell Carcinoma (MK-6482-011),Merck Sharp & Dohme LLC,PHASE3,ACTIVE_NOT_RECRUITING,2021-02-25,2027-02-11,747.0,Belzutifan; Lenvatinib; Cabozantinib
NCT03992131,A Study to Evaluate Rucaparib in Combination With Other Anticancer Agents in Participants With a Solid Tumor (SEASTAR),pharmaand GmbH,PHASE1,TERMINATED,2019-06-28,2022-04-22,25.0,Rucaparib; Lucitanib; Sacituzumab govitecan
NCT00003631,Chemotherapy Plus Radiation Therapy in Treating Patients With Refractory or Relapsed Hodgkin's Lymphoma,Memorial Sloan Kettering Cancer Center,PHASE2,COMPLETED,1998-08,,118.0,filgrastim; carboplatin; carmustine; cyclophosphamide; cytarabine; etoposide; ifosfamide; melphalan; bone marrow ablation with stem cell support; peripheral blood stem cell transplantation; radiation therapy
NCT03579602,Study of Tozuleristide and the Canvas Imaging System in Pediatric Subjects With CNS Tumors Undergoing Surgery,Blaze Bioscience Inc.,PHASE2,COMPLETED,2018-11-26,2022-06-13,118.0,tozuleristide; Canvas System
NCT03523702,The Selective Personalized Radio-Immunotherapy for Locally Advanced NSCLC Trial,Montefiore Medical Center,PHASE2,COMPLETED,2018-08-30,2022-11-18,25.0,PembroRT
NCT07642102,Evaluation of the Role of Early Second Look TURBT in Management of High Risk Non Muscle Invasive Bladder Cancer,Ain Shams University,N/A,COMPLETED,2025-05-02,2025-12-22,70.0,early second look transurethral resection of bladder tumor
NCT05324553,Patient Derived Preclinical Models,Mayo Clinic,N/A,RECRUITING,2022-04-06,2028-03-31,50.0,Tissue Collection; Blood Collection; Buccal Swab
NCT00268853,A Trial in Patients With Diffuse Large-B-cell Lymphoma Comparing Pixantrone Against Doxorubicin,CTI BioPharma,PHASE2,COMPLETED,2005-11,2012-05,124.0,CPOP-R; CHOP-R
NCT00002553,Chemotherapy Plus Radiation Therapy and Biological Therapy in Treating Patients With Hematologic Cancer,Fred Hutchinson Cancer Center,PHASE2,COMPLETED,1990-08,2003-06,50.0,cyclophosphamide; allogeneic bone marrow transplantation; low-LET cobalt-60 gamma ray therapy
NCT01511653,Validation of Colon Biomarkers for the Early Detection of Colorectal Adenocarcinoma,University of Michigan,N/A,COMPLETED,2011-10,2019-04,13000.0,
NCT06841653,A.I and Machine Learning Based Risk Prediction Model to Improve the Clinical Management of Endometrial Cancer.,Regina Elena Cancer Institute,N/A,RECRUITING,2024-06-20,2026-06-20,40.0,
NCT02307253,EUS GUIDED Transduodenal Biopsy Using the 19G Flex,Catholic University of the Sacred Heart,NA,COMPLETED,2013-06,2015-10,246.0,"Expect™19Flex needle (Boston Scientific Corp.,Natick,MA,USA)"
NCT04824937,Telaglenastat + Talazoparib In Prostate Cancer,Massachusetts General Hospital,PHASE2,UNKNOWN,2021-07,2021-12-31,30.0,Telaglenastat; Talazoparib
NCT06480045,Usage Of Artificial Intelligence-Integrated Usg In Application of Pectoral Block In Mastectomies,Baskent University,NA,COMPLETED,2021-11-05,2023-05-05,70.0,Performed PECS II block with AI integrated USG; Performed PECS II block with conventional USG
NCT06560645,"A Study of PRT7732, an Oral SMARCA2 Degrader, in Patients With Advanced or Metastatic Solid Tumors With a SMARCA4 Mutation",Prelude Therapeutics Incorporated,PHASE1,TERMINATED,2024-11-04,2026-01-28,42.0,PRT7732
NCT05049837,PROSPECT - Profiling of Resistance Patterns & Oncogenic Signaling Pathways in Evaluation of Cancers of the Thorax and Therapeutic Target Identification,M.D. Anderson Cancer Center,N/A,RECRUITING,2007-04-25,2025-12-31,7200.0,Group Specific Aim 1; Group Specific Aim 2; Group Specific Aim 3; Group Specific Aim 4; Group Specific Aim 5; Group Specific Aim 6
NCT07390045,Exercise and Cognitive Rehabilitation Interventions for Older Cancer Survivors,University of Rochester,NA,RECRUITING,2026-05-11,2028-03-31,40.0,EXCAP; MAAT; ECO
NCT03116945,Novel Gallium Imaging in Hepatocellular Carcinoma,"Rutgers, The State University of New Jersey",PHASE2,UNKNOWN,2016-06,2020-12,18.0,68Gallium Citrate
NCT07720245,Effectiveness of a Self-health Assessment Mobile Application in Young-to-midlife Adults in Hong Kong,The University of Hong Kong,NA,RECRUITING,2024-06-01,2027-03-31,574.0,Wellnuts app intervention; Web-based health resources
NCT00292045,Immunization With NY-ESO-1 Protein Combined With CpG 7909 in Patients With Prostate Cancer,Ludwig Institute for Cancer Research,PHASE1,COMPLETED,2004-10-27,2006-01-09,15.0,NY-ESO-1 protein/CpG 7909
NCT04666272,Effectiveness and Safety of Dabrafenib in Combination With Trametinib as Adjuvant Treatment for Chinese Patients With Stage III BRAF V600 Mutation-positive Melanoma After Complete Resection,Novartis Pharmaceuticals,N/A,ACTIVE_NOT_RECRUITING,2020-12-31,2028-02-04,78.0,dabrafenib; trametinib
NCT04696939,Combined Atezolizumab and Chemotherapy (Carboplatin Plus Etoposide) in Neoadjuvant Treating Limited-Stage Small Cell Lung Cancer Patients,"Shanghai Pulmonary Hospital, Shanghai, China",PHASE2,UNKNOWN,2021-01,2023-10,100.0,Atezolizumab; Carboplatin; Etoposide
NCT05894239,A Study to Evaluate the Efficacy and Safety of Inavolisib in Combination With Phesgo Versus Placebo in Combination With Phesgo in Participants With PIK3CA-Mutated HER2-Positive Locally Advanced or Metastatic Breast Cancer,Hoffmann-La Roche,PHASE3,RECRUITING,2023-09-08,2032-12-28,230.0,Inavolisib; Phesgo; Placebo; Taxane-based Chemotherapy; Optional Endocrine Therapy of Investigator's Choice
NCT06848439,Benmelstobart-Anlotinib-Chemo for Neoadjuvant Oral Cancer,Jiangsu Cancer Institute & Hospital,PHASE2,NOT_YET_RECRUITING,2025-06-15,2028-12-31,26.0,benmelstobart-Anlotinib-Chemo
NCT05801939,Cevostamab Following CAR T Cell Therapy for RRMM,University of Pennsylvania,PHASE2,ACTIVE_NOT_RECRUITING,2023-07-11,2028-05,30.0,Cevostamab
NCT01991977,18F-DOPA-PET in Finding Tumors in Patients With Newly Diagnosed Gliomas Undergoing Radiation Therapy,Mayo Clinic,PHASE2,COMPLETED,2013-12,2024-07-15,91.0,Diffusion Weighted Imaging; Fluorine F 18 Fluorodopa; Intensity-Modulated Radiation Therapy; Perfusion Magnetic Resonance Imaging; Positron Emission Tomography; Quality-of-Life Assessment; Temozolomide
NCT05275777,"A Phase Ib Safety lead-in, Followed by Phase II Trial of ADG106 in Combination With Neoadjuvant Chemotherapy in HER2 Negative Breast Cancer","National University Hospital, Singapore",PHASE1,ACTIVE_NOT_RECRUITING,2022-05-19,2030-02,66.0,ADG106; Doxorubicin; Cyclophosphamide; Paclitaxel
NCT05044975,Improving Sleep in Gynecologic Cancer Survivors,University of Arizona,NA,COMPLETED,2021-10-11,2025-08-07,78.0,Sleep restriction; Stimulus control; Systematic light exposure
NCT03824977,Prognostic Value of the 6-minute Stepper Test in Non-small Cell Lung Cancer Surgery,"University Hospital, Rouen",N/A,COMPLETED,2018-11-21,2020-02-04,122.0,Six minutes stepper test (6MST); Sit to stand test (STST)
NCT01904175,Registry Study of T Cell Depleted Allo Non-Myeloablative Stem Cell Transplant,Duke University,N/A,COMPLETED,2013-08,2016-04,48.0,
NCT01631357,Study of Chemotherapy Combination With Autologous Cytokine-Induced Killer Cell Immunotherapy to Treat Lung Cancer,Tianjin Medical University Cancer Institute and Hospital,PHASE2,COMPLETED,2014-12,2018-12,96.0,CIK cell; Gemcitabine Injection; Cisplatin injection
NCT03863301,MRI-guided Single Dose Preoperative Radiotherapy in Low-risk Breast Cancer,UMC Utrecht,PHASE2,WITHDRAWN,2019-03-04,2031-11,0.0,MR-guided single dose preoperative PBI
NCT03422601,Prognostic Value of the Immunoscore® Colon Test for Disease Free Survival Stratification in Stage III Patients Under Oxaliplatin Treatment,GERCOR - Multidisciplinary Oncology Cooperative Group,N/A,UNKNOWN,2017-07-13,2019-07-15,1122.0,Immunoscore test
NCT07788001,A Non-inferiority Study of Indocyanine Green-guided Sentinel Lymph Node Mapping Versus Conventional Lymph Node Dissection in Esophageal Cancer,Fujian Medical University Union Hospital,PHASE3,NOT_YET_RECRUITING,2026-10-01,2031-10-01,200.0,ICG-guided sentinel lymph node dissection; ICG-guided systematic lymph node dissection
NCT06515301,Key Interventions to Improve the Follow-up Adherence Post Cervical Precancerous Lesion Treatment in Ethiopia,Addis Ababa University,NA,RECRUITING,2024-11-20,2025-12-30,466.0,Intervention 1: Structured nurse-led telephone call reminders. Intervention 2: Home-visit reminders by health extension workers. Intervention 3: Application-based automated SMS text reminders.
NCT05321212,"Efficacy and Safety of PEMbrolizumab PD-L1-positive (>50% of Tumor Cells), Advanced NSCL Cancer(PEMBREIZH)","University Hospital, Brest",N/A,COMPLETED,2019-01-02,2019-03-02,108.0,
NCT06800612,Evaluating Efficacy and Tolerability of Anticancer Drug Therapies for the Treatment of Gynecologic and Breast Cancers,IRCCS Azienda Ospedaliero-Universitaria di Bologna,N/A,RECRUITING,2024-03-22,2030-12-31,100.0,Oncologic drugs administered for treatment of breast cancer; Oncologic drug administered for treatment of gynecologic cancer
NCT02315612,Anti-CD22 Chimeric Receptor T Cells in Pediatric and Young Adults With Recurrent or Refractory CD22-expressing B Cell Malignancies,National Cancer Institute (NCI),PHASE1,COMPLETED,2014-12-12,2024-10-29,134.0,CD22-CAR
NCT06020612,Interobserver Variability Desmoplasia,Maastricht University Medical Center,N/A,COMPLETED,2023-07-01,2024-06-01,50.0,Assessment by dermatopathologists
